problem,instance,algorithm,config_label,evaluations,mean_cost,std_cost
tsp,berlin52,MMAS,"rho=0.05, ants=10, beta=2",0,14192.133333333333,552.2319399994494
tsp,berlin52,MMAS,"rho=0.05, ants=10, beta=2",120,12349.328514056226,475.47355118365476
tsp,berlin52,MMAS,"rho=0.05, ants=10, beta=2",241,11628.396787148593,519.7205685051043
tsp,berlin52,MMAS,"rho=0.05, ants=10, beta=2",361,11042.624096385542,504.0150097532928
tsp,berlin52,MMAS,"rho=0.05, ants=10, beta=2",482,10378.179919678714,488.69384000571165
tsp,berlin52,MMAS,"rho=0.05, ants=10, beta=2",602,9814.390361445783,284.9555732572063
tsp,berlin52,MMAS,"rho=0.05, ants=10, beta=2",723,9613.24578313253,220.65337836666563
tsp,berlin52,MMAS,"rho=0.05, ants=10, beta=2",843,9275.06746987952,207.04179820532238
tsp,berlin52,MMAS,"rho=0.05, ants=10, beta=2",964,8993.093172690764,331.5633012577289
tsp,berlin52,MMAS,"rho=0.05, ants=10, beta=2",1084,8827.630522088353,307.0457365141935
tsp,berlin52,MMAS,"rho=0.05, ants=10, beta=2",1205,8668.266666666666,334.30195266488585
tsp,berlin52,MMAS,"rho=0.05, ants=10, beta=2",1325,8532.804016064258,304.2689781116574
tsp,berlin52,MMAS,"rho=0.05, ants=10, beta=2",1446,8469.878714859438,273.9539497502542
tsp,berlin52,MMAS,"rho=0.05, ants=10, beta=2",1566,8389.964658634539,257.06201300531797
tsp,berlin52,MMAS,"rho=0.05, ants=10, beta=2",1687,8343.300401606426,229.8717555906386
tsp,berlin52,MMAS,"rho=0.05, ants=10, beta=2",1807,8260.866666666667,224.48871290606624
tsp,berlin52,MMAS,"rho=0.05, ants=10, beta=2",1928,8228.484337349399,228.27257147602288
tsp,berlin52,MMAS,"rho=0.05, ants=10, beta=2",2048,8173.533333333334,210.42175637408684
tsp,berlin52,MMAS,"rho=0.05, ants=10, beta=2",2169,8136.025702811245,205.62933668006164
tsp,berlin52,MMAS,"rho=0.05, ants=10, beta=2",2289,8083.991164658636,197.38751574768452
tsp,berlin52,MMAS,"rho=0.05, ants=10, beta=2",2410,8043.133333333333,149.36169373556112
tsp,berlin52,MMAS,"rho=0.05, ants=10, beta=2",2530,8027.878714859437,157.50488332274574
tsp,berlin52,MMAS,"rho=0.05, ants=10, beta=2",2651,8015.4,153.26308535760765
tsp,berlin52,MMAS,"rho=0.05, ants=10, beta=2",2771,8000.0,140.76836765883638
tsp,berlin52,MMAS,"rho=0.05, ants=10, beta=2",2892,7989.266666666666,124.53940028048241
tsp,berlin52,MMAS,"rho=0.05, ants=10, beta=2",3012,7984.333333333333,134.10675681046882
tsp,berlin52,MMAS,"rho=0.05, ants=10, beta=2",3133,7973.533333333334,135.46998027443408
tsp,berlin52,MMAS,"rho=0.05, ants=10, beta=2",3253,7968.333333333333,131.00313821516727
tsp,berlin52,MMAS,"rho=0.05, ants=10, beta=2",3373,7966.533333333334,129.18352148096218
tsp,berlin52,MMAS,"rho=0.05, ants=10, beta=2",3494,7954.933333333333,123.18358476499843
tsp,berlin52,MMAS,"rho=0.05, ants=10, beta=2",3614,7951.6,121.84405333594798
tsp,berlin52,MMAS,"rho=0.05, ants=10, beta=2",3735,7950.21686746988,120.93573506325615
tsp,berlin52,MMAS,"rho=0.05, ants=10, beta=2",3855,7940.583935742971,119.7919181759083
tsp,berlin52,MMAS,"rho=0.05, ants=10, beta=2",3976,7935.2,118.24167342072478
tsp,berlin52,MMAS,"rho=0.05, ants=10, beta=2",4096,7922.2,124.29438174484531
tsp,berlin52,MMAS,"rho=0.05, ants=10, beta=2",4217,7917.333333333333,116.34641760230045
tsp,berlin52,MMAS,"rho=0.05, ants=10, beta=2",4337,7916.733333333334,115.4899514628389
tsp,berlin52,MMAS,"rho=0.05, ants=10, beta=2",4458,7915.2,112.98625285110278
tsp,berlin52,MMAS,"rho=0.05, ants=10, beta=2",4578,7914.866666666667,112.47332523264744
tsp,berlin52,MMAS,"rho=0.05, ants=10, beta=2",4699,7909.6,115.32782260437706
tsp,berlin52,MMAS,"rho=0.05, ants=10, beta=2",4819,7901.367871485943,113.0490698873009
tsp,berlin52,MMAS,"rho=0.05, ants=10, beta=2",4940,7896.6,106.66258325517279
tsp,berlin52,MMAS,"rho=0.05, ants=10, beta=2",5060,7896.6,106.66258325517279
tsp,berlin52,MMAS,"rho=0.05, ants=10, beta=2",5181,7896.6,106.66258325517279
tsp,berlin52,MMAS,"rho=0.05, ants=10, beta=2",5301,7890.866666666667,106.54067559179242
tsp,berlin52,MMAS,"rho=0.05, ants=10, beta=2",5422,7887.666666666667,103.34709585770769
tsp,berlin52,MMAS,"rho=0.05, ants=10, beta=2",5542,7884.733333333334,102.8121047780313
tsp,berlin52,MMAS,"rho=0.05, ants=10, beta=2",5663,7884.29156626506,102.25987738059735
tsp,berlin52,MMAS,"rho=0.05, ants=10, beta=2",5783,7882.419277108434,100.88417183181669
tsp,berlin52,MMAS,"rho=0.05, ants=10, beta=2",5904,7877.4,94.84077885241841
tsp,berlin52,MMAS,"rho=0.05, ants=10, beta=2",6024,7877.4,94.84077885241841
tsp,berlin52,MMAS,"rho=0.05, ants=10, beta=2",6145,7876.466666666666,95.16432571551636
tsp,berlin52,MMAS,"rho=0.05, ants=10, beta=2",6265,7876.133333333333,94.84434031026251
tsp,berlin52,MMAS,"rho=0.05, ants=10, beta=2",6386,7876.133333333333,94.84434031026251
tsp,berlin52,MMAS,"rho=0.05, ants=10, beta=2",6506,7876.012851405623,94.89510962264103
tsp,berlin52,MMAS,"rho=0.05, ants=10, beta=2",6627,7874.6,95.82817957156443
tsp,berlin52,MMAS,"rho=0.05, ants=10, beta=2",6747,7873.4,96.84957408269796
tsp,berlin52,MMAS,"rho=0.05, ants=10, beta=2",6867,7873.4,96.84957408269796
tsp,berlin52,MMAS,"rho=0.05, ants=10, beta=2",6988,7873.4,96.84957408269796
tsp,berlin52,MMAS,"rho=0.05, ants=10, beta=2",7108,7873.4,96.84957408269796
tsp,berlin52,MMAS,"rho=0.05, ants=10, beta=2",7229,7871.733333333334,94.42843262963169
tsp,berlin52,MMAS,"rho=0.05, ants=10, beta=2",7349,7868.133333333333,96.12621332856553
tsp,berlin52,MMAS,"rho=0.05, ants=10, beta=2",7470,7864.266666666666,91.85602260542794
tsp,berlin52,MMAS,"rho=0.05, ants=10, beta=2",7590,7861.168674698795,92.00927676695017
tsp,berlin52,MMAS,"rho=0.05, ants=10, beta=2",7711,7859.866666666667,91.6157676870575
tsp,berlin52,MMAS,"rho=0.05, ants=10, beta=2",7831,7859.533333333334,91.64923470614593
tsp,berlin52,MMAS,"rho=0.05, ants=10, beta=2",7952,7859.133333333333,91.03469424101755
tsp,berlin52,MMAS,"rho=0.05, ants=10, beta=2",8072,7859.133333333333,91.03469424101755
tsp,berlin52,MMAS,"rho=0.05, ants=10, beta=2",8193,7859.066666666667,91.0907727977367
tsp,berlin52,MMAS,"rho=0.05, ants=10, beta=2",8313,7859.066666666667,91.0907727977367
tsp,berlin52,MMAS,"rho=0.05, ants=10, beta=2",8434,7859.066666666667,91.0907727977367
tsp,berlin52,MMAS,"rho=0.05, ants=10, beta=2",8554,7857.533333333334,92.55691342207896
tsp,berlin52,MMAS,"rho=0.05, ants=10, beta=2",8675,7857.533333333334,92.55691342207896
tsp,berlin52,MMAS,"rho=0.05, ants=10, beta=2",8795,7857.533333333334,92.55691342207896
tsp,berlin52,MMAS,"rho=0.05, ants=10, beta=2",8916,7857.533333333334,92.55691342207896
tsp,berlin52,MMAS,"rho=0.05, ants=10, beta=2",9036,7856.933333333333,92.45140465251039
tsp,berlin52,MMAS,"rho=0.05, ants=10, beta=2",9157,7853.866666666667,87.03169282253194
tsp,berlin52,MMAS,"rho=0.05, ants=10, beta=2",9277,7853.4,86.74775693545817
tsp,berlin52,MMAS,"rho=0.05, ants=10, beta=2",9398,7837.266666666666,94.6075871986785
tsp,berlin52,MMAS,"rho=0.05, ants=10, beta=2",9518,7837.266666666666,94.6075871986785
tsp,berlin52,MMAS,"rho=0.05, ants=10, beta=2",9639,7830.266666666666,96.40709978465739
tsp,berlin52,MMAS,"rho=0.05, ants=10, beta=2",9759,7830.266666666666,96.40709978465739
tsp,berlin52,MMAS,"rho=0.05, ants=10, beta=2",9880,7830.266666666666,96.40709978465739
tsp,berlin52,MMAS,"rho=0.05, ants=10, beta=2",10000,7830.133333333333,96.42950217069922
tsp,berlin52,MMAS,"rho=0.05, ants=10, beta=2",10120,7830.133333333333,96.42950217069922
tsp,berlin52,MMAS,"rho=0.05, ants=10, beta=2",10241,7829.0,98.39647690169942
tsp,berlin52,MMAS,"rho=0.05, ants=10, beta=2",10361,7826.8,102.60812183578192
tsp,berlin52,MMAS,"rho=0.05, ants=10, beta=2",10482,7826.8,102.60812183578192
tsp,berlin52,MMAS,"rho=0.05, ants=10, beta=2",10602,7825.266666666666,102.97408519730692
tsp,berlin52,MMAS,"rho=0.05, ants=10, beta=2",10723,7825.266666666666,102.97408519730692
tsp,berlin52,MMAS,"rho=0.05, ants=10, beta=2",10843,7822.933333333333,104.13674770330704
tsp,berlin52,MMAS,"rho=0.05, ants=10, beta=2",10964,7822.6,104.36142326868999
tsp,berlin52,MMAS,"rho=0.05, ants=10, beta=2",11084,7822.6,104.36142326868999
tsp,berlin52,MMAS,"rho=0.05, ants=10, beta=2",11205,7822.6,104.36142326868999
tsp,berlin52,MMAS,"rho=0.05, ants=10, beta=2",11325,7822.6,104.36142326868999
tsp,berlin52,MMAS,"rho=0.05, ants=10, beta=2",11446,7822.6,104.36142326868999
tsp,berlin52,MMAS,"rho=0.05, ants=10, beta=2",11566,7822.6,104.36142326868999
tsp,berlin52,MMAS,"rho=0.05, ants=10, beta=2",11687,7822.6,104.36142326868999
tsp,berlin52,MMAS,"rho=0.05, ants=10, beta=2",11807,7819.0,111.9761879448781
tsp,berlin52,MMAS,"rho=0.05, ants=10, beta=2",11928,7812.4,106.6963292089595
tsp,berlin52,MMAS,"rho=0.05, ants=10, beta=2",12048,7811.733333333334,107.25761304241091
tsp,berlin52,MMAS,"rho=0.05, ants=10, beta=2",12169,7811.733333333334,107.25761304241091
tsp,berlin52,MMAS,"rho=0.05, ants=10, beta=2",12289,7811.733333333334,107.25761304241091
tsp,berlin52,MMAS,"rho=0.05, ants=10, beta=2",12410,7811.733333333334,107.25761304241091
tsp,berlin52,MMAS,"rho=0.05, ants=10, beta=2",12530,7811.733333333334,107.25761304241091
tsp,berlin52,MMAS,"rho=0.05, ants=10, beta=2",12651,7807.733333333334,111.7410498528729
tsp,berlin52,MMAS,"rho=0.05, ants=10, beta=2",12771,7797.333333333333,112.76977530447698
tsp,berlin52,MMAS,"rho=0.05, ants=10, beta=2",12892,7797.333333333333,112.76977530447698
tsp,berlin52,MMAS,"rho=0.05, ants=10, beta=2",13012,7797.333333333333,112.76977530447698
tsp,berlin52,MMAS,"rho=0.05, ants=10, beta=2",13133,7797.333333333333,112.76977530447698
tsp,berlin52,MMAS,"rho=0.05, ants=10, beta=2",13253,7797.333333333333,112.76977530447698
tsp,berlin52,MMAS,"rho=0.05, ants=10, beta=2",13373,7797.333333333333,112.76977530447698
tsp,berlin52,MMAS,"rho=0.05, ants=10, beta=2",13494,7797.333333333333,112.76977530447698
tsp,berlin52,MMAS,"rho=0.05, ants=10, beta=2",13614,7797.333333333333,112.76977530447698
tsp,berlin52,MMAS,"rho=0.05, ants=10, beta=2",13735,7797.333333333333,112.76977530447698
tsp,berlin52,MMAS,"rho=0.05, ants=10, beta=2",13855,7797.333333333333,112.76977530447698
tsp,berlin52,MMAS,"rho=0.05, ants=10, beta=2",13976,7794.066666666667,113.69870516217657
tsp,berlin52,MMAS,"rho=0.05, ants=10, beta=2",14096,7794.066666666667,113.69870516217657
tsp,berlin52,MMAS,"rho=0.05, ants=10, beta=2",14217,7794.066666666667,113.69870516217657
tsp,berlin52,MMAS,"rho=0.05, ants=10, beta=2",14337,7794.066666666667,113.69870516217657
tsp,berlin52,MMAS,"rho=0.05, ants=10, beta=2",14458,7794.066666666667,113.69870516217657
tsp,berlin52,MMAS,"rho=0.05, ants=10, beta=2",14578,7791.133333333333,113.19709458383737
tsp,berlin52,MMAS,"rho=0.05, ants=10, beta=2",14699,7791.133333333333,113.19709458383737
tsp,berlin52,MMAS,"rho=0.05, ants=10, beta=2",14819,7789.866666666667,113.30893855100555
tsp,berlin52,MMAS,"rho=0.05, ants=10, beta=2",14940,7786.333333333333,114.66046494856988
tsp,berlin52,MMAS,"rho=0.05, ants=10, beta=2",15060,7781.733333333334,119.46517856216047
tsp,berlin52,MMAS,"rho=0.05, ants=10, beta=2",15181,7781.733333333334,119.46517856216047
tsp,berlin52,MMAS,"rho=0.05, ants=10, beta=2",15301,7781.733333333334,119.46517856216047
tsp,berlin52,MMAS,"rho=0.05, ants=10, beta=2",15422,7780.266666666666,120.60152938038925
tsp,berlin52,MMAS,"rho=0.05, ants=10, beta=2",15542,7776.333333333333,126.15052736931207
tsp,berlin52,MMAS,"rho=0.05, ants=10, beta=2",15663,7772.466666666666,129.96710694975437
tsp,berlin52,MMAS,"rho=0.05, ants=10, beta=2",15783,7769.066666666667,129.58110287469472
tsp,berlin52,MMAS,"rho=0.05, ants=10, beta=2",15904,7767.533333333334,132.09838084633066
tsp,berlin52,MMAS,"rho=0.05, ants=10, beta=2",16024,7767.533333333334,132.09838084633066
tsp,berlin52,MMAS,"rho=0.05, ants=10, beta=2",16145,7754.733333333334,136.58914874745926
tsp,berlin52,MMAS,"rho=0.05, ants=10, beta=2",16265,7754.733333333334,136.58914874745926
tsp,berlin52,MMAS,"rho=0.05, ants=10, beta=2",16386,7754.733333333334,136.58914874745926
tsp,berlin52,MMAS,"rho=0.05, ants=10, beta=2",16506,7754.733333333334,136.58914874745926
tsp,berlin52,MMAS,"rho=0.05, ants=10, beta=2",16627,7754.733333333334,136.58914874745926
tsp,berlin52,MMAS,"rho=0.05, ants=10, beta=2",16747,7754.733333333334,136.58914874745926
tsp,berlin52,MMAS,"rho=0.05, ants=10, beta=2",16867,7753.333333333333,136.63560622652096
tsp,berlin52,MMAS,"rho=0.05, ants=10, beta=2",16988,7753.333333333333,136.63560622652096
tsp,berlin52,MMAS,"rho=0.05, ants=10, beta=2",17108,7753.277108433735,136.64166614431608
tsp,berlin52,MMAS,"rho=0.05, ants=10, beta=2",17229,7753.266666666666,136.64282718907063
tsp,berlin52,MMAS,"rho=0.05, ants=10, beta=2",17349,7753.266666666666,136.64282718907063
tsp,berlin52,MMAS,"rho=0.05, ants=10, beta=2",17470,7753.266666666666,136.64282718907063
tsp,berlin52,MMAS,"rho=0.05, ants=10, beta=2",17590,7753.266666666666,136.64282718907063
tsp,berlin52,MMAS,"rho=0.05, ants=10, beta=2",17711,7753.266666666666,136.64282718907063
tsp,berlin52,MMAS,"rho=0.05, ants=10, beta=2",17831,7753.266666666666,136.64282718907063
tsp,berlin52,MMAS,"rho=0.05, ants=10, beta=2",17952,7751.733333333334,136.93427458293837
tsp,berlin52,MMAS,"rho=0.05, ants=10, beta=2",18072,7751.733333333334,136.93427458293837
tsp,berlin52,MMAS,"rho=0.05, ants=10, beta=2",18193,7751.733333333334,136.93427458293837
tsp,berlin52,MMAS,"rho=0.05, ants=10, beta=2",18313,7751.733333333334,136.93427458293837
tsp,berlin52,MMAS,"rho=0.05, ants=10, beta=2",18434,7751.733333333334,136.93427458293837
tsp,berlin52,MMAS,"rho=0.05, ants=10, beta=2",18554,7751.733333333334,136.93427458293837
tsp,berlin52,MMAS,"rho=0.05, ants=10, beta=2",18675,7751.733333333334,136.93427458293837
tsp,berlin52,MMAS,"rho=0.05, ants=10, beta=2",18795,7751.733333333334,136.93427458293837
tsp,berlin52,MMAS,"rho=0.05, ants=10, beta=2",18916,7751.733333333334,136.93427458293837
tsp,berlin52,MMAS,"rho=0.05, ants=10, beta=2",19036,7751.733333333334,136.93427458293837
tsp,berlin52,MMAS,"rho=0.05, ants=10, beta=2",19157,7751.733333333334,136.93427458293837
tsp,berlin52,MMAS,"rho=0.05, ants=10, beta=2",19277,7751.733333333334,136.93427458293837
tsp,berlin52,MMAS,"rho=0.05, ants=10, beta=2",19398,7751.733333333334,136.93427458293837
tsp,berlin52,MMAS,"rho=0.05, ants=10, beta=2",19518,7751.733333333334,136.93427458293837
tsp,berlin52,MMAS,"rho=0.05, ants=10, beta=2",19639,7751.733333333334,136.93427458293837
tsp,berlin52,MMAS,"rho=0.05, ants=10, beta=2",19759,7751.733333333334,136.93427458293837
tsp,berlin52,MMAS,"rho=0.05, ants=10, beta=2",19880,7751.733333333334,136.93427458293837
tsp,berlin52,MMAS,"rho=0.05, ants=10, beta=2",20000,7751.733333333334,136.93427458293837
tsp,berlin52,MMAS,"rho=0.05, ants=10, beta=2",20120,7751.733333333334,136.93427458293837
tsp,berlin52,MMAS,"rho=0.05, ants=10, beta=2",20241,7751.733333333334,136.93427458293837
tsp,berlin52,MMAS,"rho=0.05, ants=10, beta=2",20361,7748.133333333333,141.02523020919182
tsp,berlin52,MMAS,"rho=0.05, ants=10, beta=2",20482,7748.133333333333,141.02523020919182
tsp,berlin52,MMAS,"rho=0.05, ants=10, beta=2",20602,7740.466666666666,148.68887726465024
tsp,berlin52,MMAS,"rho=0.05, ants=10, beta=2",20723,7738.933333333333,150.59679795917162
tsp,berlin52,MMAS,"rho=0.05, ants=10, beta=2",20843,7738.933333333333,150.59679795917162
tsp,berlin52,MMAS,"rho=0.05, ants=10, beta=2",20964,7738.933333333333,150.59679795917162
tsp,berlin52,MMAS,"rho=0.05, ants=10, beta=2",21084,7738.933333333333,150.59679795917162
tsp,berlin52,MMAS,"rho=0.05, ants=10, beta=2",21205,7738.933333333333,150.59679795917162
tsp,berlin52,MMAS,"rho=0.05, ants=10, beta=2",21325,7738.933333333333,150.59679795917162
tsp,berlin52,MMAS,"rho=0.05, ants=10, beta=2",21446,7738.933333333333,150.59679795917162
tsp,berlin52,MMAS,"rho=0.05, ants=10, beta=2",21566,7738.933333333333,150.59679795917162
tsp,berlin52,MMAS,"rho=0.05, ants=10, beta=2",21687,7738.933333333333,150.59679795917162
tsp,berlin52,MMAS,"rho=0.05, ants=10, beta=2",21807,7738.933333333333,150.59679795917162
tsp,berlin52,MMAS,"rho=0.05, ants=10, beta=2",21928,7738.933333333333,150.59679795917162
tsp,berlin52,MMAS,"rho=0.05, ants=10, beta=2",22048,7738.933333333333,150.59679795917162
tsp,berlin52,MMAS,"rho=0.05, ants=10, beta=2",22169,7738.933333333333,150.59679795917162
tsp,berlin52,MMAS,"rho=0.05, ants=10, beta=2",22289,7738.933333333333,150.59679795917162
tsp,berlin52,MMAS,"rho=0.05, ants=10, beta=2",22410,7738.933333333333,150.59679795917162
tsp,berlin52,MMAS,"rho=0.05, ants=10, beta=2",22530,7738.933333333333,150.59679795917162
tsp,berlin52,MMAS,"rho=0.05, ants=10, beta=2",22651,7738.933333333333,150.59679795917162
tsp,berlin52,MMAS,"rho=0.05, ants=10, beta=2",22771,7738.933333333333,150.59679795917162
tsp,berlin52,MMAS,"rho=0.05, ants=10, beta=2",22892,7738.933333333333,150.59679795917162
tsp,berlin52,MMAS,"rho=0.05, ants=10, beta=2",23012,7738.933333333333,150.59679795917162
tsp,berlin52,MMAS,"rho=0.05, ants=10, beta=2",23133,7738.933333333333,150.59679795917162
tsp,berlin52,MMAS,"rho=0.05, ants=10, beta=2",23253,7738.933333333333,150.59679795917162
tsp,berlin52,MMAS,"rho=0.05, ants=10, beta=2",23373,7738.933333333333,150.59679795917162
tsp,berlin52,MMAS,"rho=0.05, ants=10, beta=2",23494,7738.933333333333,150.59679795917162
tsp,berlin52,MMAS,"rho=0.05, ants=10, beta=2",23614,7738.933333333333,150.59679795917162
tsp,berlin52,MMAS,"rho=0.05, ants=10, beta=2",23735,7738.933333333333,150.59679795917162
tsp,berlin52,MMAS,"rho=0.05, ants=10, beta=2",23855,7738.933333333333,150.59679795917162
tsp,berlin52,MMAS,"rho=0.05, ants=10, beta=2",23976,7738.933333333333,150.59679795917162
tsp,berlin52,MMAS,"rho=0.05, ants=10, beta=2",24096,7738.933333333333,150.59679795917162
tsp,berlin52,MMAS,"rho=0.05, ants=10, beta=2",24217,7738.933333333333,150.59679795917162
tsp,berlin52,MMAS,"rho=0.05, ants=10, beta=2",24337,7738.933333333333,150.59679795917162
tsp,berlin52,MMAS,"rho=0.05, ants=10, beta=2",24458,7738.933333333333,150.59679795917162
tsp,berlin52,MMAS,"rho=0.05, ants=10, beta=2",24578,7738.933333333333,150.59679795917162
tsp,berlin52,MMAS,"rho=0.05, ants=10, beta=2",24699,7738.933333333333,150.59679795917162
tsp,berlin52,MMAS,"rho=0.05, ants=10, beta=2",24819,7738.933333333333,150.59679795917162
tsp,berlin52,MMAS,"rho=0.05, ants=10, beta=2",24940,7738.933333333333,150.59679795917162
tsp,berlin52,MMAS,"rho=0.05, ants=10, beta=2",25060,7738.933333333333,150.59679795917162
tsp,berlin52,MMAS,"rho=0.05, ants=10, beta=2",25181,7738.933333333333,150.59679795917162
tsp,berlin52,MMAS,"rho=0.05, ants=10, beta=2",25301,7738.933333333333,150.59679795917162
tsp,berlin52,MMAS,"rho=0.05, ants=10, beta=2",25422,7738.933333333333,150.59679795917162
tsp,berlin52,MMAS,"rho=0.05, ants=10, beta=2",25542,7738.933333333333,150.59679795917162
tsp,berlin52,MMAS,"rho=0.05, ants=10, beta=2",25663,7738.933333333333,150.59679795917162
tsp,berlin52,MMAS,"rho=0.05, ants=10, beta=2",25783,7738.933333333333,150.59679795917162
tsp,berlin52,MMAS,"rho=0.05, ants=10, beta=2",25904,7738.933333333333,150.59679795917162
tsp,berlin52,MMAS,"rho=0.05, ants=10, beta=2",26024,7738.933333333333,150.59679795917162
tsp,berlin52,MMAS,"rho=0.05, ants=10, beta=2",26145,7738.933333333333,150.59679795917162
tsp,berlin52,MMAS,"rho=0.05, ants=10, beta=2",26265,7738.933333333333,150.59679795917162
tsp,berlin52,MMAS,"rho=0.05, ants=10, beta=2",26386,7738.933333333333,150.59679795917162
tsp,berlin52,MMAS,"rho=0.05, ants=10, beta=2",26506,7738.933333333333,150.59679795917162
tsp,berlin52,MMAS,"rho=0.05, ants=10, beta=2",26627,7738.933333333333,150.59679795917162
tsp,berlin52,MMAS,"rho=0.05, ants=10, beta=2",26747,7738.933333333333,150.59679795917162
tsp,berlin52,MMAS,"rho=0.05, ants=10, beta=2",26867,7738.933333333333,150.59679795917162
tsp,berlin52,MMAS,"rho=0.05, ants=10, beta=2",26988,7726.133333333333,158.42805587675716
tsp,berlin52,MMAS,"rho=0.05, ants=10, beta=2",27108,7726.133333333333,158.42805587675716
tsp,berlin52,MMAS,"rho=0.05, ants=10, beta=2",27229,7726.133333333333,158.42805587675716
tsp,berlin52,MMAS,"rho=0.05, ants=10, beta=2",27349,7726.133333333333,158.42805587675716
tsp,berlin52,MMAS,"rho=0.05, ants=10, beta=2",27470,7726.133333333333,158.42805587675716
tsp,berlin52,MMAS,"rho=0.05, ants=10, beta=2",27590,7726.133333333333,158.42805587675716
tsp,berlin52,MMAS,"rho=0.05, ants=10, beta=2",27711,7726.133333333333,158.42805587675716
tsp,berlin52,MMAS,"rho=0.05, ants=10, beta=2",27831,7726.133333333333,158.42805587675716
tsp,berlin52,MMAS,"rho=0.05, ants=10, beta=2",27952,7726.133333333333,158.42805587675716
tsp,berlin52,MMAS,"rho=0.05, ants=10, beta=2",28072,7726.133333333333,158.42805587675716
tsp,berlin52,MMAS,"rho=0.05, ants=10, beta=2",28193,7726.133333333333,158.42805587675716
tsp,berlin52,MMAS,"rho=0.05, ants=10, beta=2",28313,7726.133333333333,158.42805587675716
tsp,berlin52,MMAS,"rho=0.05, ants=10, beta=2",28434,7726.133333333333,158.42805587675716
tsp,berlin52,MMAS,"rho=0.05, ants=10, beta=2",28554,7726.133333333333,158.42805587675716
tsp,berlin52,MMAS,"rho=0.05, ants=10, beta=2",28675,7726.133333333333,158.42805587675716
tsp,berlin52,MMAS,"rho=0.05, ants=10, beta=2",28795,7726.133333333333,158.42805587675716
tsp,berlin52,MMAS,"rho=0.05, ants=10, beta=2",28916,7726.133333333333,158.42805587675716
tsp,berlin52,MMAS,"rho=0.05, ants=10, beta=2",29036,7726.133333333333,158.42805587675716
tsp,berlin52,MMAS,"rho=0.05, ants=10, beta=2",29157,7726.133333333333,158.42805587675716
tsp,berlin52,MMAS,"rho=0.05, ants=10, beta=2",29277,7726.133333333333,158.42805587675716
tsp,berlin52,MMAS,"rho=0.05, ants=10, beta=2",29398,7726.133333333333,158.42805587675716
tsp,berlin52,MMAS,"rho=0.05, ants=10, beta=2",29518,7726.133333333333,158.42805587675716
tsp,berlin52,MMAS,"rho=0.05, ants=10, beta=2",29639,7726.133333333333,158.42805587675716
tsp,berlin52,MMAS,"rho=0.05, ants=10, beta=2",29759,7726.133333333333,158.42805587675716
tsp,berlin52,MMAS,"rho=0.05, ants=10, beta=2",29880,7726.133333333333,158.42805587675716
tsp,berlin52,MMAS,"rho=0.05, ants=10, beta=2",30000,7726.133333333333,158.42805587675716
tsp,berlin52,MMAS,"rho=0.05, ants=10, beta=3",0,11650.666666666666,683.7819990481048
tsp,berlin52,MMAS,"rho=0.05, ants=10, beta=3",120,10363.408835341366,336.2010117291994
tsp,berlin52,MMAS,"rho=0.05, ants=10, beta=3",241,9782.084337349399,345.8928147833092
tsp,berlin52,MMAS,"rho=0.05, ants=10, beta=3",361,9359.371084337348,200.82189848161363
tsp,berlin52,MMAS,"rho=0.05, ants=10, beta=3",482,9075.963052208834,235.44807798154315
tsp,berlin52,MMAS,"rho=0.05, ants=10, beta=3",602,8887.921285140561,199.3474550284645
tsp,berlin52,MMAS,"rho=0.05, ants=10, beta=3",723,8568.261847389558,294.6979027286748
tsp,berlin52,MMAS,"rho=0.05, ants=10, beta=3",843,8362.269879518071,266.7430929142453
tsp,berlin52,MMAS,"rho=0.05, ants=10, beta=3",964,8168.829718875501,241.92428687902762
tsp,berlin52,MMAS,"rho=0.05, ants=10, beta=3",1084,8028.089959839358,197.16975253567387
tsp,berlin52,MMAS,"rho=0.05, ants=10, beta=3",1205,7983.371084337349,176.39074153462215
tsp,berlin52,MMAS,"rho=0.05, ants=10, beta=3",1325,7946.936546184738,166.92246010630362
tsp,berlin52,MMAS,"rho=0.05, ants=10, beta=3",1446,7931.0,178.69937511549017
tsp,berlin52,MMAS,"rho=0.05, ants=10, beta=3",1566,7916.89718875502,170.18211893327475
tsp,berlin52,MMAS,"rho=0.05, ants=10, beta=3",1687,7875.35983935743,152.6979929079366
tsp,berlin52,MMAS,"rho=0.05, ants=10, beta=3",1807,7850.6,166.975367444822
tsp,berlin52,MMAS,"rho=0.05, ants=10, beta=3",1928,7824.8,164.8474850682695
tsp,berlin52,MMAS,"rho=0.05, ants=10, beta=3",2048,7812.345381526105,167.8864963601004
tsp,berlin52,MMAS,"rho=0.05, ants=10, beta=3",2169,7803.6,166.693251213119
tsp,berlin52,MMAS,"rho=0.05, ants=10, beta=3",2289,7803.6,166.693251213119
tsp,berlin52,MMAS,"rho=0.05, ants=10, beta=3",2410,7784.610441767069,161.56494982628735
tsp,berlin52,MMAS,"rho=0.05, ants=10, beta=3",2530,7779.999196787148,159.2308823834574
tsp,berlin52,MMAS,"rho=0.05, ants=10, beta=3",2651,7764.0,169.4375007684741
tsp,berlin52,MMAS,"rho=0.05, ants=10, beta=3",2771,7752.4,159.2171682535105
tsp,berlin52,MMAS,"rho=0.05, ants=10, beta=3",2892,7746.733333333334,154.85324952641093
tsp,berlin52,MMAS,"rho=0.05, ants=10, beta=3",3012,7745.2,154.27257263255407
tsp,berlin52,MMAS,"rho=0.05, ants=10, beta=3",3133,7741.866666666667,154.94939675763683
tsp,berlin52,MMAS,"rho=0.05, ants=10, beta=3",3253,7722.69156626506,120.14436476734404
tsp,berlin52,MMAS,"rho=0.05, ants=10, beta=3",3373,7716.2,116.39484524668607
tsp,berlin52,MMAS,"rho=0.05, ants=10, beta=3",3494,7703.266666666666,117.6789228744421
tsp,berlin52,MMAS,"rho=0.05, ants=10, beta=3",3614,7702.933333333333,118.12449176845399
tsp,berlin52,MMAS,"rho=0.05, ants=10, beta=3",3735,7702.866666666667,118.09197921770792
tsp,berlin52,MMAS,"rho=0.05, ants=10, beta=3",3855,7700.533333333334,117.10386652692367
tsp,berlin52,MMAS,"rho=0.05, ants=10, beta=3",3976,7700.493975903615,117.14916565678311
tsp,berlin52,MMAS,"rho=0.05, ants=10, beta=3",4096,7693.409638554217,115.93322693625457
tsp,berlin52,MMAS,"rho=0.05, ants=10, beta=3",4217,7691.4,117.54080142656846
tsp,berlin52,MMAS,"rho=0.05, ants=10, beta=3",4337,7691.4,117.54080142656846
tsp,berlin52,MMAS,"rho=0.05, ants=10, beta=3",4458,7689.243373493976,117.10154996543122
tsp,berlin52,MMAS,"rho=0.05, ants=10, beta=3",4578,7688.866666666667,117.4937539711036
tsp,berlin52,MMAS,"rho=0.05, ants=10, beta=3",4699,7686.0,114.1507774831166
tsp,berlin52,MMAS,"rho=0.05, ants=10, beta=3",4819,7686.0,114.1507774831166
tsp,berlin52,MMAS,"rho=0.05, ants=10, beta=3",4940,7685.533333333334,113.24890973230407
tsp,berlin52,MMAS,"rho=0.05, ants=10, beta=3",5060,7683.933333333333,112.65017630799439
tsp,berlin52,MMAS,"rho=0.05, ants=10, beta=3",5181,7683.933333333333,112.65017630799439
tsp,berlin52,MMAS,"rho=0.05, ants=10, beta=3",5301,7683.933333333333,112.65017630799439
tsp,berlin52,MMAS,"rho=0.05, ants=10, beta=3",5422,7682.8,112.87999527521842
tsp,berlin52,MMAS,"rho=0.05, ants=10, beta=3",5542,7680.133333333333,113.29540541826438
tsp,berlin52,MMAS,"rho=0.05, ants=10, beta=3",5663,7672.466666666666,118.37841394818943
tsp,berlin52,MMAS,"rho=0.05, ants=10, beta=3",5783,7667.333333333333,122.1936532267077
tsp,berlin52,MMAS,"rho=0.05, ants=10, beta=3",5904,7667.333333333333,122.1936532267077
tsp,berlin52,MMAS,"rho=0.05, ants=10, beta=3",6024,7667.333333333333,122.1936532267077
tsp,berlin52,MMAS,"rho=0.05, ants=10, beta=3",6145,7667.333333333333,122.1936532267077
tsp,berlin52,MMAS,"rho=0.05, ants=10, beta=3",6265,7667.333333333333,122.1936532267077
tsp,berlin52,MMAS,"rho=0.05, ants=10, beta=3",6386,7667.333333333333,122.1936532267077
tsp,berlin52,MMAS,"rho=0.05, ants=10, beta=3",6506,7667.333333333333,122.1936532267077
tsp,berlin52,MMAS,"rho=0.05, ants=10, beta=3",6627,7667.333333333333,122.1936532267077
tsp,berlin52,MMAS,"rho=0.05, ants=10, beta=3",6747,7667.333333333333,122.1936532267077
tsp,berlin52,MMAS,"rho=0.05, ants=10, beta=3",6867,7663.533333333334,124.95912220491236
tsp,berlin52,MMAS,"rho=0.05, ants=10, beta=3",6988,7663.533333333334,124.95912220491236
tsp,berlin52,MMAS,"rho=0.05, ants=10, beta=3",7108,7663.2,125.2758023988139
tsp,berlin52,MMAS,"rho=0.05, ants=10, beta=3",7229,7663.2,125.2758023988139
tsp,berlin52,MMAS,"rho=0.05, ants=10, beta=3",7349,7663.2,125.2758023988139
tsp,berlin52,MMAS,"rho=0.05, ants=10, beta=3",7470,7663.2,125.2758023988139
tsp,berlin52,MMAS,"rho=0.05, ants=10, beta=3",7590,7663.2,125.2758023988139
tsp,berlin52,MMAS,"rho=0.05, ants=10, beta=3",7711,7663.2,125.2758023988139
tsp,berlin52,MMAS,"rho=0.05, ants=10, beta=3",7831,7663.2,125.2758023988139
tsp,berlin52,MMAS,"rho=0.05, ants=10, beta=3",7952,7654.133333333333,115.85040162017374
tsp,berlin52,MMAS,"rho=0.05, ants=10, beta=3",8072,7652.866666666667,114.8842122409438
tsp,berlin52,MMAS,"rho=0.05, ants=10, beta=3",8193,7652.866666666667,114.8842122409438
tsp,berlin52,MMAS,"rho=0.05, ants=10, beta=3",8313,7652.866666666667,114.8842122409438
tsp,berlin52,MMAS,"rho=0.05, ants=10, beta=3",8434,7652.866666666667,114.8842122409438
tsp,berlin52,MMAS,"rho=0.05, ants=10, beta=3",8554,7652.866666666667,114.8842122409438
tsp,berlin52,MMAS,"rho=0.05, ants=10, beta=3",8675,7652.866666666667,114.8842122409438
tsp,berlin52,MMAS,"rho=0.05, ants=10, beta=3",8795,7652.866666666667,114.8842122409438
tsp,berlin52,MMAS,"rho=0.05, ants=10, beta=3",8916,7652.866666666667,114.8842122409438
tsp,berlin52,MMAS,"rho=0.05, ants=10, beta=3",9036,7652.866666666667,114.8842122409438
tsp,berlin52,MMAS,"rho=0.05, ants=10, beta=3",9157,7652.8,114.84784136703078
tsp,berlin52,MMAS,"rho=0.05, ants=10, beta=3",9277,7641.266666666666,116.6941681871416
tsp,berlin52,MMAS,"rho=0.05, ants=10, beta=3",9398,7641.266666666666,116.6941681871416
tsp,berlin52,MMAS,"rho=0.05, ants=10, beta=3",9518,7641.266666666666,116.6941681871416
tsp,berlin52,MMAS,"rho=0.05, ants=10, beta=3",9639,7641.266666666666,116.6941681871416
tsp,berlin52,MMAS,"rho=0.05, ants=10, beta=3",9759,7641.266666666666,116.6941681871416
tsp,berlin52,MMAS,"rho=0.05, ants=10, beta=3",9880,7641.266666666666,116.6941681871416
tsp,berlin52,MMAS,"rho=0.05, ants=10, beta=3",10000,7633.6,119.1602842113652
tsp,berlin52,MMAS,"rho=0.05, ants=10, beta=3",10120,7633.6,119.1602842113652
tsp,berlin52,MMAS,"rho=0.05, ants=10, beta=3",10241,7633.6,119.1602842113652
tsp,berlin52,MMAS,"rho=0.05, ants=10, beta=3",10361,7633.6,119.1602842113652
tsp,berlin52,MMAS,"rho=0.05, ants=10, beta=3",10482,7633.6,119.1602842113652
tsp,berlin52,MMAS,"rho=0.05, ants=10, beta=3",10602,7633.6,119.1602842113652
tsp,berlin52,MMAS,"rho=0.05, ants=10, beta=3",10723,7633.6,119.1602842113652
tsp,berlin52,MMAS,"rho=0.05, ants=10, beta=3",10843,7633.6,119.1602842113652
tsp,berlin52,MMAS,"rho=0.05, ants=10, beta=3",10964,7633.6,119.1602842113652
tsp,berlin52,MMAS,"rho=0.05, ants=10, beta=3",11084,7633.6,119.1602842113652
tsp,berlin52,MMAS,"rho=0.05, ants=10, beta=3",11205,7633.6,119.1602842113652
tsp,berlin52,MMAS,"rho=0.05, ants=10, beta=3",11325,7633.6,119.1602842113652
tsp,berlin52,MMAS,"rho=0.05, ants=10, beta=3",11446,7633.6,119.1602842113652
tsp,berlin52,MMAS,"rho=0.05, ants=10, beta=3",11566,7633.6,119.1602842113652
tsp,berlin52,MMAS,"rho=0.05, ants=10, beta=3",11687,7632.133333333333,117.2978355393748
tsp,berlin52,MMAS,"rho=0.05, ants=10, beta=3",11807,7632.133333333333,117.2978355393748
tsp,berlin52,MMAS,"rho=0.05, ants=10, beta=3",11928,7632.133333333333,117.2978355393748
tsp,berlin52,MMAS,"rho=0.05, ants=10, beta=3",12048,7632.133333333333,117.2978355393748
tsp,berlin52,MMAS,"rho=0.05, ants=10, beta=3",12169,7632.133333333333,117.2978355393748
tsp,berlin52,MMAS,"rho=0.05, ants=10, beta=3",12289,7632.133333333333,117.2978355393748
tsp,berlin52,MMAS,"rho=0.05, ants=10, beta=3",12410,7632.133333333333,117.2978355393748
tsp,berlin52,MMAS,"rho=0.05, ants=10, beta=3",12530,7632.133333333333,117.2978355393748
tsp,berlin52,MMAS,"rho=0.05, ants=10, beta=3",12651,7632.133333333333,117.2978355393748
tsp,berlin52,MMAS,"rho=0.05, ants=10, beta=3",12771,7632.133333333333,117.2978355393748
tsp,berlin52,MMAS,"rho=0.05, ants=10, beta=3",12892,7630.6,115.59746248656731
tsp,berlin52,MMAS,"rho=0.05, ants=10, beta=3",13012,7630.6,115.59746248656731
tsp,berlin52,MMAS,"rho=0.05, ants=10, beta=3",13133,7630.6,115.59746248656731
tsp,berlin52,MMAS,"rho=0.05, ants=10, beta=3",13253,7630.6,115.59746248656731
tsp,berlin52,MMAS,"rho=0.05, ants=10, beta=3",13373,7630.6,115.59746248656731
tsp,berlin52,MMAS,"rho=0.05, ants=10, beta=3",13494,7630.6,115.59746248656731
tsp,berlin52,MMAS,"rho=0.05, ants=10, beta=3",13614,7630.6,115.59746248656731
tsp,berlin52,MMAS,"rho=0.05, ants=10, beta=3",13735,7630.6,115.59746248656731
tsp,berlin52,MMAS,"rho=0.05, ants=10, beta=3",13855,7630.6,115.59746248656731
tsp,berlin52,MMAS,"rho=0.05, ants=10, beta=3",13976,7630.6,115.59746248656731
tsp,berlin52,MMAS,"rho=0.05, ants=10, beta=3",14096,7630.6,115.59746248656731
tsp,berlin52,MMAS,"rho=0.05, ants=10, beta=3",14217,7630.6,115.59746248656731
tsp,berlin52,MMAS,"rho=0.05, ants=10, beta=3",14337,7630.6,115.59746248656731
tsp,berlin52,MMAS,"rho=0.05, ants=10, beta=3",14458,7630.6,115.59746248656731
tsp,berlin52,MMAS,"rho=0.05, ants=10, beta=3",14578,7630.6,115.59746248656731
tsp,berlin52,MMAS,"rho=0.05, ants=10, beta=3",14699,7630.6,115.59746248656731
tsp,berlin52,MMAS,"rho=0.05, ants=10, beta=3",14819,7630.6,115.59746248656731
tsp,berlin52,MMAS,"rho=0.05, ants=10, beta=3",14940,7630.6,115.59746248656731
tsp,berlin52,MMAS,"rho=0.05, ants=10, beta=3",15060,7630.6,115.59746248656731
tsp,berlin52,MMAS,"rho=0.05, ants=10, beta=3",15181,7630.6,115.59746248656731
tsp,berlin52,MMAS,"rho=0.05, ants=10, beta=3",15301,7630.6,115.59746248656731
tsp,berlin52,MMAS,"rho=0.05, ants=10, beta=3",15422,7630.6,115.59746248656731
tsp,berlin52,MMAS,"rho=0.05, ants=10, beta=3",15542,7630.6,115.59746248656731
tsp,berlin52,MMAS,"rho=0.05, ants=10, beta=3",15663,7630.6,115.59746248656731
tsp,berlin52,MMAS,"rho=0.05, ants=10, beta=3",15783,7630.6,115.59746248656731
tsp,berlin52,MMAS,"rho=0.05, ants=10, beta=3",15904,7630.6,115.59746248656731
tsp,berlin52,MMAS,"rho=0.05, ants=10, beta=3",16024,7630.6,115.59746248656731
tsp,berlin52,MMAS,"rho=0.05, ants=10, beta=3",16145,7630.6,115.59746248656731
tsp,berlin52,MMAS,"rho=0.05, ants=10, beta=3",16265,7630.6,115.59746248656731
tsp,berlin52,MMAS,"rho=0.05, ants=10, beta=3",16386,7630.6,115.59746248656731
tsp,berlin52,MMAS,"rho=0.05, ants=10, beta=3",16506,7630.6,115.59746248656731
tsp,berlin52,MMAS,"rho=0.05, ants=10, beta=3",16627,7630.6,115.59746248656731
tsp,berlin52,MMAS,"rho=0.05, ants=10, beta=3",16747,7630.6,115.59746248656731
tsp,berlin52,MMAS,"rho=0.05, ants=10, beta=3",16867,7630.6,115.59746248656731
tsp,berlin52,MMAS,"rho=0.05, ants=10, beta=3",16988,7630.6,115.59746248656731
tsp,berlin52,MMAS,"rho=0.05, ants=10, beta=3",17108,7630.6,115.59746248656731
tsp,berlin52,MMAS,"rho=0.05, ants=10, beta=3",17229,7630.6,115.59746248656731
tsp,berlin52,MMAS,"rho=0.05, ants=10, beta=3",17349,7630.6,115.59746248656731
tsp,berlin52,MMAS,"rho=0.05, ants=10, beta=3",17470,7630.6,115.59746248656731
tsp,berlin52,MMAS,"rho=0.05, ants=10, beta=3",17590,7630.6,115.59746248656731
tsp,berlin52,MMAS,"rho=0.05, ants=10, beta=3",17711,7630.6,115.59746248656731
tsp,berlin52,MMAS,"rho=0.05, ants=10, beta=3",17831,7630.6,115.59746248656731
tsp,berlin52,MMAS,"rho=0.05, ants=10, beta=3",17952,7629.333333333333,114.55692422934936
tsp,berlin52,MMAS,"rho=0.05, ants=10, beta=3",18072,7629.333333333333,114.55692422934936
tsp,berlin52,MMAS,"rho=0.05, ants=10, beta=3",18193,7629.333333333333,114.55692422934936
tsp,berlin52,MMAS,"rho=0.05, ants=10, beta=3",18313,7629.333333333333,114.55692422934936
tsp,berlin52,MMAS,"rho=0.05, ants=10, beta=3",18434,7629.333333333333,114.55692422934936
tsp,berlin52,MMAS,"rho=0.05, ants=10, beta=3",18554,7629.333333333333,114.55692422934936
tsp,berlin52,MMAS,"rho=0.05, ants=10, beta=3",18675,7629.333333333333,114.55692422934936
tsp,berlin52,MMAS,"rho=0.05, ants=10, beta=3",18795,7629.333333333333,114.55692422934936
tsp,berlin52,MMAS,"rho=0.05, ants=10, beta=3",18916,7629.333333333333,114.55692422934936
tsp,berlin52,MMAS,"rho=0.05, ants=10, beta=3",19036,7629.333333333333,114.55692422934936
tsp,berlin52,MMAS,"rho=0.05, ants=10, beta=3",19157,7629.333333333333,114.55692422934936
tsp,berlin52,MMAS,"rho=0.05, ants=10, beta=3",19277,7629.333333333333,114.55692422934936
tsp,berlin52,MMAS,"rho=0.05, ants=10, beta=3",19398,7629.333333333333,114.55692422934936
tsp,berlin52,MMAS,"rho=0.05, ants=10, beta=3",19518,7629.333333333333,114.55692422934936
tsp,berlin52,MMAS,"rho=0.05, ants=10, beta=3",19639,7629.333333333333,114.55692422934936
tsp,berlin52,MMAS,"rho=0.05, ants=10, beta=3",19759,7629.333333333333,114.55692422934936
tsp,berlin52,MMAS,"rho=0.05, ants=10, beta=3",19880,7629.333333333333,114.55692422934936
tsp,berlin52,MMAS,"rho=0.05, ants=10, beta=3",20000,7629.333333333333,114.55692422934936
tsp,berlin52,MMAS,"rho=0.05, ants=10, beta=3",20120,7629.333333333333,114.55692422934936
tsp,berlin52,MMAS,"rho=0.05, ants=10, beta=3",20241,7629.333333333333,114.55692422934936
tsp,berlin52,MMAS,"rho=0.05, ants=10, beta=3",20361,7629.333333333333,114.55692422934936
tsp,berlin52,MMAS,"rho=0.05, ants=10, beta=3",20482,7628.2,113.6158439655315
tsp,berlin52,MMAS,"rho=0.05, ants=10, beta=3",20602,7628.2,113.6158439655315
tsp,berlin52,MMAS,"rho=0.05, ants=10, beta=3",20723,7628.2,113.6158439655315
tsp,berlin52,MMAS,"rho=0.05, ants=10, beta=3",20843,7628.2,113.6158439655315
tsp,berlin52,MMAS,"rho=0.05, ants=10, beta=3",20964,7628.2,113.6158439655315
tsp,berlin52,MMAS,"rho=0.05, ants=10, beta=3",21084,7628.2,113.6158439655315
tsp,berlin52,MMAS,"rho=0.05, ants=10, beta=3",21205,7628.2,113.6158439655315
tsp,berlin52,MMAS,"rho=0.05, ants=10, beta=3",21325,7628.2,113.6158439655315
tsp,berlin52,MMAS,"rho=0.05, ants=10, beta=3",21446,7628.2,113.6158439655315
tsp,berlin52,MMAS,"rho=0.05, ants=10, beta=3",21566,7628.2,113.6158439655315
tsp,berlin52,MMAS,"rho=0.05, ants=10, beta=3",21687,7628.2,113.6158439655315
tsp,berlin52,MMAS,"rho=0.05, ants=10, beta=3",21807,7628.2,113.6158439655315
tsp,berlin52,MMAS,"rho=0.05, ants=10, beta=3",21928,7628.2,113.6158439655315
tsp,berlin52,MMAS,"rho=0.05, ants=10, beta=3",22048,7628.2,113.6158439655315
tsp,berlin52,MMAS,"rho=0.05, ants=10, beta=3",22169,7628.2,113.6158439655315
tsp,berlin52,MMAS,"rho=0.05, ants=10, beta=3",22289,7628.2,113.6158439655315
tsp,berlin52,MMAS,"rho=0.05, ants=10, beta=3",22410,7628.2,113.6158439655315
tsp,berlin52,MMAS,"rho=0.05, ants=10, beta=3",22530,7628.2,113.6158439655315
tsp,berlin52,MMAS,"rho=0.05, ants=10, beta=3",22651,7628.2,113.6158439655315
tsp,berlin52,MMAS,"rho=0.05, ants=10, beta=3",22771,7628.2,113.6158439655315
tsp,berlin52,MMAS,"rho=0.05, ants=10, beta=3",22892,7628.2,113.6158439655315
tsp,berlin52,MMAS,"rho=0.05, ants=10, beta=3",23012,7628.2,113.6158439655315
tsp,berlin52,MMAS,"rho=0.05, ants=10, beta=3",23133,7628.2,113.6158439655315
tsp,berlin52,MMAS,"rho=0.05, ants=10, beta=3",23253,7628.2,113.6158439655315
tsp,berlin52,MMAS,"rho=0.05, ants=10, beta=3",23373,7628.2,113.6158439655315
tsp,berlin52,MMAS,"rho=0.05, ants=10, beta=3",23494,7628.2,113.6158439655315
tsp,berlin52,MMAS,"rho=0.05, ants=10, beta=3",23614,7628.2,113.6158439655315
tsp,berlin52,MMAS,"rho=0.05, ants=10, beta=3",23735,7628.2,113.6158439655315
tsp,berlin52,MMAS,"rho=0.05, ants=10, beta=3",23855,7628.2,113.6158439655315
tsp,berlin52,MMAS,"rho=0.05, ants=10, beta=3",23976,7628.2,113.6158439655315
tsp,berlin52,MMAS,"rho=0.05, ants=10, beta=3",24096,7628.2,113.6158439655315
tsp,berlin52,MMAS,"rho=0.05, ants=10, beta=3",24217,7628.2,113.6158439655315
tsp,berlin52,MMAS,"rho=0.05, ants=10, beta=3",24337,7628.2,113.6158439655315
tsp,berlin52,MMAS,"rho=0.05, ants=10, beta=3",24458,7628.2,113.6158439655315
tsp,berlin52,MMAS,"rho=0.05, ants=10, beta=3",24578,7628.2,113.6158439655315
tsp,berlin52,MMAS,"rho=0.05, ants=10, beta=3",24699,7628.2,113.6158439655315
tsp,berlin52,MMAS,"rho=0.05, ants=10, beta=3",24819,7628.2,113.6158439655315
tsp,berlin52,MMAS,"rho=0.05, ants=10, beta=3",24940,7628.2,113.6158439655315
tsp,berlin52,MMAS,"rho=0.05, ants=10, beta=3",25060,7628.2,113.6158439655315
tsp,berlin52,MMAS,"rho=0.05, ants=10, beta=3",25181,7628.2,113.6158439655315
tsp,berlin52,MMAS,"rho=0.05, ants=10, beta=3",25301,7628.2,113.6158439655315
tsp,berlin52,MMAS,"rho=0.05, ants=10, beta=3",25422,7628.2,113.6158439655315
tsp,berlin52,MMAS,"rho=0.05, ants=10, beta=3",25542,7628.2,113.6158439655315
tsp,berlin52,MMAS,"rho=0.05, ants=10, beta=3",25663,7628.2,113.6158439655315
tsp,berlin52,MMAS,"rho=0.05, ants=10, beta=3",25783,7628.2,113.6158439655315
tsp,berlin52,MMAS,"rho=0.05, ants=10, beta=3",25904,7628.2,113.6158439655315
tsp,berlin52,MMAS,"rho=0.05, ants=10, beta=3",26024,7628.2,113.6158439655315
tsp,berlin52,MMAS,"rho=0.05, ants=10, beta=3",26145,7628.2,113.6158439655315
tsp,berlin52,MMAS,"rho=0.05, ants=10, beta=3",26265,7628.2,113.6158439655315
tsp,berlin52,MMAS,"rho=0.05, ants=10, beta=3",26386,7628.2,113.6158439655315
tsp,berlin52,MMAS,"rho=0.05, ants=10, beta=3",26506,7628.2,113.6158439655315
tsp,berlin52,MMAS,"rho=0.05, ants=10, beta=3",26627,7628.2,113.6158439655315
tsp,berlin52,MMAS,"rho=0.05, ants=10, beta=3",26747,7628.2,113.6158439655315
tsp,berlin52,MMAS,"rho=0.05, ants=10, beta=3",26867,7628.2,113.6158439655315
tsp,berlin52,MMAS,"rho=0.05, ants=10, beta=3",26988,7628.2,113.6158439655315
tsp,berlin52,MMAS,"rho=0.05, ants=10, beta=3",27108,7628.2,113.6158439655315
tsp,berlin52,MMAS,"rho=0.05, ants=10, beta=3",27229,7628.2,113.6158439655315
tsp,berlin52,MMAS,"rho=0.05, ants=10, beta=3",27349,7628.2,113.6158439655315
tsp,berlin52,MMAS,"rho=0.05, ants=10, beta=3",27470,7628.2,113.6158439655315
tsp,berlin52,MMAS,"rho=0.05, ants=10, beta=3",27590,7628.2,113.6158439655315
tsp,berlin52,MMAS,"rho=0.05, ants=10, beta=3",27711,7628.2,113.6158439655315
tsp,berlin52,MMAS,"rho=0.05, ants=10, beta=3",27831,7628.2,113.6158439655315
tsp,berlin52,MMAS,"rho=0.05, ants=10, beta=3",27952,7628.2,113.6158439655315
tsp,berlin52,MMAS,"rho=0.05, ants=10, beta=3",28072,7628.2,113.6158439655315
tsp,berlin52,MMAS,"rho=0.05, ants=10, beta=3",28193,7628.2,113.6158439655315
tsp,berlin52,MMAS,"rho=0.05, ants=10, beta=3",28313,7628.2,113.6158439655315
tsp,berlin52,MMAS,"rho=0.05, ants=10, beta=3",28434,7628.2,113.6158439655315
tsp,berlin52,MMAS,"rho=0.05, ants=10, beta=3",28554,7628.2,113.6158439655315
tsp,berlin52,MMAS,"rho=0.05, ants=10, beta=3",28675,7628.2,113.6158439655315
tsp,berlin52,MMAS,"rho=0.05, ants=10, beta=3",28795,7628.2,113.6158439655315
tsp,berlin52,MMAS,"rho=0.05, ants=10, beta=3",28916,7628.2,113.6158439655315
tsp,berlin52,MMAS,"rho=0.05, ants=10, beta=3",29036,7628.2,113.6158439655315
tsp,berlin52,MMAS,"rho=0.05, ants=10, beta=3",29157,7628.2,113.6158439655315
tsp,berlin52,MMAS,"rho=0.05, ants=10, beta=3",29277,7628.2,113.6158439655315
tsp,berlin52,MMAS,"rho=0.05, ants=10, beta=3",29398,7628.2,113.6158439655315
tsp,berlin52,MMAS,"rho=0.05, ants=10, beta=3",29518,7628.2,113.6158439655315
tsp,berlin52,MMAS,"rho=0.05, ants=10, beta=3",29639,7628.2,113.6158439655315
tsp,berlin52,MMAS,"rho=0.05, ants=10, beta=3",29759,7628.2,113.6158439655315
tsp,berlin52,MMAS,"rho=0.05, ants=10, beta=3",29880,7628.2,113.6158439655315
tsp,berlin52,MMAS,"rho=0.05, ants=10, beta=3",30000,7628.2,113.6158439655315
tsp,berlin52,MMAS,"rho=0.1, ants=10, beta=2",0,14192.133333333333,552.2319399994494
tsp,berlin52,MMAS,"rho=0.1, ants=10, beta=2",120,12157.699598393574,585.6783287813507
tsp,berlin52,MMAS,"rho=0.1, ants=10, beta=2",241,10847.838554216867,435.98275066502055
tsp,berlin52,MMAS,"rho=0.1, ants=10, beta=2",361,9726.404819277108,394.69382586571237
tsp,berlin52,MMAS,"rho=0.1, ants=10, beta=2",482,9190.203212851406,431.83936485918366
tsp,berlin52,MMAS,"rho=0.1, ants=10, beta=2",602,8847.954216867469,437.99570005266605
tsp,berlin52,MMAS,"rho=0.1, ants=10, beta=2",723,8701.958232931727,426.846166816153
tsp,berlin52,MMAS,"rho=0.1, ants=10, beta=2",843,8638.836144578312,430.4716209211066
tsp,berlin52,MMAS,"rho=0.1, ants=10, beta=2",964,8524.16546184739,422.1782786786654
tsp,berlin52,MMAS,"rho=0.1, ants=10, beta=2",1084,8401.899598393575,338.82038777692185
tsp,berlin52,MMAS,"rho=0.1, ants=10, beta=2",1205,8330.213654618474,285.1425510468569
tsp,berlin52,MMAS,"rho=0.1, ants=10, beta=2",1325,8286.743775100402,257.2132681288572
tsp,berlin52,MMAS,"rho=0.1, ants=10, beta=2",1446,8222.144578313253,240.59725606995832
tsp,berlin52,MMAS,"rho=0.1, ants=10, beta=2",1566,8183.239357429719,223.4362825702951
tsp,berlin52,MMAS,"rho=0.1, ants=10, beta=2",1687,8170.2883534136545,217.94165474018314
tsp,berlin52,MMAS,"rho=0.1, ants=10, beta=2",1807,8142.150200803213,243.59281190669958
tsp,berlin52,MMAS,"rho=0.1, ants=10, beta=2",1928,8128.526907630522,248.50147692090374
tsp,berlin52,MMAS,"rho=0.1, ants=10, beta=2",2048,8125.466666666666,253.6309304656845
tsp,berlin52,MMAS,"rho=0.1, ants=10, beta=2",2169,8104.0,240.9384430374973
tsp,berlin52,MMAS,"rho=0.1, ants=10, beta=2",2289,8063.733333333334,237.6073698819593
tsp,berlin52,MMAS,"rho=0.1, ants=10, beta=2",2410,8051.424096385542,236.29667371425097
tsp,berlin52,MMAS,"rho=0.1, ants=10, beta=2",2530,8008.866666666667,242.23043207289672
tsp,berlin52,MMAS,"rho=0.1, ants=10, beta=2",2651,7995.533333333334,238.68580928818443
tsp,berlin52,MMAS,"rho=0.1, ants=10, beta=2",2771,7983.866666666667,237.3438761703271
tsp,berlin52,MMAS,"rho=0.1, ants=10, beta=2",2892,7973.333333333333,231.53334293118323
tsp,berlin52,MMAS,"rho=0.1, ants=10, beta=2",3012,7966.266666666666,220.5231557506427
tsp,berlin52,MMAS,"rho=0.1, ants=10, beta=2",3133,7958.266666666666,223.95251480813715
tsp,berlin52,MMAS,"rho=0.1, ants=10, beta=2",3253,7954.466666666666,227.11784508390255
tsp,berlin52,MMAS,"rho=0.1, ants=10, beta=2",3373,7951.133333333333,229.7952325199304
tsp,berlin52,MMAS,"rho=0.1, ants=10, beta=2",3494,7944.6,227.05059641703943
tsp,berlin52,MMAS,"rho=0.1, ants=10, beta=2",3614,7944.533333333334,227.06559013250381
tsp,berlin52,MMAS,"rho=0.1, ants=10, beta=2",3735,7928.666666666667,218.89835286929156
tsp,berlin52,MMAS,"rho=0.1, ants=10, beta=2",3855,7918.8,205.5773009518966
tsp,berlin52,MMAS,"rho=0.1, ants=10, beta=2",3976,7903.933333333333,202.87417008798553
tsp,berlin52,MMAS,"rho=0.1, ants=10, beta=2",4096,7899.133333333333,208.55658438152676
tsp,berlin52,MMAS,"rho=0.1, ants=10, beta=2",4217,7898.533333333334,208.34742352351967
tsp,berlin52,MMAS,"rho=0.1, ants=10, beta=2",4337,7897.266666666666,207.48926612129975
tsp,berlin52,MMAS,"rho=0.1, ants=10, beta=2",4458,7897.266666666666,207.48926612129975
tsp,berlin52,MMAS,"rho=0.1, ants=10, beta=2",4578,7895.666666666667,206.3329563809158
tsp,berlin52,MMAS,"rho=0.1, ants=10, beta=2",4699,7895.666666666667,206.3329563809158
tsp,berlin52,MMAS,"rho=0.1, ants=10, beta=2",4819,7895.666666666667,206.3329563809158
tsp,berlin52,MMAS,"rho=0.1, ants=10, beta=2",4940,7894.333333333333,205.659805396085
tsp,berlin52,MMAS,"rho=0.1, ants=10, beta=2",5060,7892.6,206.67262357006388
tsp,berlin52,MMAS,"rho=0.1, ants=10, beta=2",5181,7884.266666666666,203.33239344045063
tsp,berlin52,MMAS,"rho=0.1, ants=10, beta=2",5301,7884.2,203.3139444307743
tsp,berlin52,MMAS,"rho=0.1, ants=10, beta=2",5422,7873.666666666667,203.85376021931887
tsp,berlin52,MMAS,"rho=0.1, ants=10, beta=2",5542,7873.2,203.82613505959765
tsp,berlin52,MMAS,"rho=0.1, ants=10, beta=2",5663,7865.533333333334,202.31093780504196
tsp,berlin52,MMAS,"rho=0.1, ants=10, beta=2",5783,7864.363855421687,202.26306694467712
tsp,berlin52,MMAS,"rho=0.1, ants=10, beta=2",5904,7859.466666666666,203.17082030208525
tsp,berlin52,MMAS,"rho=0.1, ants=10, beta=2",6024,7854.178313253012,204.32544753926464
tsp,berlin52,MMAS,"rho=0.1, ants=10, beta=2",6145,7841.333333333333,211.5998319680072
tsp,berlin52,MMAS,"rho=0.1, ants=10, beta=2",6265,7837.133333333333,207.38430241676656
tsp,berlin52,MMAS,"rho=0.1, ants=10, beta=2",6386,7837.133333333333,207.38430241676656
tsp,berlin52,MMAS,"rho=0.1, ants=10, beta=2",6506,7834.266666666666,207.56668540227955
tsp,berlin52,MMAS,"rho=0.1, ants=10, beta=2",6627,7834.266666666666,207.56668540227955
tsp,berlin52,MMAS,"rho=0.1, ants=10, beta=2",6747,7834.266666666666,207.56668540227955
tsp,berlin52,MMAS,"rho=0.1, ants=10, beta=2",6867,7834.266666666666,207.56668540227955
tsp,berlin52,MMAS,"rho=0.1, ants=10, beta=2",6988,7822.666666666667,218.42974970355016
tsp,berlin52,MMAS,"rho=0.1, ants=10, beta=2",7108,7819.6,211.29530677860942
tsp,berlin52,MMAS,"rho=0.1, ants=10, beta=2",7229,7819.6,211.29530677860942
tsp,berlin52,MMAS,"rho=0.1, ants=10, beta=2",7349,7819.6,211.29530677860942
tsp,berlin52,MMAS,"rho=0.1, ants=10, beta=2",7470,7819.6,211.29530677860942
tsp,berlin52,MMAS,"rho=0.1, ants=10, beta=2",7590,7813.8,209.73958456460556
tsp,berlin52,MMAS,"rho=0.1, ants=10, beta=2",7711,7813.8,209.73958456460556
tsp,berlin52,MMAS,"rho=0.1, ants=10, beta=2",7831,7813.8,209.73958456460556
tsp,berlin52,MMAS,"rho=0.1, ants=10, beta=2",7952,7813.8,209.73958456460556
tsp,berlin52,MMAS,"rho=0.1, ants=10, beta=2",8072,7812.266666666666,211.17874472167463
tsp,berlin52,MMAS,"rho=0.1, ants=10, beta=2",8193,7812.266666666666,211.17874472167463
tsp,berlin52,MMAS,"rho=0.1, ants=10, beta=2",8313,7811.8,210.90351664525022
tsp,berlin52,MMAS,"rho=0.1, ants=10, beta=2",8434,7811.8,210.90351664525022
tsp,berlin52,MMAS,"rho=0.1, ants=10, beta=2",8554,7811.8,210.90351664525022
tsp,berlin52,MMAS,"rho=0.1, ants=10, beta=2",8675,7811.8,210.90351664525022
tsp,berlin52,MMAS,"rho=0.1, ants=10, beta=2",8795,7794.866666666667,224.64041389642148
tsp,berlin52,MMAS,"rho=0.1, ants=10, beta=2",8916,7794.533333333334,224.41505198082314
tsp,berlin52,MMAS,"rho=0.1, ants=10, beta=2",9036,7794.533333333334,224.41505198082314
tsp,berlin52,MMAS,"rho=0.1, ants=10, beta=2",9157,7794.533333333334,224.41505198082314
tsp,berlin52,MMAS,"rho=0.1, ants=10, beta=2",9277,7794.0,224.36933836868172
tsp,berlin52,MMAS,"rho=0.1, ants=10, beta=2",9398,7794.0,224.36933836868172
tsp,berlin52,MMAS,"rho=0.1, ants=10, beta=2",9518,7794.0,224.36933836868172
tsp,berlin52,MMAS,"rho=0.1, ants=10, beta=2",9639,7789.266666666666,214.20565403887505
tsp,berlin52,MMAS,"rho=0.1, ants=10, beta=2",9759,7789.266666666666,214.20565403887505
tsp,berlin52,MMAS,"rho=0.1, ants=10, beta=2",9880,7788.466666666666,213.00668742762255
tsp,berlin52,MMAS,"rho=0.1, ants=10, beta=2",10000,7784.866666666667,210.51899887869715
tsp,berlin52,MMAS,"rho=0.1, ants=10, beta=2",10120,7783.333333333333,209.7133493340109
tsp,berlin52,MMAS,"rho=0.1, ants=10, beta=2",10241,7783.333333333333,209.7133493340109
tsp,berlin52,MMAS,"rho=0.1, ants=10, beta=2",10361,7783.333333333333,209.7133493340109
tsp,berlin52,MMAS,"rho=0.1, ants=10, beta=2",10482,7783.333333333333,209.7133493340109
tsp,berlin52,MMAS,"rho=0.1, ants=10, beta=2",10602,7783.0,210.09236064169494
tsp,berlin52,MMAS,"rho=0.1, ants=10, beta=2",10723,7783.0,210.09236064169494
tsp,berlin52,MMAS,"rho=0.1, ants=10, beta=2",10843,7782.533333333334,209.11109221867906
tsp,berlin52,MMAS,"rho=0.1, ants=10, beta=2",10964,7782.533333333334,209.11109221867906
tsp,berlin52,MMAS,"rho=0.1, ants=10, beta=2",11084,7782.533333333334,209.11109221867906
tsp,berlin52,MMAS,"rho=0.1, ants=10, beta=2",11205,7782.533333333334,209.11109221867906
tsp,berlin52,MMAS,"rho=0.1, ants=10, beta=2",11325,7782.533333333334,209.11109221867906
tsp,berlin52,MMAS,"rho=0.1, ants=10, beta=2",11446,7782.533333333334,209.11109221867906
tsp,berlin52,MMAS,"rho=0.1, ants=10, beta=2",11566,7782.533333333334,209.11109221867906
tsp,berlin52,MMAS,"rho=0.1, ants=10, beta=2",11687,7782.533333333334,209.11109221867906
tsp,berlin52,MMAS,"rho=0.1, ants=10, beta=2",11807,7782.533333333334,209.11109221867906
tsp,berlin52,MMAS,"rho=0.1, ants=10, beta=2",11928,7782.533333333334,209.11109221867906
tsp,berlin52,MMAS,"rho=0.1, ants=10, beta=2",12048,7782.533333333334,209.11109221867906
tsp,berlin52,MMAS,"rho=0.1, ants=10, beta=2",12169,7782.533333333334,209.11109221867906
tsp,berlin52,MMAS,"rho=0.1, ants=10, beta=2",12289,7782.533333333334,209.11109221867906
tsp,berlin52,MMAS,"rho=0.1, ants=10, beta=2",12410,7782.533333333334,209.11109221867906
tsp,berlin52,MMAS,"rho=0.1, ants=10, beta=2",12530,7782.533333333334,209.11109221867906
tsp,berlin52,MMAS,"rho=0.1, ants=10, beta=2",12651,7782.2,208.41631414071213
tsp,berlin52,MMAS,"rho=0.1, ants=10, beta=2",12771,7782.2,208.41631414071213
tsp,berlin52,MMAS,"rho=0.1, ants=10, beta=2",12892,7782.2,208.41631414071213
tsp,berlin52,MMAS,"rho=0.1, ants=10, beta=2",13012,7782.2,208.41631414071213
tsp,berlin52,MMAS,"rho=0.1, ants=10, beta=2",13133,7777.133333333333,201.36032931593607
tsp,berlin52,MMAS,"rho=0.1, ants=10, beta=2",13253,7777.133333333333,201.36032931593607
tsp,berlin52,MMAS,"rho=0.1, ants=10, beta=2",13373,7777.133333333333,201.36032931593607
tsp,berlin52,MMAS,"rho=0.1, ants=10, beta=2",13494,7777.133333333333,201.36032931593607
tsp,berlin52,MMAS,"rho=0.1, ants=10, beta=2",13614,7777.133333333333,201.36032931593607
tsp,berlin52,MMAS,"rho=0.1, ants=10, beta=2",13735,7777.133333333333,201.36032931593607
tsp,berlin52,MMAS,"rho=0.1, ants=10, beta=2",13855,7777.133333333333,201.36032931593607
tsp,berlin52,MMAS,"rho=0.1, ants=10, beta=2",13976,7777.133333333333,201.36032931593607
tsp,berlin52,MMAS,"rho=0.1, ants=10, beta=2",14096,7777.133333333333,201.36032931593607
tsp,berlin52,MMAS,"rho=0.1, ants=10, beta=2",14217,7777.133333333333,201.36032931593607
tsp,berlin52,MMAS,"rho=0.1, ants=10, beta=2",14337,7777.133333333333,201.36032931593607
tsp,berlin52,MMAS,"rho=0.1, ants=10, beta=2",14458,7777.133333333333,201.36032931593607
tsp,berlin52,MMAS,"rho=0.1, ants=10, beta=2",14578,7777.133333333333,201.36032931593607
tsp,berlin52,MMAS,"rho=0.1, ants=10, beta=2",14699,7777.133333333333,201.36032931593607
tsp,berlin52,MMAS,"rho=0.1, ants=10, beta=2",14819,7777.133333333333,201.36032931593607
tsp,berlin52,MMAS,"rho=0.1, ants=10, beta=2",14940,7777.133333333333,201.36032931593607
tsp,berlin52,MMAS,"rho=0.1, ants=10, beta=2",15060,7777.133333333333,201.36032931593607
tsp,berlin52,MMAS,"rho=0.1, ants=10, beta=2",15181,7777.133333333333,201.36032931593607
tsp,berlin52,MMAS,"rho=0.1, ants=10, beta=2",15301,7777.133333333333,201.36032931593607
tsp,berlin52,MMAS,"rho=0.1, ants=10, beta=2",15422,7777.133333333333,201.36032931593607
tsp,berlin52,MMAS,"rho=0.1, ants=10, beta=2",15542,7777.133333333333,201.36032931593607
tsp,berlin52,MMAS,"rho=0.1, ants=10, beta=2",15663,7777.133333333333,201.36032931593607
tsp,berlin52,MMAS,"rho=0.1, ants=10, beta=2",15783,7777.133333333333,201.36032931593607
tsp,berlin52,MMAS,"rho=0.1, ants=10, beta=2",15904,7777.133333333333,201.36032931593607
tsp,berlin52,MMAS,"rho=0.1, ants=10, beta=2",16024,7776.450602409638,201.01729037368142
tsp,berlin52,MMAS,"rho=0.1, ants=10, beta=2",16145,7775.466666666666,200.5791171139763
tsp,berlin52,MMAS,"rho=0.1, ants=10, beta=2",16265,7775.466666666666,200.5791171139763
tsp,berlin52,MMAS,"rho=0.1, ants=10, beta=2",16386,7775.466666666666,200.5791171139763
tsp,berlin52,MMAS,"rho=0.1, ants=10, beta=2",16506,7775.466666666666,200.5791171139763
tsp,berlin52,MMAS,"rho=0.1, ants=10, beta=2",16627,7775.466666666666,200.5791171139763
tsp,berlin52,MMAS,"rho=0.1, ants=10, beta=2",16747,7775.466666666666,200.5791171139763
tsp,berlin52,MMAS,"rho=0.1, ants=10, beta=2",16867,7775.466666666666,200.5791171139763
tsp,berlin52,MMAS,"rho=0.1, ants=10, beta=2",16988,7775.466666666666,200.5791171139763
tsp,berlin52,MMAS,"rho=0.1, ants=10, beta=2",17108,7775.185542168675,200.6820139363991
tsp,berlin52,MMAS,"rho=0.1, ants=10, beta=2",17229,7775.133333333333,200.70172451232753
tsp,berlin52,MMAS,"rho=0.1, ants=10, beta=2",17349,7775.133333333333,200.70172451232753
tsp,berlin52,MMAS,"rho=0.1, ants=10, beta=2",17470,7775.133333333333,200.70172451232753
tsp,berlin52,MMAS,"rho=0.1, ants=10, beta=2",17590,7775.133333333333,200.70172451232753
tsp,berlin52,MMAS,"rho=0.1, ants=10, beta=2",17711,7775.133333333333,200.70172451232753
tsp,berlin52,MMAS,"rho=0.1, ants=10, beta=2",17831,7775.133333333333,200.70172451232753
tsp,berlin52,MMAS,"rho=0.1, ants=10, beta=2",17952,7775.133333333333,200.70172451232753
tsp,berlin52,MMAS,"rho=0.1, ants=10, beta=2",18072,7775.133333333333,200.70172451232753
tsp,berlin52,MMAS,"rho=0.1, ants=10, beta=2",18193,7775.133333333333,200.70172451232753
tsp,berlin52,MMAS,"rho=0.1, ants=10, beta=2",18313,7775.133333333333,200.70172451232753
tsp,berlin52,MMAS,"rho=0.1, ants=10, beta=2",18434,7775.133333333333,200.70172451232753
tsp,berlin52,MMAS,"rho=0.1, ants=10, beta=2",18554,7775.133333333333,200.70172451232753
tsp,berlin52,MMAS,"rho=0.1, ants=10, beta=2",18675,7775.133333333333,200.70172451232753
tsp,berlin52,MMAS,"rho=0.1, ants=10, beta=2",18795,7762.333333333333,196.29965755333237
tsp,berlin52,MMAS,"rho=0.1, ants=10, beta=2",18916,7762.333333333333,196.29965755333237
tsp,berlin52,MMAS,"rho=0.1, ants=10, beta=2",19036,7762.333333333333,196.29965755333237
tsp,berlin52,MMAS,"rho=0.1, ants=10, beta=2",19157,7762.333333333333,196.29965755333237
tsp,berlin52,MMAS,"rho=0.1, ants=10, beta=2",19277,7762.333333333333,196.29965755333237
tsp,berlin52,MMAS,"rho=0.1, ants=10, beta=2",19398,7761.2,195.94291685760592
tsp,berlin52,MMAS,"rho=0.1, ants=10, beta=2",19518,7761.2,195.94291685760592
tsp,berlin52,MMAS,"rho=0.1, ants=10, beta=2",19639,7761.2,195.94291685760592
tsp,berlin52,MMAS,"rho=0.1, ants=10, beta=2",19759,7761.2,195.94291685760592
tsp,berlin52,MMAS,"rho=0.1, ants=10, beta=2",19880,7758.066666666667,197.28370997683064
tsp,berlin52,MMAS,"rho=0.1, ants=10, beta=2",20000,7758.066666666667,197.28370997683064
tsp,berlin52,MMAS,"rho=0.1, ants=10, beta=2",20120,7758.066666666667,197.28370997683064
tsp,berlin52,MMAS,"rho=0.1, ants=10, beta=2",20241,7758.066666666667,197.28370997683064
tsp,berlin52,MMAS,"rho=0.1, ants=10, beta=2",20361,7758.066666666667,197.28370997683064
tsp,berlin52,MMAS,"rho=0.1, ants=10, beta=2",20482,7758.066666666667,197.28370997683064
tsp,berlin52,MMAS,"rho=0.1, ants=10, beta=2",20602,7758.066666666667,197.28370997683064
tsp,berlin52,MMAS,"rho=0.1, ants=10, beta=2",20723,7758.066666666667,197.28370997683064
tsp,berlin52,MMAS,"rho=0.1, ants=10, beta=2",20843,7752.333333333333,201.48768917452227
tsp,berlin52,MMAS,"rho=0.1, ants=10, beta=2",20964,7752.333333333333,201.48768917452227
tsp,berlin52,MMAS,"rho=0.1, ants=10, beta=2",21084,7752.333333333333,201.48768917452227
tsp,berlin52,MMAS,"rho=0.1, ants=10, beta=2",21205,7752.333333333333,201.48768917452227
tsp,berlin52,MMAS,"rho=0.1, ants=10, beta=2",21325,7752.333333333333,201.48768917452227
tsp,berlin52,MMAS,"rho=0.1, ants=10, beta=2",21446,7752.266666666666,201.5494866169486
tsp,berlin52,MMAS,"rho=0.1, ants=10, beta=2",21566,7752.266666666666,201.5494866169486
tsp,berlin52,MMAS,"rho=0.1, ants=10, beta=2",21687,7752.266666666666,201.5494866169486
tsp,berlin52,MMAS,"rho=0.1, ants=10, beta=2",21807,7752.266666666666,201.5494866169486
tsp,berlin52,MMAS,"rho=0.1, ants=10, beta=2",21928,7752.266666666666,201.5494866169486
tsp,berlin52,MMAS,"rho=0.1, ants=10, beta=2",22048,7752.266666666666,201.5494866169486
tsp,berlin52,MMAS,"rho=0.1, ants=10, beta=2",22169,7752.266666666666,201.5494866169486
tsp,berlin52,MMAS,"rho=0.1, ants=10, beta=2",22289,7752.266666666666,201.5494866169486
tsp,berlin52,MMAS,"rho=0.1, ants=10, beta=2",22410,7750.733333333334,203.0502291443069
tsp,berlin52,MMAS,"rho=0.1, ants=10, beta=2",22530,7750.733333333334,203.0502291443069
tsp,berlin52,MMAS,"rho=0.1, ants=10, beta=2",22651,7750.733333333334,203.0502291443069
tsp,berlin52,MMAS,"rho=0.1, ants=10, beta=2",22771,7750.733333333334,203.0502291443069
tsp,berlin52,MMAS,"rho=0.1, ants=10, beta=2",22892,7750.733333333334,203.0502291443069
tsp,berlin52,MMAS,"rho=0.1, ants=10, beta=2",23012,7750.733333333334,203.0502291443069
tsp,berlin52,MMAS,"rho=0.1, ants=10, beta=2",23133,7750.733333333334,203.0502291443069
tsp,berlin52,MMAS,"rho=0.1, ants=10, beta=2",23253,7750.733333333334,203.0502291443069
tsp,berlin52,MMAS,"rho=0.1, ants=10, beta=2",23373,7750.733333333334,203.0502291443069
tsp,berlin52,MMAS,"rho=0.1, ants=10, beta=2",23494,7750.733333333334,203.0502291443069
tsp,berlin52,MMAS,"rho=0.1, ants=10, beta=2",23614,7750.733333333334,203.0502291443069
tsp,berlin52,MMAS,"rho=0.1, ants=10, beta=2",23735,7750.733333333334,203.0502291443069
tsp,berlin52,MMAS,"rho=0.1, ants=10, beta=2",23855,7750.733333333334,203.0502291443069
tsp,berlin52,MMAS,"rho=0.1, ants=10, beta=2",23976,7750.733333333334,203.0502291443069
tsp,berlin52,MMAS,"rho=0.1, ants=10, beta=2",24096,7750.733333333334,203.0502291443069
tsp,berlin52,MMAS,"rho=0.1, ants=10, beta=2",24217,7750.733333333334,203.0502291443069
tsp,berlin52,MMAS,"rho=0.1, ants=10, beta=2",24337,7750.733333333334,203.0502291443069
tsp,berlin52,MMAS,"rho=0.1, ants=10, beta=2",24458,7750.733333333334,203.0502291443069
tsp,berlin52,MMAS,"rho=0.1, ants=10, beta=2",24578,7750.733333333334,203.0502291443069
tsp,berlin52,MMAS,"rho=0.1, ants=10, beta=2",24699,7750.733333333334,203.0502291443069
tsp,berlin52,MMAS,"rho=0.1, ants=10, beta=2",24819,7750.4,202.60003290555835
tsp,berlin52,MMAS,"rho=0.1, ants=10, beta=2",24940,7749.333333333333,201.2045946018353
tsp,berlin52,MMAS,"rho=0.1, ants=10, beta=2",25060,7749.333333333333,201.2045946018353
tsp,berlin52,MMAS,"rho=0.1, ants=10, beta=2",25181,7749.333333333333,201.2045946018353
tsp,berlin52,MMAS,"rho=0.1, ants=10, beta=2",25301,7745.6,196.88060679846893
tsp,berlin52,MMAS,"rho=0.1, ants=10, beta=2",25422,7744.8,196.07114355083803
tsp,berlin52,MMAS,"rho=0.1, ants=10, beta=2",25542,7744.8,196.07114355083803
tsp,berlin52,MMAS,"rho=0.1, ants=10, beta=2",25663,7744.8,196.07114355083803
tsp,berlin52,MMAS,"rho=0.1, ants=10, beta=2",25783,7743.466666666666,194.8167914277982
tsp,berlin52,MMAS,"rho=0.1, ants=10, beta=2",25904,7743.466666666666,194.8167914277982
tsp,berlin52,MMAS,"rho=0.1, ants=10, beta=2",26024,7742.733333333334,194.1780855011422
tsp,berlin52,MMAS,"rho=0.1, ants=10, beta=2",26145,7742.733333333334,194.1780855011422
tsp,berlin52,MMAS,"rho=0.1, ants=10, beta=2",26265,7742.733333333334,194.1780855011422
tsp,berlin52,MMAS,"rho=0.1, ants=10, beta=2",26386,7742.733333333334,194.1780855011422
tsp,berlin52,MMAS,"rho=0.1, ants=10, beta=2",26506,7742.733333333334,194.1780855011422
tsp,berlin52,MMAS,"rho=0.1, ants=10, beta=2",26627,7742.733333333334,194.1780855011422
tsp,berlin52,MMAS,"rho=0.1, ants=10, beta=2",26747,7742.733333333334,194.1780855011422
tsp,berlin52,MMAS,"rho=0.1, ants=10, beta=2",26867,7742.733333333334,194.1780855011422
tsp,berlin52,MMAS,"rho=0.1, ants=10, beta=2",26988,7742.733333333334,194.1780855011422
tsp,berlin52,MMAS,"rho=0.1, ants=10, beta=2",27108,7742.733333333334,194.1780855011422
tsp,berlin52,MMAS,"rho=0.1, ants=10, beta=2",27229,7742.733333333334,194.1780855011422
tsp,berlin52,MMAS,"rho=0.1, ants=10, beta=2",27349,7741.333333333333,194.12424429272667
tsp,berlin52,MMAS,"rho=0.1, ants=10, beta=2",27470,7741.333333333333,194.12424429272667
tsp,berlin52,MMAS,"rho=0.1, ants=10, beta=2",27590,7741.333333333333,194.12424429272667
tsp,berlin52,MMAS,"rho=0.1, ants=10, beta=2",27711,7741.333333333333,194.12424429272667
tsp,berlin52,MMAS,"rho=0.1, ants=10, beta=2",27831,7741.333333333333,194.12424429272667
tsp,berlin52,MMAS,"rho=0.1, ants=10, beta=2",27952,7741.266666666666,194.1252058738266
tsp,berlin52,MMAS,"rho=0.1, ants=10, beta=2",28072,7741.266666666666,194.1252058738266
tsp,berlin52,MMAS,"rho=0.1, ants=10, beta=2",28193,7740.0,193.79301673004971
tsp,berlin52,MMAS,"rho=0.1, ants=10, beta=2",28313,7740.0,193.79301673004971
tsp,berlin52,MMAS,"rho=0.1, ants=10, beta=2",28434,7740.0,193.79301673004971
tsp,berlin52,MMAS,"rho=0.1, ants=10, beta=2",28554,7740.0,193.79301673004971
tsp,berlin52,MMAS,"rho=0.1, ants=10, beta=2",28675,7740.0,193.79301673004971
tsp,berlin52,MMAS,"rho=0.1, ants=10, beta=2",28795,7740.0,193.79301673004971
tsp,berlin52,MMAS,"rho=0.1, ants=10, beta=2",28916,7740.0,193.79301673004971
tsp,berlin52,MMAS,"rho=0.1, ants=10, beta=2",29036,7739.666666666667,193.7247761358595
tsp,berlin52,MMAS,"rho=0.1, ants=10, beta=2",29157,7738.133333333333,193.82289739748384
tsp,berlin52,MMAS,"rho=0.1, ants=10, beta=2",29277,7738.133333333333,193.82289739748384
tsp,berlin52,MMAS,"rho=0.1, ants=10, beta=2",29398,7738.133333333333,193.82289739748384
tsp,berlin52,MMAS,"rho=0.1, ants=10, beta=2",29518,7738.133333333333,193.82289739748384
tsp,berlin52,MMAS,"rho=0.1, ants=10, beta=2",29639,7738.133333333333,193.82289739748384
tsp,berlin52,MMAS,"rho=0.1, ants=10, beta=2",29759,7738.133333333333,193.82289739748384
tsp,berlin52,MMAS,"rho=0.1, ants=10, beta=2",29880,7738.133333333333,193.82289739748384
tsp,berlin52,MMAS,"rho=0.1, ants=10, beta=2",30000,7736.733333333334,193.6128324489079
tsp,berlin52,MMAS,"rho=0.1, ants=10, beta=3",0,11650.666666666666,683.7819990481048
tsp,berlin52,MMAS,"rho=0.1, ants=10, beta=3",120,10107.861847389559,285.8733131066879
tsp,berlin52,MMAS,"rho=0.1, ants=10, beta=3",241,9352.608032128514,330.72397275239445
tsp,berlin52,MMAS,"rho=0.1, ants=10, beta=3",361,8795.661847389558,307.93131614948976
tsp,berlin52,MMAS,"rho=0.1, ants=10, beta=3",482,8321.526907630523,291.8146649889302
tsp,berlin52,MMAS,"rho=0.1, ants=10, beta=3",602,8212.495582329317,329.589640968901
tsp,berlin52,MMAS,"rho=0.1, ants=10, beta=3",723,8065.94859437751,278.33923637699246
tsp,berlin52,MMAS,"rho=0.1, ants=10, beta=3",843,7991.230522088354,233.39716092771405
tsp,berlin52,MMAS,"rho=0.1, ants=10, beta=3",964,7934.269076305221,234.98008953256922
tsp,berlin52,MMAS,"rho=0.1, ants=10, beta=3",1084,7902.699598393574,214.24110747186705
tsp,berlin52,MMAS,"rho=0.1, ants=10, beta=3",1205,7880.473092369478,222.41171908622653
tsp,berlin52,MMAS,"rho=0.1, ants=10, beta=3",1325,7853.841767068272,214.51726065543292
tsp,berlin52,MMAS,"rho=0.1, ants=10, beta=3",1446,7833.333333333333,210.91314694811123
tsp,berlin52,MMAS,"rho=0.1, ants=10, beta=3",1566,7828.314859437752,208.2991630424188
tsp,berlin52,MMAS,"rho=0.1, ants=10, beta=3",1687,7816.933333333333,204.05570045673534
tsp,berlin52,MMAS,"rho=0.1, ants=10, beta=3",1807,7816.4,203.63719372125186
tsp,berlin52,MMAS,"rho=0.1, ants=10, beta=3",1928,7815.202409638554,204.01560713037364
tsp,berlin52,MMAS,"rho=0.1, ants=10, beta=3",2048,7804.610441767069,191.63473266444885
tsp,berlin52,MMAS,"rho=0.1, ants=10, beta=3",2169,7802.6,192.12662491180131
tsp,berlin52,MMAS,"rho=0.1, ants=10, beta=3",2289,7790.370281124498,189.93820553852458
tsp,berlin52,MMAS,"rho=0.1, ants=10, beta=3",2410,7780.6,195.54668666757476
tsp,berlin52,MMAS,"rho=0.1, ants=10, beta=3",2530,7774.869879518073,192.60776280246205
tsp,berlin52,MMAS,"rho=0.1, ants=10, beta=3",2651,7762.3293172690765,180.79424565496382
tsp,berlin52,MMAS,"rho=0.1, ants=10, beta=3",2771,7759.0,182.40979505863532
tsp,berlin52,MMAS,"rho=0.1, ants=10, beta=3",2892,7756.666666666667,184.90850590374572
tsp,berlin52,MMAS,"rho=0.1, ants=10, beta=3",3012,7755.266666666666,184.69342766385117
tsp,berlin52,MMAS,"rho=0.1, ants=10, beta=3",3133,7753.733333333334,182.39607695586244
tsp,berlin52,MMAS,"rho=0.1, ants=10, beta=3",3253,7753.666666666667,182.3164526006605
tsp,berlin52,MMAS,"rho=0.1, ants=10, beta=3",3373,7747.4,176.518101054821
tsp,berlin52,MMAS,"rho=0.1, ants=10, beta=3",3494,7744.933333333333,176.03880885254313
tsp,berlin52,MMAS,"rho=0.1, ants=10, beta=3",3614,7729.8,168.8037124394287
tsp,berlin52,MMAS,"rho=0.1, ants=10, beta=3",3735,7726.6,166.7092478938506
tsp,berlin52,MMAS,"rho=0.1, ants=10, beta=3",3855,7722.8,165.31755301036046
tsp,berlin52,MMAS,"rho=0.1, ants=10, beta=3",3976,7719.933333333333,161.1212655803765
tsp,berlin52,MMAS,"rho=0.1, ants=10, beta=3",4096,7719.933333333333,161.1212655803765
tsp,berlin52,MMAS,"rho=0.1, ants=10, beta=3",4217,7713.087550200803,155.81652685594986
tsp,berlin52,MMAS,"rho=0.1, ants=10, beta=3",4337,7695.466666666666,159.2209645604358
tsp,berlin52,MMAS,"rho=0.1, ants=10, beta=3",4458,7695.0,158.5387439502828
tsp,berlin52,MMAS,"rho=0.1, ants=10, beta=3",4578,7680.466666666666,161.97237075775885
tsp,berlin52,MMAS,"rho=0.1, ants=10, beta=3",4699,7680.466666666666,161.97237075775885
tsp,berlin52,MMAS,"rho=0.1, ants=10, beta=3",4819,7680.466666666666,161.97237075775885
tsp,berlin52,MMAS,"rho=0.1, ants=10, beta=3",4940,7680.466666666666,161.97237075775885
tsp,berlin52,MMAS,"rho=0.1, ants=10, beta=3",5060,7680.466666666666,161.97237075775885
tsp,berlin52,MMAS,"rho=0.1, ants=10, beta=3",5181,7680.466666666666,161.97237075775885
tsp,berlin52,MMAS,"rho=0.1, ants=10, beta=3",5301,7680.466666666666,161.97237075775885
tsp,berlin52,MMAS,"rho=0.1, ants=10, beta=3",5422,7678.866666666667,161.1669389863263
tsp,berlin52,MMAS,"rho=0.1, ants=10, beta=3",5542,7678.866666666667,161.1669389863263
tsp,berlin52,MMAS,"rho=0.1, ants=10, beta=3",5663,7678.866666666667,161.1669389863263
tsp,berlin52,MMAS,"rho=0.1, ants=10, beta=3",5783,7678.866666666667,161.1669389863263
tsp,berlin52,MMAS,"rho=0.1, ants=10, beta=3",5904,7678.533333333334,161.44425938660342
tsp,berlin52,MMAS,"rho=0.1, ants=10, beta=3",6024,7678.533333333334,161.44425938660342
tsp,berlin52,MMAS,"rho=0.1, ants=10, beta=3",6145,7678.533333333334,161.44425938660342
tsp,berlin52,MMAS,"rho=0.1, ants=10, beta=3",6265,7678.533333333334,161.44425938660342
tsp,berlin52,MMAS,"rho=0.1, ants=10, beta=3",6386,7678.533333333334,161.44425938660342
tsp,berlin52,MMAS,"rho=0.1, ants=10, beta=3",6506,7678.533333333334,161.44425938660342
tsp,berlin52,MMAS,"rho=0.1, ants=10, beta=3",6627,7678.533333333334,161.44425938660342
tsp,berlin52,MMAS,"rho=0.1, ants=10, beta=3",6747,7678.533333333334,161.44425938660342
tsp,berlin52,MMAS,"rho=0.1, ants=10, beta=3",6867,7678.533333333334,161.44425938660342
tsp,berlin52,MMAS,"rho=0.1, ants=10, beta=3",6988,7678.533333333334,161.44425938660342
tsp,berlin52,MMAS,"rho=0.1, ants=10, beta=3",7108,7678.533333333334,161.44425938660342
tsp,berlin52,MMAS,"rho=0.1, ants=10, beta=3",7229,7678.533333333334,161.44425938660342
tsp,berlin52,MMAS,"rho=0.1, ants=10, beta=3",7349,7678.533333333334,161.44425938660342
tsp,berlin52,MMAS,"rho=0.1, ants=10, beta=3",7470,7678.533333333334,161.44425938660342
tsp,berlin52,MMAS,"rho=0.1, ants=10, beta=3",7590,7678.533333333334,161.44425938660342
tsp,berlin52,MMAS,"rho=0.1, ants=10, beta=3",7711,7678.533333333334,161.44425938660342
tsp,berlin52,MMAS,"rho=0.1, ants=10, beta=3",7831,7678.533333333334,161.44425938660342
tsp,berlin52,MMAS,"rho=0.1, ants=10, beta=3",7952,7678.533333333334,161.44425938660342
tsp,berlin52,MMAS,"rho=0.1, ants=10, beta=3",8072,7678.533333333334,161.44425938660342
tsp,berlin52,MMAS,"rho=0.1, ants=10, beta=3",8193,7678.533333333334,161.44425938660342
tsp,berlin52,MMAS,"rho=0.1, ants=10, beta=3",8313,7678.533333333334,161.44425938660342
tsp,berlin52,MMAS,"rho=0.1, ants=10, beta=3",8434,7678.533333333334,161.44425938660342
tsp,berlin52,MMAS,"rho=0.1, ants=10, beta=3",8554,7678.533333333334,161.44425938660342
tsp,berlin52,MMAS,"rho=0.1, ants=10, beta=3",8675,7678.533333333334,161.44425938660342
tsp,berlin52,MMAS,"rho=0.1, ants=10, beta=3",8795,7678.533333333334,161.44425938660342
tsp,berlin52,MMAS,"rho=0.1, ants=10, beta=3",8916,7678.533333333334,161.44425938660342
tsp,berlin52,MMAS,"rho=0.1, ants=10, beta=3",9036,7678.533333333334,161.44425938660342
tsp,berlin52,MMAS,"rho=0.1, ants=10, beta=3",9157,7678.533333333334,161.44425938660342
tsp,berlin52,MMAS,"rho=0.1, ants=10, beta=3",9277,7678.533333333334,161.44425938660342
tsp,berlin52,MMAS,"rho=0.1, ants=10, beta=3",9398,7678.533333333334,161.44425938660342
tsp,berlin52,MMAS,"rho=0.1, ants=10, beta=3",9518,7678.533333333334,161.44425938660342
tsp,berlin52,MMAS,"rho=0.1, ants=10, beta=3",9639,7678.533333333334,161.44425938660342
tsp,berlin52,MMAS,"rho=0.1, ants=10, beta=3",9759,7678.533333333334,161.44425938660342
tsp,berlin52,MMAS,"rho=0.1, ants=10, beta=3",9880,7678.533333333334,161.44425938660342
tsp,berlin52,MMAS,"rho=0.1, ants=10, beta=3",10000,7678.533333333334,161.44425938660342
tsp,berlin52,MMAS,"rho=0.1, ants=10, beta=3",10120,7678.533333333334,161.44425938660342
tsp,berlin52,MMAS,"rho=0.1, ants=10, beta=3",10241,7678.533333333334,161.44425938660342
tsp,berlin52,MMAS,"rho=0.1, ants=10, beta=3",10361,7678.533333333334,161.44425938660342
tsp,berlin52,MMAS,"rho=0.1, ants=10, beta=3",10482,7678.533333333334,161.44425938660342
tsp,berlin52,MMAS,"rho=0.1, ants=10, beta=3",10602,7678.533333333334,161.44425938660342
tsp,berlin52,MMAS,"rho=0.1, ants=10, beta=3",10723,7678.533333333334,161.44425938660342
tsp,berlin52,MMAS,"rho=0.1, ants=10, beta=3",10843,7678.533333333334,161.44425938660342
tsp,berlin52,MMAS,"rho=0.1, ants=10, beta=3",10964,7678.533333333334,161.44425938660342
tsp,berlin52,MMAS,"rho=0.1, ants=10, beta=3",11084,7678.533333333334,161.44425938660342
tsp,berlin52,MMAS,"rho=0.1, ants=10, beta=3",11205,7678.533333333334,161.44425938660342
tsp,berlin52,MMAS,"rho=0.1, ants=10, beta=3",11325,7678.533333333334,161.44425938660342
tsp,berlin52,MMAS,"rho=0.1, ants=10, beta=3",11446,7678.533333333334,161.44425938660342
tsp,berlin52,MMAS,"rho=0.1, ants=10, beta=3",11566,7678.533333333334,161.44425938660342
tsp,berlin52,MMAS,"rho=0.1, ants=10, beta=3",11687,7678.533333333334,161.44425938660342
tsp,berlin52,MMAS,"rho=0.1, ants=10, beta=3",11807,7678.533333333334,161.44425938660342
tsp,berlin52,MMAS,"rho=0.1, ants=10, beta=3",11928,7678.533333333334,161.44425938660342
tsp,berlin52,MMAS,"rho=0.1, ants=10, beta=3",12048,7678.533333333334,161.44425938660342
tsp,berlin52,MMAS,"rho=0.1, ants=10, beta=3",12169,7678.533333333334,161.44425938660342
tsp,berlin52,MMAS,"rho=0.1, ants=10, beta=3",12289,7677.922891566265,161.74196226215884
tsp,berlin52,MMAS,"rho=0.1, ants=10, beta=3",12410,7674.733333333334,163.80739367385777
tsp,berlin52,MMAS,"rho=0.1, ants=10, beta=3",12530,7674.733333333334,163.80739367385777
tsp,berlin52,MMAS,"rho=0.1, ants=10, beta=3",12651,7674.713253012048,163.82306833909806
tsp,berlin52,MMAS,"rho=0.1, ants=10, beta=3",12771,7674.4,164.0718541777758
tsp,berlin52,MMAS,"rho=0.1, ants=10, beta=3",12892,7674.4,164.0718541777758
tsp,berlin52,MMAS,"rho=0.1, ants=10, beta=3",13012,7674.4,164.0718541777758
tsp,berlin52,MMAS,"rho=0.1, ants=10, beta=3",13133,7674.4,164.0718541777758
tsp,berlin52,MMAS,"rho=0.1, ants=10, beta=3",13253,7674.4,164.0718541777758
tsp,berlin52,MMAS,"rho=0.1, ants=10, beta=3",13373,7674.4,164.0718541777758
tsp,berlin52,MMAS,"rho=0.1, ants=10, beta=3",13494,7674.4,164.0718541777758
tsp,berlin52,MMAS,"rho=0.1, ants=10, beta=3",13614,7674.4,164.0718541777758
tsp,berlin52,MMAS,"rho=0.1, ants=10, beta=3",13735,7674.4,164.0718541777758
tsp,berlin52,MMAS,"rho=0.1, ants=10, beta=3",13855,7674.4,164.0718541777758
tsp,berlin52,MMAS,"rho=0.1, ants=10, beta=3",13976,7674.4,164.0718541777758
tsp,berlin52,MMAS,"rho=0.1, ants=10, beta=3",14096,7674.4,164.0718541777758
tsp,berlin52,MMAS,"rho=0.1, ants=10, beta=3",14217,7674.4,164.0718541777758
tsp,berlin52,MMAS,"rho=0.1, ants=10, beta=3",14337,7674.4,164.0718541777758
tsp,berlin52,MMAS,"rho=0.1, ants=10, beta=3",14458,7661.133333333333,142.36144921369066
tsp,berlin52,MMAS,"rho=0.1, ants=10, beta=3",14578,7656.266666666666,138.0644615951388
tsp,berlin52,MMAS,"rho=0.1, ants=10, beta=3",14699,7654.2,136.93317104826477
tsp,berlin52,MMAS,"rho=0.1, ants=10, beta=3",14819,7654.2,136.93317104826477
tsp,berlin52,MMAS,"rho=0.1, ants=10, beta=3",14940,7654.2,136.93317104826477
tsp,berlin52,MMAS,"rho=0.1, ants=10, beta=3",15060,7654.2,136.93317104826477
tsp,berlin52,MMAS,"rho=0.1, ants=10, beta=3",15181,7654.2,136.93317104826477
tsp,berlin52,MMAS,"rho=0.1, ants=10, beta=3",15301,7654.2,136.93317104826477
tsp,berlin52,MMAS,"rho=0.1, ants=10, beta=3",15422,7654.2,136.93317104826477
tsp,berlin52,MMAS,"rho=0.1, ants=10, beta=3",15542,7654.2,136.93317104826477
tsp,berlin52,MMAS,"rho=0.1, ants=10, beta=3",15663,7654.2,136.93317104826477
tsp,berlin52,MMAS,"rho=0.1, ants=10, beta=3",15783,7654.2,136.93317104826477
tsp,berlin52,MMAS,"rho=0.1, ants=10, beta=3",15904,7654.2,136.93317104826477
tsp,berlin52,MMAS,"rho=0.1, ants=10, beta=3",16024,7654.2,136.93317104826477
tsp,berlin52,MMAS,"rho=0.1, ants=10, beta=3",16145,7654.2,136.93317104826477
tsp,berlin52,MMAS,"rho=0.1, ants=10, beta=3",16265,7654.2,136.93317104826477
tsp,berlin52,MMAS,"rho=0.1, ants=10, beta=3",16386,7654.2,136.93317104826477
tsp,berlin52,MMAS,"rho=0.1, ants=10, beta=3",16506,7654.2,136.93317104826477
tsp,berlin52,MMAS,"rho=0.1, ants=10, beta=3",16627,7654.2,136.93317104826477
tsp,berlin52,MMAS,"rho=0.1, ants=10, beta=3",16747,7654.2,136.93317104826477
tsp,berlin52,MMAS,"rho=0.1, ants=10, beta=3",16867,7654.2,136.93317104826477
tsp,berlin52,MMAS,"rho=0.1, ants=10, beta=3",16988,7654.2,136.93317104826477
tsp,berlin52,MMAS,"rho=0.1, ants=10, beta=3",17108,7654.2,136.93317104826477
tsp,berlin52,MMAS,"rho=0.1, ants=10, beta=3",17229,7654.2,136.93317104826477
tsp,berlin52,MMAS,"rho=0.1, ants=10, beta=3",17349,7654.2,136.93317104826477
tsp,berlin52,MMAS,"rho=0.1, ants=10, beta=3",17470,7654.2,136.93317104826477
tsp,berlin52,MMAS,"rho=0.1, ants=10, beta=3",17590,7654.2,136.93317104826477
tsp,berlin52,MMAS,"rho=0.1, ants=10, beta=3",17711,7654.2,136.93317104826477
tsp,berlin52,MMAS,"rho=0.1, ants=10, beta=3",17831,7654.2,136.93317104826477
tsp,berlin52,MMAS,"rho=0.1, ants=10, beta=3",17952,7654.2,136.93317104826477
tsp,berlin52,MMAS,"rho=0.1, ants=10, beta=3",18072,7654.2,136.93317104826477
tsp,berlin52,MMAS,"rho=0.1, ants=10, beta=3",18193,7654.2,136.93317104826477
tsp,berlin52,MMAS,"rho=0.1, ants=10, beta=3",18313,7654.2,136.93317104826477
tsp,berlin52,MMAS,"rho=0.1, ants=10, beta=3",18434,7654.2,136.93317104826477
tsp,berlin52,MMAS,"rho=0.1, ants=10, beta=3",18554,7654.2,136.93317104826477
tsp,berlin52,MMAS,"rho=0.1, ants=10, beta=3",18675,7654.2,136.93317104826477
tsp,berlin52,MMAS,"rho=0.1, ants=10, beta=3",18795,7654.2,136.93317104826477
tsp,berlin52,MMAS,"rho=0.1, ants=10, beta=3",18916,7654.2,136.93317104826477
tsp,berlin52,MMAS,"rho=0.1, ants=10, beta=3",19036,7654.2,136.93317104826477
tsp,berlin52,MMAS,"rho=0.1, ants=10, beta=3",19157,7654.2,136.93317104826477
tsp,berlin52,MMAS,"rho=0.1, ants=10, beta=3",19277,7654.2,136.93317104826477
tsp,berlin52,MMAS,"rho=0.1, ants=10, beta=3",19398,7654.2,136.93317104826477
tsp,berlin52,MMAS,"rho=0.1, ants=10, beta=3",19518,7654.2,136.93317104826477
tsp,berlin52,MMAS,"rho=0.1, ants=10, beta=3",19639,7654.2,136.93317104826477
tsp,berlin52,MMAS,"rho=0.1, ants=10, beta=3",19759,7654.2,136.93317104826477
tsp,berlin52,MMAS,"rho=0.1, ants=10, beta=3",19880,7654.2,136.93317104826477
tsp,berlin52,MMAS,"rho=0.1, ants=10, beta=3",20000,7654.2,136.93317104826477
tsp,berlin52,MMAS,"rho=0.1, ants=10, beta=3",20120,7654.2,136.93317104826477
tsp,berlin52,MMAS,"rho=0.1, ants=10, beta=3",20241,7654.2,136.93317104826477
tsp,berlin52,MMAS,"rho=0.1, ants=10, beta=3",20361,7654.2,136.93317104826477
tsp,berlin52,MMAS,"rho=0.1, ants=10, beta=3",20482,7654.2,136.93317104826477
tsp,berlin52,MMAS,"rho=0.1, ants=10, beta=3",20602,7654.2,136.93317104826477
tsp,berlin52,MMAS,"rho=0.1, ants=10, beta=3",20723,7654.2,136.93317104826477
tsp,berlin52,MMAS,"rho=0.1, ants=10, beta=3",20843,7654.2,136.93317104826477
tsp,berlin52,MMAS,"rho=0.1, ants=10, beta=3",20964,7654.2,136.93317104826477
tsp,berlin52,MMAS,"rho=0.1, ants=10, beta=3",21084,7654.2,136.93317104826477
tsp,berlin52,MMAS,"rho=0.1, ants=10, beta=3",21205,7654.2,136.93317104826477
tsp,berlin52,MMAS,"rho=0.1, ants=10, beta=3",21325,7654.2,136.93317104826477
tsp,berlin52,MMAS,"rho=0.1, ants=10, beta=3",21446,7654.2,136.93317104826477
tsp,berlin52,MMAS,"rho=0.1, ants=10, beta=3",21566,7654.2,136.93317104826477
tsp,berlin52,MMAS,"rho=0.1, ants=10, beta=3",21687,7654.2,136.93317104826477
tsp,berlin52,MMAS,"rho=0.1, ants=10, beta=3",21807,7654.2,136.93317104826477
tsp,berlin52,MMAS,"rho=0.1, ants=10, beta=3",21928,7654.2,136.93317104826477
tsp,berlin52,MMAS,"rho=0.1, ants=10, beta=3",22048,7654.2,136.93317104826477
tsp,berlin52,MMAS,"rho=0.1, ants=10, beta=3",22169,7654.2,136.93317104826477
tsp,berlin52,MMAS,"rho=0.1, ants=10, beta=3",22289,7654.2,136.93317104826477
tsp,berlin52,MMAS,"rho=0.1, ants=10, beta=3",22410,7654.2,136.93317104826477
tsp,berlin52,MMAS,"rho=0.1, ants=10, beta=3",22530,7654.2,136.93317104826477
tsp,berlin52,MMAS,"rho=0.1, ants=10, beta=3",22651,7654.2,136.93317104826477
tsp,berlin52,MMAS,"rho=0.1, ants=10, beta=3",22771,7654.2,136.93317104826477
tsp,berlin52,MMAS,"rho=0.1, ants=10, beta=3",22892,7654.2,136.93317104826477
tsp,berlin52,MMAS,"rho=0.1, ants=10, beta=3",23012,7654.2,136.93317104826477
tsp,berlin52,MMAS,"rho=0.1, ants=10, beta=3",23133,7654.2,136.93317104826477
tsp,berlin52,MMAS,"rho=0.1, ants=10, beta=3",23253,7654.2,136.93317104826477
tsp,berlin52,MMAS,"rho=0.1, ants=10, beta=3",23373,7654.2,136.93317104826477
tsp,berlin52,MMAS,"rho=0.1, ants=10, beta=3",23494,7654.2,136.93317104826477
tsp,berlin52,MMAS,"rho=0.1, ants=10, beta=3",23614,7654.2,136.93317104826477
tsp,berlin52,MMAS,"rho=0.1, ants=10, beta=3",23735,7654.2,136.93317104826477
tsp,berlin52,MMAS,"rho=0.1, ants=10, beta=3",23855,7654.2,136.93317104826477
tsp,berlin52,MMAS,"rho=0.1, ants=10, beta=3",23976,7654.2,136.93317104826477
tsp,berlin52,MMAS,"rho=0.1, ants=10, beta=3",24096,7654.2,136.93317104826477
tsp,berlin52,MMAS,"rho=0.1, ants=10, beta=3",24217,7654.2,136.93317104826477
tsp,berlin52,MMAS,"rho=0.1, ants=10, beta=3",24337,7654.2,136.93317104826477
tsp,berlin52,MMAS,"rho=0.1, ants=10, beta=3",24458,7654.2,136.93317104826477
tsp,berlin52,MMAS,"rho=0.1, ants=10, beta=3",24578,7654.2,136.93317104826477
tsp,berlin52,MMAS,"rho=0.1, ants=10, beta=3",24699,7654.2,136.93317104826477
tsp,berlin52,MMAS,"rho=0.1, ants=10, beta=3",24819,7654.2,136.93317104826477
tsp,berlin52,MMAS,"rho=0.1, ants=10, beta=3",24940,7654.2,136.93317104826477
tsp,berlin52,MMAS,"rho=0.1, ants=10, beta=3",25060,7654.2,136.93317104826477
tsp,berlin52,MMAS,"rho=0.1, ants=10, beta=3",25181,7654.2,136.93317104826477
tsp,berlin52,MMAS,"rho=0.1, ants=10, beta=3",25301,7654.2,136.93317104826477
tsp,berlin52,MMAS,"rho=0.1, ants=10, beta=3",25422,7653.066666666667,134.74839104378532
tsp,berlin52,MMAS,"rho=0.1, ants=10, beta=3",25542,7653.066666666667,134.74839104378532
tsp,berlin52,MMAS,"rho=0.1, ants=10, beta=3",25663,7653.066666666667,134.74839104378532
tsp,berlin52,MMAS,"rho=0.1, ants=10, beta=3",25783,7653.066666666667,134.74839104378532
tsp,berlin52,MMAS,"rho=0.1, ants=10, beta=3",25904,7653.066666666667,134.74839104378532
tsp,berlin52,MMAS,"rho=0.1, ants=10, beta=3",26024,7653.066666666667,134.74839104378532
tsp,berlin52,MMAS,"rho=0.1, ants=10, beta=3",26145,7653.066666666667,134.74839104378532
tsp,berlin52,MMAS,"rho=0.1, ants=10, beta=3",26265,7653.066666666667,134.74839104378532
tsp,berlin52,MMAS,"rho=0.1, ants=10, beta=3",26386,7653.066666666667,134.74839104378532
tsp,berlin52,MMAS,"rho=0.1, ants=10, beta=3",26506,7653.066666666667,134.74839104378532
tsp,berlin52,MMAS,"rho=0.1, ants=10, beta=3",26627,7653.066666666667,134.74839104378532
tsp,berlin52,MMAS,"rho=0.1, ants=10, beta=3",26747,7653.066666666667,134.74839104378532
tsp,berlin52,MMAS,"rho=0.1, ants=10, beta=3",26867,7653.066666666667,134.74839104378532
tsp,berlin52,MMAS,"rho=0.1, ants=10, beta=3",26988,7653.066666666667,134.74839104378532
tsp,berlin52,MMAS,"rho=0.1, ants=10, beta=3",27108,7653.066666666667,134.74839104378532
tsp,berlin52,MMAS,"rho=0.1, ants=10, beta=3",27229,7653.066666666667,134.74839104378532
tsp,berlin52,MMAS,"rho=0.1, ants=10, beta=3",27349,7653.066666666667,134.74839104378532
tsp,berlin52,MMAS,"rho=0.1, ants=10, beta=3",27470,7653.066666666667,134.74839104378532
tsp,berlin52,MMAS,"rho=0.1, ants=10, beta=3",27590,7653.066666666667,134.74839104378532
tsp,berlin52,MMAS,"rho=0.1, ants=10, beta=3",27711,7653.066666666667,134.74839104378532
tsp,berlin52,MMAS,"rho=0.1, ants=10, beta=3",27831,7653.066666666667,134.74839104378532
tsp,berlin52,MMAS,"rho=0.1, ants=10, beta=3",27952,7653.066666666667,134.74839104378532
tsp,berlin52,MMAS,"rho=0.1, ants=10, beta=3",28072,7653.066666666667,134.74839104378532
tsp,berlin52,MMAS,"rho=0.1, ants=10, beta=3",28193,7653.066666666667,134.74839104378532
tsp,berlin52,MMAS,"rho=0.1, ants=10, beta=3",28313,7653.066666666667,134.74839104378532
tsp,berlin52,MMAS,"rho=0.1, ants=10, beta=3",28434,7653.066666666667,134.74839104378532
tsp,berlin52,MMAS,"rho=0.1, ants=10, beta=3",28554,7653.066666666667,134.74839104378532
tsp,berlin52,MMAS,"rho=0.1, ants=10, beta=3",28675,7653.066666666667,134.74839104378532
tsp,berlin52,MMAS,"rho=0.1, ants=10, beta=3",28795,7640.266666666666,118.11094595995561
tsp,berlin52,MMAS,"rho=0.1, ants=10, beta=3",28916,7640.266666666666,118.11094595995561
tsp,berlin52,MMAS,"rho=0.1, ants=10, beta=3",29036,7640.266666666666,118.11094595995561
tsp,berlin52,MMAS,"rho=0.1, ants=10, beta=3",29157,7640.266666666666,118.11094595995561
tsp,berlin52,MMAS,"rho=0.1, ants=10, beta=3",29277,7640.266666666666,118.11094595995561
tsp,berlin52,MMAS,"rho=0.1, ants=10, beta=3",29398,7640.266666666666,118.11094595995561
tsp,berlin52,MMAS,"rho=0.1, ants=10, beta=3",29518,7640.266666666666,118.11094595995561
tsp,berlin52,MMAS,"rho=0.1, ants=10, beta=3",29639,7640.266666666666,118.11094595995561
tsp,berlin52,MMAS,"rho=0.1, ants=10, beta=3",29759,7640.266666666666,118.11094595995561
tsp,berlin52,MMAS,"rho=0.1, ants=10, beta=3",29880,7640.266666666666,118.11094595995561
tsp,berlin52,MMAS,"rho=0.1, ants=10, beta=3",30000,7640.266666666666,118.11094595995561
tsp,berlin52,MMAS,"rho=0.5, ants=10, beta=2",0,14192.133333333333,552.2319399994494
tsp,berlin52,MMAS,"rho=0.5, ants=10, beta=2",120,9730.607228915664,584.797902648001
tsp,berlin52,MMAS,"rho=0.5, ants=10, beta=2",241,9105.951004016066,556.4725279206639
tsp,berlin52,MMAS,"rho=0.5, ants=10, beta=2",361,8862.16465863454,492.3787145107411
tsp,berlin52,MMAS,"rho=0.5, ants=10, beta=2",482,8723.0,458.8652670810173
tsp,berlin52,MMAS,"rho=0.5, ants=10, beta=2",602,8654.630522088353,426.6555293899517
tsp,berlin52,MMAS,"rho=0.5, ants=10, beta=2",723,8572.113253012049,359.3931448698966
tsp,berlin52,MMAS,"rho=0.5, ants=10, beta=2",843,8526.7140562249,336.4298588334258
tsp,berlin52,MMAS,"rho=0.5, ants=10, beta=2",964,8446.700401606426,340.5990570640805
tsp,berlin52,MMAS,"rho=0.5, ants=10, beta=2",1084,8388.865060240963,324.04325579954167
tsp,berlin52,MMAS,"rho=0.5, ants=10, beta=2",1205,8347.909236947791,310.4585394618136
tsp,berlin52,MMAS,"rho=0.5, ants=10, beta=2",1325,8263.136546184738,284.15888278672924
tsp,berlin52,MMAS,"rho=0.5, ants=10, beta=2",1446,8229.333333333334,290.5866862439197
tsp,berlin52,MMAS,"rho=0.5, ants=10, beta=2",1566,8186.666666666667,294.8065278939544
tsp,berlin52,MMAS,"rho=0.5, ants=10, beta=2",1687,8163.333333333333,297.3829555005166
tsp,berlin52,MMAS,"rho=0.5, ants=10, beta=2",1807,8119.8,271.4001228199181
tsp,berlin52,MMAS,"rho=0.5, ants=10, beta=2",1928,8087.617670682731,240.40630240282016
tsp,berlin52,MMAS,"rho=0.5, ants=10, beta=2",2048,8066.333333333333,222.62454691450554
tsp,berlin52,MMAS,"rho=0.5, ants=10, beta=2",2169,8040.266666666666,209.77907956281584
tsp,berlin52,MMAS,"rho=0.5, ants=10, beta=2",2289,8031.6955823293165,201.67183419346475
tsp,berlin52,MMAS,"rho=0.5, ants=10, beta=2",2410,8022.533333333334,210.49746369546173
tsp,berlin52,MMAS,"rho=0.5, ants=10, beta=2",2530,8015.466666666666,215.69387772695097
tsp,berlin52,MMAS,"rho=0.5, ants=10, beta=2",2651,8006.0,208.9369920972987
tsp,berlin52,MMAS,"rho=0.5, ants=10, beta=2",2771,7996.2,202.9348663980638
tsp,berlin52,MMAS,"rho=0.5, ants=10, beta=2",2892,7994.666666666667,201.66099165568824
tsp,berlin52,MMAS,"rho=0.5, ants=10, beta=2",3012,7975.0,198.7900064557237
tsp,berlin52,MMAS,"rho=0.5, ants=10, beta=2",3133,7971.733333333334,197.53496455620768
tsp,berlin52,MMAS,"rho=0.5, ants=10, beta=2",3253,7971.733333333334,197.53496455620768
tsp,berlin52,MMAS,"rho=0.5, ants=10, beta=2",3373,7970.6,195.96625559859365
tsp,berlin52,MMAS,"rho=0.5, ants=10, beta=2",3494,7968.4,194.81779521730897
tsp,berlin52,MMAS,"rho=0.5, ants=10, beta=2",3614,7966.733333333334,192.90981197325232
tsp,berlin52,MMAS,"rho=0.5, ants=10, beta=2",3735,7958.4,182.19176710268772
tsp,berlin52,MMAS,"rho=0.5, ants=10, beta=2",3855,7958.4,182.19176710268772
tsp,berlin52,MMAS,"rho=0.5, ants=10, beta=2",3976,7948.466666666666,175.74977161357057
tsp,berlin52,MMAS,"rho=0.5, ants=10, beta=2",4096,7947.133333333333,176.41461264746624
tsp,berlin52,MMAS,"rho=0.5, ants=10, beta=2",4217,7944.6,174.55574085851964
tsp,berlin52,MMAS,"rho=0.5, ants=10, beta=2",4337,7921.6,172.99741809248675
tsp,berlin52,MMAS,"rho=0.5, ants=10, beta=2",4458,7915.866666666667,171.8390202744676
tsp,berlin52,MMAS,"rho=0.5, ants=10, beta=2",4578,7912.266666666666,178.45875963059052
tsp,berlin52,MMAS,"rho=0.5, ants=10, beta=2",4699,7910.466666666666,177.7499617127635
tsp,berlin52,MMAS,"rho=0.5, ants=10, beta=2",4819,7910.133333333333,177.74208530589735
tsp,berlin52,MMAS,"rho=0.5, ants=10, beta=2",4940,7898.666666666667,166.94456831202652
tsp,berlin52,MMAS,"rho=0.5, ants=10, beta=2",5060,7883.4,170.13672932869807
tsp,berlin52,MMAS,"rho=0.5, ants=10, beta=2",5181,7883.4,170.13672932869807
tsp,berlin52,MMAS,"rho=0.5, ants=10, beta=2",5301,7882.2,170.7829811973859
tsp,berlin52,MMAS,"rho=0.5, ants=10, beta=2",5422,7881.253012048193,171.01439330470265
tsp,berlin52,MMAS,"rho=0.5, ants=10, beta=2",5542,7880.2,171.4192521276417
tsp,berlin52,MMAS,"rho=0.5, ants=10, beta=2",5663,7880.2,171.4192521276417
tsp,berlin52,MMAS,"rho=0.5, ants=10, beta=2",5783,7866.62891566265,171.67407752591149
tsp,berlin52,MMAS,"rho=0.5, ants=10, beta=2",5904,7866.133333333333,171.73579190786708
tsp,berlin52,MMAS,"rho=0.5, ants=10, beta=2",6024,7866.133333333333,171.73579190786708
tsp,berlin52,MMAS,"rho=0.5, ants=10, beta=2",6145,7864.6,170.89326103350788
tsp,berlin52,MMAS,"rho=0.5, ants=10, beta=2",6265,7864.6,170.89326103350788
tsp,berlin52,MMAS,"rho=0.5, ants=10, beta=2",6386,7864.415261044177,170.8033973013092
tsp,berlin52,MMAS,"rho=0.5, ants=10, beta=2",6506,7861.779116465864,167.31384165010377
tsp,berlin52,MMAS,"rho=0.5, ants=10, beta=2",6627,7851.649799196787,159.92988329529175
tsp,berlin52,MMAS,"rho=0.5, ants=10, beta=2",6747,7845.595180722891,153.48695745335687
tsp,berlin52,MMAS,"rho=0.5, ants=10, beta=2",6867,7845.133333333333,153.74822130859124
tsp,berlin52,MMAS,"rho=0.5, ants=10, beta=2",6988,7844.26827309237,153.2488970720479
tsp,berlin52,MMAS,"rho=0.5, ants=10, beta=2",7108,7844.2,153.16187515174917
tsp,berlin52,MMAS,"rho=0.5, ants=10, beta=2",7229,7842.8,153.63645400750434
tsp,berlin52,MMAS,"rho=0.5, ants=10, beta=2",7349,7842.8,153.63645400750434
tsp,berlin52,MMAS,"rho=0.5, ants=10, beta=2",7470,7832.0,161.92385041535212
tsp,berlin52,MMAS,"rho=0.5, ants=10, beta=2",7590,7832.0,161.92385041535212
tsp,berlin52,MMAS,"rho=0.5, ants=10, beta=2",7711,7827.6,155.51454380003605
tsp,berlin52,MMAS,"rho=0.5, ants=10, beta=2",7831,7825.666666666667,153.03492702284956
tsp,berlin52,MMAS,"rho=0.5, ants=10, beta=2",7952,7825.666666666667,153.03492702284956
tsp,berlin52,MMAS,"rho=0.5, ants=10, beta=2",8072,7825.318072289157,152.59517641681725
tsp,berlin52,MMAS,"rho=0.5, ants=10, beta=2",8193,7825.266666666666,152.6571176052907
tsp,berlin52,MMAS,"rho=0.5, ants=10, beta=2",8313,7825.266666666666,152.6571176052907
tsp,berlin52,MMAS,"rho=0.5, ants=10, beta=2",8434,7825.266666666666,152.6571176052907
tsp,berlin52,MMAS,"rho=0.5, ants=10, beta=2",8554,7825.266666666666,152.6571176052907
tsp,berlin52,MMAS,"rho=0.5, ants=10, beta=2",8675,7824.133333333333,151.16651598669446
tsp,berlin52,MMAS,"rho=0.5, ants=10, beta=2",8795,7824.133333333333,151.16651598669446
tsp,berlin52,MMAS,"rho=0.5, ants=10, beta=2",8916,7824.133333333333,151.16651598669446
tsp,berlin52,MMAS,"rho=0.5, ants=10, beta=2",9036,7824.133333333333,151.16651598669446
tsp,berlin52,MMAS,"rho=0.5, ants=10, beta=2",9157,7824.133333333333,151.16651598669446
tsp,berlin52,MMAS,"rho=0.5, ants=10, beta=2",9277,7824.133333333333,151.16651598669446
tsp,berlin52,MMAS,"rho=0.5, ants=10, beta=2",9398,7824.133333333333,151.16651598669446
tsp,berlin52,MMAS,"rho=0.5, ants=10, beta=2",9518,7824.133333333333,151.16651598669446
tsp,berlin52,MMAS,"rho=0.5, ants=10, beta=2",9639,7824.133333333333,151.16651598669446
tsp,berlin52,MMAS,"rho=0.5, ants=10, beta=2",9759,7824.133333333333,151.16651598669446
tsp,berlin52,MMAS,"rho=0.5, ants=10, beta=2",9880,7824.133333333333,151.16651598669446
tsp,berlin52,MMAS,"rho=0.5, ants=10, beta=2",10000,7822.6,153.12034482719795
tsp,berlin52,MMAS,"rho=0.5, ants=10, beta=2",10120,7817.933333333333,153.61530595035845
tsp,berlin52,MMAS,"rho=0.5, ants=10, beta=2",10241,7817.933333333333,153.61530595035845
tsp,berlin52,MMAS,"rho=0.5, ants=10, beta=2",10361,7817.933333333333,153.61530595035845
tsp,berlin52,MMAS,"rho=0.5, ants=10, beta=2",10482,7817.933333333333,153.61530595035845
tsp,berlin52,MMAS,"rho=0.5, ants=10, beta=2",10602,7817.933333333333,153.61530595035845
tsp,berlin52,MMAS,"rho=0.5, ants=10, beta=2",10723,7817.933333333333,153.61530595035845
tsp,berlin52,MMAS,"rho=0.5, ants=10, beta=2",10843,7817.933333333333,153.61530595035845
tsp,berlin52,MMAS,"rho=0.5, ants=10, beta=2",10964,7817.933333333333,153.61530595035845
tsp,berlin52,MMAS,"rho=0.5, ants=10, beta=2",11084,7817.933333333333,153.61530595035845
tsp,berlin52,MMAS,"rho=0.5, ants=10, beta=2",11205,7817.933333333333,153.61530595035845
tsp,berlin52,MMAS,"rho=0.5, ants=10, beta=2",11325,7817.933333333333,153.61530595035845
tsp,berlin52,MMAS,"rho=0.5, ants=10, beta=2",11446,7817.933333333333,153.61530595035845
tsp,berlin52,MMAS,"rho=0.5, ants=10, beta=2",11566,7817.933333333333,153.61530595035845
tsp,berlin52,MMAS,"rho=0.5, ants=10, beta=2",11687,7817.933333333333,153.61530595035845
tsp,berlin52,MMAS,"rho=0.5, ants=10, beta=2",11807,7817.933333333333,153.61530595035845
tsp,berlin52,MMAS,"rho=0.5, ants=10, beta=2",11928,7817.933333333333,153.61530595035845
tsp,berlin52,MMAS,"rho=0.5, ants=10, beta=2",12048,7817.933333333333,153.61530595035845
tsp,berlin52,MMAS,"rho=0.5, ants=10, beta=2",12169,7817.933333333333,153.61530595035845
tsp,berlin52,MMAS,"rho=0.5, ants=10, beta=2",12289,7817.933333333333,153.61530595035845
tsp,berlin52,MMAS,"rho=0.5, ants=10, beta=2",12410,7816.533333333334,153.92459914588775
tsp,berlin52,MMAS,"rho=0.5, ants=10, beta=2",12530,7816.533333333334,153.92459914588775
tsp,berlin52,MMAS,"rho=0.5, ants=10, beta=2",12651,7816.533333333334,153.92459914588775
tsp,berlin52,MMAS,"rho=0.5, ants=10, beta=2",12771,7816.533333333334,153.92459914588775
tsp,berlin52,MMAS,"rho=0.5, ants=10, beta=2",12892,7816.533333333334,153.92459914588775
tsp,berlin52,MMAS,"rho=0.5, ants=10, beta=2",13012,7816.533333333334,153.92459914588775
tsp,berlin52,MMAS,"rho=0.5, ants=10, beta=2",13133,7816.533333333334,153.92459914588775
tsp,berlin52,MMAS,"rho=0.5, ants=10, beta=2",13253,7816.533333333334,153.92459914588775
tsp,berlin52,MMAS,"rho=0.5, ants=10, beta=2",13373,7816.533333333334,153.92459914588775
tsp,berlin52,MMAS,"rho=0.5, ants=10, beta=2",13494,7816.533333333334,153.92459914588775
tsp,berlin52,MMAS,"rho=0.5, ants=10, beta=2",13614,7816.533333333334,153.92459914588775
tsp,berlin52,MMAS,"rho=0.5, ants=10, beta=2",13735,7816.533333333334,153.92459914588775
tsp,berlin52,MMAS,"rho=0.5, ants=10, beta=2",13855,7811.466666666666,161.44343350604947
tsp,berlin52,MMAS,"rho=0.5, ants=10, beta=2",13976,7811.466666666666,161.44343350604947
tsp,berlin52,MMAS,"rho=0.5, ants=10, beta=2",14096,7811.466666666666,161.44343350604947
tsp,berlin52,MMAS,"rho=0.5, ants=10, beta=2",14217,7811.466666666666,161.44343350604947
tsp,berlin52,MMAS,"rho=0.5, ants=10, beta=2",14337,7811.133333333333,161.57510809390024
tsp,berlin52,MMAS,"rho=0.5, ants=10, beta=2",14458,7811.133333333333,161.57510809390024
tsp,berlin52,MMAS,"rho=0.5, ants=10, beta=2",14578,7811.133333333333,161.57510809390024
tsp,berlin52,MMAS,"rho=0.5, ants=10, beta=2",14699,7811.133333333333,161.57510809390024
tsp,berlin52,MMAS,"rho=0.5, ants=10, beta=2",14819,7811.133333333333,161.57510809390024
tsp,berlin52,MMAS,"rho=0.5, ants=10, beta=2",14940,7811.133333333333,161.57510809390024
tsp,berlin52,MMAS,"rho=0.5, ants=10, beta=2",15060,7811.133333333333,161.57510809390024
tsp,berlin52,MMAS,"rho=0.5, ants=10, beta=2",15181,7811.133333333333,161.57510809390024
tsp,berlin52,MMAS,"rho=0.5, ants=10, beta=2",15301,7811.133333333333,161.57510809390024
tsp,berlin52,MMAS,"rho=0.5, ants=10, beta=2",15422,7811.133333333333,161.57510809390024
tsp,berlin52,MMAS,"rho=0.5, ants=10, beta=2",15542,7811.133333333333,161.57510809390024
tsp,berlin52,MMAS,"rho=0.5, ants=10, beta=2",15663,7811.133333333333,161.57510809390024
tsp,berlin52,MMAS,"rho=0.5, ants=10, beta=2",15783,7811.133333333333,161.57510809390024
tsp,berlin52,MMAS,"rho=0.5, ants=10, beta=2",15904,7811.133333333333,161.57510809390024
tsp,berlin52,MMAS,"rho=0.5, ants=10, beta=2",16024,7811.133333333333,161.57510809390024
tsp,berlin52,MMAS,"rho=0.5, ants=10, beta=2",16145,7811.133333333333,161.57510809390024
tsp,berlin52,MMAS,"rho=0.5, ants=10, beta=2",16265,7811.133333333333,161.57510809390024
tsp,berlin52,MMAS,"rho=0.5, ants=10, beta=2",16386,7811.133333333333,161.57510809390024
tsp,berlin52,MMAS,"rho=0.5, ants=10, beta=2",16506,7811.133333333333,161.57510809390024
tsp,berlin52,MMAS,"rho=0.5, ants=10, beta=2",16627,7811.133333333333,161.57510809390024
tsp,berlin52,MMAS,"rho=0.5, ants=10, beta=2",16747,7810.0,160.10288358843925
tsp,berlin52,MMAS,"rho=0.5, ants=10, beta=2",16867,7810.0,160.10288358843925
tsp,berlin52,MMAS,"rho=0.5, ants=10, beta=2",16988,7810.0,160.10288358843925
tsp,berlin52,MMAS,"rho=0.5, ants=10, beta=2",17108,7810.0,160.10288358843925
tsp,berlin52,MMAS,"rho=0.5, ants=10, beta=2",17229,7809.466666666666,160.4181480451081
tsp,berlin52,MMAS,"rho=0.5, ants=10, beta=2",17349,7800.733333333334,152.29684464521546
tsp,berlin52,MMAS,"rho=0.5, ants=10, beta=2",17470,7800.733333333334,152.29684464521546
tsp,berlin52,MMAS,"rho=0.5, ants=10, beta=2",17590,7800.733333333334,152.29684464521546
tsp,berlin52,MMAS,"rho=0.5, ants=10, beta=2",17711,7800.733333333334,152.29684464521546
tsp,berlin52,MMAS,"rho=0.5, ants=10, beta=2",17831,7800.733333333334,152.29684464521546
tsp,berlin52,MMAS,"rho=0.5, ants=10, beta=2",17952,7800.733333333334,152.29684464521546
tsp,berlin52,MMAS,"rho=0.5, ants=10, beta=2",18072,7800.733333333334,152.29684464521546
tsp,berlin52,MMAS,"rho=0.5, ants=10, beta=2",18193,7800.733333333334,152.29684464521546
tsp,berlin52,MMAS,"rho=0.5, ants=10, beta=2",18313,7800.733333333334,152.29684464521546
tsp,berlin52,MMAS,"rho=0.5, ants=10, beta=2",18434,7800.733333333334,152.29684464521546
tsp,berlin52,MMAS,"rho=0.5, ants=10, beta=2",18554,7798.533333333334,151.2987625711313
tsp,berlin52,MMAS,"rho=0.5, ants=10, beta=2",18675,7798.533333333334,151.2987625711313
tsp,berlin52,MMAS,"rho=0.5, ants=10, beta=2",18795,7798.533333333334,151.2987625711313
tsp,berlin52,MMAS,"rho=0.5, ants=10, beta=2",18916,7798.533333333334,151.2987625711313
tsp,berlin52,MMAS,"rho=0.5, ants=10, beta=2",19036,7795.0,150.62624826592034
tsp,berlin52,MMAS,"rho=0.5, ants=10, beta=2",19157,7795.0,150.62624826592034
tsp,berlin52,MMAS,"rho=0.5, ants=10, beta=2",19277,7795.0,150.62624826592034
tsp,berlin52,MMAS,"rho=0.5, ants=10, beta=2",19398,7795.0,150.62624826592034
tsp,berlin52,MMAS,"rho=0.5, ants=10, beta=2",19518,7795.0,150.62624826592034
tsp,berlin52,MMAS,"rho=0.5, ants=10, beta=2",19639,7795.0,150.62624826592034
tsp,berlin52,MMAS,"rho=0.5, ants=10, beta=2",19759,7795.0,150.62624826592034
tsp,berlin52,MMAS,"rho=0.5, ants=10, beta=2",19880,7791.733333333334,152.92632939498097
tsp,berlin52,MMAS,"rho=0.5, ants=10, beta=2",20000,7791.733333333334,152.92632939498097
tsp,berlin52,MMAS,"rho=0.5, ants=10, beta=2",20120,7791.733333333334,152.92632939498097
tsp,berlin52,MMAS,"rho=0.5, ants=10, beta=2",20241,7791.733333333334,152.92632939498097
tsp,berlin52,MMAS,"rho=0.5, ants=10, beta=2",20361,7791.733333333334,152.92632939498097
tsp,berlin52,MMAS,"rho=0.5, ants=10, beta=2",20482,7791.733333333334,152.92632939498097
tsp,berlin52,MMAS,"rho=0.5, ants=10, beta=2",20602,7791.733333333334,152.92632939498097
tsp,berlin52,MMAS,"rho=0.5, ants=10, beta=2",20723,7791.733333333334,152.92632939498097
tsp,berlin52,MMAS,"rho=0.5, ants=10, beta=2",20843,7791.733333333334,152.92632939498097
tsp,berlin52,MMAS,"rho=0.5, ants=10, beta=2",20964,7791.733333333334,152.92632939498097
tsp,berlin52,MMAS,"rho=0.5, ants=10, beta=2",21084,7791.733333333334,152.92632939498097
tsp,berlin52,MMAS,"rho=0.5, ants=10, beta=2",21205,7791.733333333334,152.92632939498097
tsp,berlin52,MMAS,"rho=0.5, ants=10, beta=2",21325,7791.556626506023,153.07759113574025
tsp,berlin52,MMAS,"rho=0.5, ants=10, beta=2",21446,7789.8,153.25151440252284
tsp,berlin52,MMAS,"rho=0.5, ants=10, beta=2",21566,7789.8,153.25151440252284
tsp,berlin52,MMAS,"rho=0.5, ants=10, beta=2",21687,7789.8,153.25151440252284
tsp,berlin52,MMAS,"rho=0.5, ants=10, beta=2",21807,7789.8,153.25151440252284
tsp,berlin52,MMAS,"rho=0.5, ants=10, beta=2",21928,7789.8,153.25151440252284
tsp,berlin52,MMAS,"rho=0.5, ants=10, beta=2",22048,7789.8,153.25151440252284
tsp,berlin52,MMAS,"rho=0.5, ants=10, beta=2",22169,7789.8,153.25151440252284
tsp,berlin52,MMAS,"rho=0.5, ants=10, beta=2",22289,7789.8,153.25151440252284
tsp,berlin52,MMAS,"rho=0.5, ants=10, beta=2",22410,7789.8,153.25151440252284
tsp,berlin52,MMAS,"rho=0.5, ants=10, beta=2",22530,7789.8,153.25151440252284
tsp,berlin52,MMAS,"rho=0.5, ants=10, beta=2",22651,7789.8,153.25151440252284
tsp,berlin52,MMAS,"rho=0.5, ants=10, beta=2",22771,7789.8,153.25151440252284
tsp,berlin52,MMAS,"rho=0.5, ants=10, beta=2",22892,7789.8,153.25151440252284
tsp,berlin52,MMAS,"rho=0.5, ants=10, beta=2",23012,7789.8,153.25151440252284
tsp,berlin52,MMAS,"rho=0.5, ants=10, beta=2",23133,7789.8,153.25151440252284
tsp,berlin52,MMAS,"rho=0.5, ants=10, beta=2",23253,7789.8,153.25151440252284
tsp,berlin52,MMAS,"rho=0.5, ants=10, beta=2",23373,7789.8,153.25151440252284
tsp,berlin52,MMAS,"rho=0.5, ants=10, beta=2",23494,7789.8,153.25151440252284
tsp,berlin52,MMAS,"rho=0.5, ants=10, beta=2",23614,7789.466666666666,152.97967911530677
tsp,berlin52,MMAS,"rho=0.5, ants=10, beta=2",23735,7789.466666666666,152.97967911530677
tsp,berlin52,MMAS,"rho=0.5, ants=10, beta=2",23855,7789.466666666666,152.97967911530677
tsp,berlin52,MMAS,"rho=0.5, ants=10, beta=2",23976,7789.466666666666,152.97967911530677
tsp,berlin52,MMAS,"rho=0.5, ants=10, beta=2",24096,7789.466666666666,152.97967911530677
tsp,berlin52,MMAS,"rho=0.5, ants=10, beta=2",24217,7789.466666666666,152.97967911530677
tsp,berlin52,MMAS,"rho=0.5, ants=10, beta=2",24337,7789.466666666666,152.97967911530677
tsp,berlin52,MMAS,"rho=0.5, ants=10, beta=2",24458,7789.466666666666,152.97967911530677
tsp,berlin52,MMAS,"rho=0.5, ants=10, beta=2",24578,7789.466666666666,152.97967911530677
tsp,berlin52,MMAS,"rho=0.5, ants=10, beta=2",24699,7789.466666666666,152.97967911530677
tsp,berlin52,MMAS,"rho=0.5, ants=10, beta=2",24819,7789.466666666666,152.97967911530677
tsp,berlin52,MMAS,"rho=0.5, ants=10, beta=2",24940,7789.466666666666,152.97967911530677
tsp,berlin52,MMAS,"rho=0.5, ants=10, beta=2",25060,7789.466666666666,152.97967911530677
tsp,berlin52,MMAS,"rho=0.5, ants=10, beta=2",25181,7789.466666666666,152.97967911530677
tsp,berlin52,MMAS,"rho=0.5, ants=10, beta=2",25301,7789.466666666666,152.97967911530677
tsp,berlin52,MMAS,"rho=0.5, ants=10, beta=2",25422,7789.466666666666,152.97967911530677
tsp,berlin52,MMAS,"rho=0.5, ants=10, beta=2",25542,7789.466666666666,152.97967911530677
tsp,berlin52,MMAS,"rho=0.5, ants=10, beta=2",25663,7789.466666666666,152.97967911530677
tsp,berlin52,MMAS,"rho=0.5, ants=10, beta=2",25783,7789.466666666666,152.97967911530677
tsp,berlin52,MMAS,"rho=0.5, ants=10, beta=2",25904,7789.466666666666,152.97967911530677
tsp,berlin52,MMAS,"rho=0.5, ants=10, beta=2",26024,7789.466666666666,152.97967911530677
tsp,berlin52,MMAS,"rho=0.5, ants=10, beta=2",26145,7789.466666666666,152.97967911530677
tsp,berlin52,MMAS,"rho=0.5, ants=10, beta=2",26265,7789.466666666666,152.97967911530677
tsp,berlin52,MMAS,"rho=0.5, ants=10, beta=2",26386,7789.466666666666,152.97967911530677
tsp,berlin52,MMAS,"rho=0.5, ants=10, beta=2",26506,7776.666666666667,164.67085014928685
tsp,berlin52,MMAS,"rho=0.5, ants=10, beta=2",26627,7776.666666666667,164.67085014928685
tsp,berlin52,MMAS,"rho=0.5, ants=10, beta=2",26747,7776.666666666667,164.67085014928685
tsp,berlin52,MMAS,"rho=0.5, ants=10, beta=2",26867,7776.666666666667,164.67085014928685
tsp,berlin52,MMAS,"rho=0.5, ants=10, beta=2",26988,7776.666666666667,164.67085014928685
tsp,berlin52,MMAS,"rho=0.5, ants=10, beta=2",27108,7776.666666666667,164.67085014928685
tsp,berlin52,MMAS,"rho=0.5, ants=10, beta=2",27229,7776.666666666667,164.67085014928685
tsp,berlin52,MMAS,"rho=0.5, ants=10, beta=2",27349,7776.666666666667,164.67085014928685
tsp,berlin52,MMAS,"rho=0.5, ants=10, beta=2",27470,7776.666666666667,164.67085014928685
tsp,berlin52,MMAS,"rho=0.5, ants=10, beta=2",27590,7776.666666666667,164.67085014928685
tsp,berlin52,MMAS,"rho=0.5, ants=10, beta=2",27711,7776.666666666667,164.67085014928685
tsp,berlin52,MMAS,"rho=0.5, ants=10, beta=2",27831,7776.666666666667,164.67085014928685
tsp,berlin52,MMAS,"rho=0.5, ants=10, beta=2",27952,7776.666666666667,164.67085014928685
tsp,berlin52,MMAS,"rho=0.5, ants=10, beta=2",28072,7776.666666666667,164.67085014928685
tsp,berlin52,MMAS,"rho=0.5, ants=10, beta=2",28193,7776.666666666667,164.67085014928685
tsp,berlin52,MMAS,"rho=0.5, ants=10, beta=2",28313,7776.666666666667,164.67085014928685
tsp,berlin52,MMAS,"rho=0.5, ants=10, beta=2",28434,7776.666666666667,164.67085014928685
tsp,berlin52,MMAS,"rho=0.5, ants=10, beta=2",28554,7776.666666666667,164.67085014928685
tsp,berlin52,MMAS,"rho=0.5, ants=10, beta=2",28675,7776.666666666667,164.67085014928685
tsp,berlin52,MMAS,"rho=0.5, ants=10, beta=2",28795,7776.666666666667,164.67085014928685
tsp,berlin52,MMAS,"rho=0.5, ants=10, beta=2",28916,7776.666666666667,164.67085014928685
tsp,berlin52,MMAS,"rho=0.5, ants=10, beta=2",29036,7776.666666666667,164.67085014928685
tsp,berlin52,MMAS,"rho=0.5, ants=10, beta=2",29157,7776.666666666667,164.67085014928685
tsp,berlin52,MMAS,"rho=0.5, ants=10, beta=2",29277,7776.666666666667,164.67085014928685
tsp,berlin52,MMAS,"rho=0.5, ants=10, beta=2",29398,7776.666666666667,164.67085014928685
tsp,berlin52,MMAS,"rho=0.5, ants=10, beta=2",29518,7776.666666666667,164.67085014928685
tsp,berlin52,MMAS,"rho=0.5, ants=10, beta=2",29639,7776.666666666667,164.67085014928685
tsp,berlin52,MMAS,"rho=0.5, ants=10, beta=2",29759,7776.666666666667,164.67085014928685
tsp,berlin52,MMAS,"rho=0.5, ants=10, beta=2",29880,7776.666666666667,164.67085014928685
tsp,berlin52,MMAS,"rho=0.5, ants=10, beta=2",30000,7776.666666666667,164.67085014928685
tsp,berlin52,MMAS,"rho=0.5, ants=10, beta=3",0,11650.666666666666,683.7819990481048
tsp,berlin52,MMAS,"rho=0.5, ants=10, beta=3",120,8758.060240963854,262.9606518613534
tsp,berlin52,MMAS,"rho=0.5, ants=10, beta=3",241,8491.504417670683,202.13760242315635
tsp,berlin52,MMAS,"rho=0.5, ants=10, beta=3",361,8387.858634538154,195.43288225606207
tsp,berlin52,MMAS,"rho=0.5, ants=10, beta=3",482,8312.065060240964,179.7322188831743
tsp,berlin52,MMAS,"rho=0.5, ants=10, beta=3",602,8235.6,168.42280130671145
tsp,berlin52,MMAS,"rho=0.5, ants=10, beta=3",723,8183.106827309237,213.49323120191883
tsp,berlin52,MMAS,"rho=0.5, ants=10, beta=3",843,8122.44578313253,225.58886393187075
tsp,berlin52,MMAS,"rho=0.5, ants=10, beta=3",964,8108.690763052208,210.5932427340913
tsp,berlin52,MMAS,"rho=0.5, ants=10, beta=3",1084,8075.701204819276,214.12442827331603
tsp,berlin52,MMAS,"rho=0.5, ants=10, beta=3",1205,8030.604819277109,202.5622850114093
tsp,berlin52,MMAS,"rho=0.5, ants=10, beta=3",1325,8011.117269076305,206.80333419587726
tsp,berlin52,MMAS,"rho=0.5, ants=10, beta=3",1446,7989.975100401606,201.5964333337077
tsp,berlin52,MMAS,"rho=0.5, ants=10, beta=3",1566,7969.133333333333,210.28674602921495
tsp,berlin52,MMAS,"rho=0.5, ants=10, beta=3",1687,7966.466666666666,206.9092769522162
tsp,berlin52,MMAS,"rho=0.5, ants=10, beta=3",1807,7942.7389558232935,196.98130250087954
tsp,berlin52,MMAS,"rho=0.5, ants=10, beta=3",1928,7930.905220883534,198.7789565177801
tsp,berlin52,MMAS,"rho=0.5, ants=10, beta=3",2048,7930.6,198.91934714015795
tsp,berlin52,MMAS,"rho=0.5, ants=10, beta=3",2169,7927.4,197.11377425233374
tsp,berlin52,MMAS,"rho=0.5, ants=10, beta=3",2289,7914.0,188.71919174618498
tsp,berlin52,MMAS,"rho=0.5, ants=10, beta=3",2410,7914.0,188.71919174618498
tsp,berlin52,MMAS,"rho=0.5, ants=10, beta=3",2530,7913.666666666667,188.35734360223094
tsp,berlin52,MMAS,"rho=0.5, ants=10, beta=3",2651,7910.266666666666,187.79650925639936
tsp,berlin52,MMAS,"rho=0.5, ants=10, beta=3",2771,7909.933333333333,187.33195729031985
tsp,berlin52,MMAS,"rho=0.5, ants=10, beta=3",2892,7904.866666666667,182.65956190562693
tsp,berlin52,MMAS,"rho=0.5, ants=10, beta=3",3012,7904.866666666667,182.65956190562693
tsp,berlin52,MMAS,"rho=0.5, ants=10, beta=3",3133,7901.866666666667,180.7753178826013
tsp,berlin52,MMAS,"rho=0.5, ants=10, beta=3",3253,7898.85140562249,179.56992543304773
tsp,berlin52,MMAS,"rho=0.5, ants=10, beta=3",3373,7897.733333333334,179.30140979801456
tsp,berlin52,MMAS,"rho=0.5, ants=10, beta=3",3494,7896.8401606425705,178.23825783536086
tsp,berlin52,MMAS,"rho=0.5, ants=10, beta=3",3614,7895.8,178.8284839354924
tsp,berlin52,MMAS,"rho=0.5, ants=10, beta=3",3735,7895.8,178.8284839354924
tsp,berlin52,MMAS,"rho=0.5, ants=10, beta=3",3855,7894.266666666666,178.6099910108303
tsp,berlin52,MMAS,"rho=0.5, ants=10, beta=3",3976,7894.266666666666,178.6099910108303
tsp,berlin52,MMAS,"rho=0.5, ants=10, beta=3",4096,7892.133333333333,177.4380142159196
tsp,berlin52,MMAS,"rho=0.5, ants=10, beta=3",4217,7892.133333333333,177.4380142159196
tsp,berlin52,MMAS,"rho=0.5, ants=10, beta=3",4337,7892.133333333333,177.4380142159196
tsp,berlin52,MMAS,"rho=0.5, ants=10, beta=3",4458,7889.7389558232935,174.45471616661533
tsp,berlin52,MMAS,"rho=0.5, ants=10, beta=3",4578,7889.666666666667,174.50947124885676
tsp,berlin52,MMAS,"rho=0.5, ants=10, beta=3",4699,7889.6,174.47437252120056
tsp,berlin52,MMAS,"rho=0.5, ants=10, beta=3",4819,7889.6,174.47437252120056
tsp,berlin52,MMAS,"rho=0.5, ants=10, beta=3",4940,7889.6,174.47437252120056
tsp,berlin52,MMAS,"rho=0.5, ants=10, beta=3",5060,7889.6,174.47437252120056
tsp,berlin52,MMAS,"rho=0.5, ants=10, beta=3",5181,7888.066666666667,173.7640034324972
tsp,berlin52,MMAS,"rho=0.5, ants=10, beta=3",5301,7888.066666666667,173.7640034324972
tsp,berlin52,MMAS,"rho=0.5, ants=10, beta=3",5422,7888.066666666667,173.7640034324972
tsp,berlin52,MMAS,"rho=0.5, ants=10, beta=3",5542,7888.066666666667,173.7640034324972
tsp,berlin52,MMAS,"rho=0.5, ants=10, beta=3",5663,7888.066666666667,173.7640034324972
tsp,berlin52,MMAS,"rho=0.5, ants=10, beta=3",5783,7874.8,163.69451222729896
tsp,berlin52,MMAS,"rho=0.5, ants=10, beta=3",5904,7870.6,163.54563073752027
tsp,berlin52,MMAS,"rho=0.5, ants=10, beta=3",6024,7870.6,163.54563073752027
tsp,berlin52,MMAS,"rho=0.5, ants=10, beta=3",6145,7869.4,161.6414963223656
tsp,berlin52,MMAS,"rho=0.5, ants=10, beta=3",6265,7869.4,161.6414963223656
tsp,berlin52,MMAS,"rho=0.5, ants=10, beta=3",6386,7867.6,158.9804180813893
tsp,berlin52,MMAS,"rho=0.5, ants=10, beta=3",6506,7867.266666666666,159.02849500080865
tsp,berlin52,MMAS,"rho=0.5, ants=10, beta=3",6627,7867.266666666666,159.02849500080865
tsp,berlin52,MMAS,"rho=0.5, ants=10, beta=3",6747,7859.133333333333,150.20158306607678
tsp,berlin52,MMAS,"rho=0.5, ants=10, beta=3",6867,7853.174297188755,147.21412843313936
tsp,berlin52,MMAS,"rho=0.5, ants=10, beta=3",6988,7849.133333333333,146.77005446918963
tsp,berlin52,MMAS,"rho=0.5, ants=10, beta=3",7108,7842.875502008032,148.6380692522553
tsp,berlin52,MMAS,"rho=0.5, ants=10, beta=3",7229,7837.133333333333,151.25689699610027
tsp,berlin52,MMAS,"rho=0.5, ants=10, beta=3",7349,7837.133333333333,151.25689699610027
tsp,berlin52,MMAS,"rho=0.5, ants=10, beta=3",7470,7836.666666666667,150.9802047363237
tsp,berlin52,MMAS,"rho=0.5, ants=10, beta=3",7590,7836.666666666667,150.9802047363237
tsp,berlin52,MMAS,"rho=0.5, ants=10, beta=3",7711,7836.666666666667,150.9802047363237
tsp,berlin52,MMAS,"rho=0.5, ants=10, beta=3",7831,7836.666666666667,150.9802047363237
tsp,berlin52,MMAS,"rho=0.5, ants=10, beta=3",7952,7836.666666666667,150.9802047363237
tsp,berlin52,MMAS,"rho=0.5, ants=10, beta=3",8072,7836.666666666667,150.9802047363237
tsp,berlin52,MMAS,"rho=0.5, ants=10, beta=3",8193,7835.933333333333,151.07634567404068
tsp,berlin52,MMAS,"rho=0.5, ants=10, beta=3",8313,7833.8,152.39606294127157
tsp,berlin52,MMAS,"rho=0.5, ants=10, beta=3",8434,7833.625702811245,152.3114277260618
tsp,berlin52,MMAS,"rho=0.5, ants=10, beta=3",8554,7833.333333333333,152.1756295279314
tsp,berlin52,MMAS,"rho=0.5, ants=10, beta=3",8675,7833.333333333333,152.1756295279314
tsp,berlin52,MMAS,"rho=0.5, ants=10, beta=3",8795,7833.333333333333,152.1756295279314
tsp,berlin52,MMAS,"rho=0.5, ants=10, beta=3",8916,7831.6,153.54165558570742
tsp,berlin52,MMAS,"rho=0.5, ants=10, beta=3",9036,7831.6,153.54165558570742
tsp,berlin52,MMAS,"rho=0.5, ants=10, beta=3",9157,7831.6,153.54165558570742
tsp,berlin52,MMAS,"rho=0.5, ants=10, beta=3",9277,7831.6,153.54165558570742
tsp,berlin52,MMAS,"rho=0.5, ants=10, beta=3",9398,7826.266666666666,159.33506275212062
tsp,berlin52,MMAS,"rho=0.5, ants=10, beta=3",9518,7826.266666666666,159.33506275212062
tsp,berlin52,MMAS,"rho=0.5, ants=10, beta=3",9639,7825.0,160.13702465909208
tsp,berlin52,MMAS,"rho=0.5, ants=10, beta=3",9759,7825.0,160.13702465909208
tsp,berlin52,MMAS,"rho=0.5, ants=10, beta=3",9880,7825.0,160.13702465909208
tsp,berlin52,MMAS,"rho=0.5, ants=10, beta=3",10000,7825.0,160.13702465909208
tsp,berlin52,MMAS,"rho=0.5, ants=10, beta=3",10120,7825.0,160.13702465909208
tsp,berlin52,MMAS,"rho=0.5, ants=10, beta=3",10241,7821.4,165.25285675795945
tsp,berlin52,MMAS,"rho=0.5, ants=10, beta=3",10361,7819.866666666667,167.71319433949003
tsp,berlin52,MMAS,"rho=0.5, ants=10, beta=3",10482,7819.866666666667,167.71319433949003
tsp,berlin52,MMAS,"rho=0.5, ants=10, beta=3",10602,7819.738152610442,167.63483710623902
tsp,berlin52,MMAS,"rho=0.5, ants=10, beta=3",10723,7818.8,167.43524121283428
tsp,berlin52,MMAS,"rho=0.5, ants=10, beta=3",10843,7815.551004016064,168.24512582393066
tsp,berlin52,MMAS,"rho=0.5, ants=10, beta=3",10964,7814.8,168.66661396573616
tsp,berlin52,MMAS,"rho=0.5, ants=10, beta=3",11084,7814.8,168.66661396573616
tsp,berlin52,MMAS,"rho=0.5, ants=10, beta=3",11205,7814.8,168.66661396573616
tsp,berlin52,MMAS,"rho=0.5, ants=10, beta=3",11325,7814.8,168.66661396573616
tsp,berlin52,MMAS,"rho=0.5, ants=10, beta=3",11446,7814.8,168.66661396573616
tsp,berlin52,MMAS,"rho=0.5, ants=10, beta=3",11566,7814.8,168.66661396573616
tsp,berlin52,MMAS,"rho=0.5, ants=10, beta=3",11687,7814.8,168.66661396573616
tsp,berlin52,MMAS,"rho=0.5, ants=10, beta=3",11807,7814.8,168.66661396573616
tsp,berlin52,MMAS,"rho=0.5, ants=10, beta=3",11928,7814.8,168.66661396573616
tsp,berlin52,MMAS,"rho=0.5, ants=10, beta=3",12048,7814.8,168.66661396573616
tsp,berlin52,MMAS,"rho=0.5, ants=10, beta=3",12169,7814.8,168.66661396573616
tsp,berlin52,MMAS,"rho=0.5, ants=10, beta=3",12289,7814.8,168.66661396573616
tsp,berlin52,MMAS,"rho=0.5, ants=10, beta=3",12410,7814.8,168.66661396573616
tsp,berlin52,MMAS,"rho=0.5, ants=10, beta=3",12530,7814.8,168.66661396573616
tsp,berlin52,MMAS,"rho=0.5, ants=10, beta=3",12651,7814.8,168.66661396573616
tsp,berlin52,MMAS,"rho=0.5, ants=10, beta=3",12771,7814.8,168.66661396573616
tsp,berlin52,MMAS,"rho=0.5, ants=10, beta=3",12892,7814.8,168.66661396573616
tsp,berlin52,MMAS,"rho=0.5, ants=10, beta=3",13012,7814.8,168.66661396573616
tsp,berlin52,MMAS,"rho=0.5, ants=10, beta=3",13133,7814.8,168.66661396573616
tsp,berlin52,MMAS,"rho=0.5, ants=10, beta=3",13253,7814.8,168.66661396573616
tsp,berlin52,MMAS,"rho=0.5, ants=10, beta=3",13373,7814.6,168.39390329423054
tsp,berlin52,MMAS,"rho=0.5, ants=10, beta=3",13494,7813.2,166.56658328328245
tsp,berlin52,MMAS,"rho=0.5, ants=10, beta=3",13614,7808.466666666666,161.4975197607966
tsp,berlin52,MMAS,"rho=0.5, ants=10, beta=3",13735,7808.466666666666,161.4975197607966
tsp,berlin52,MMAS,"rho=0.5, ants=10, beta=3",13855,7808.466666666666,161.4975197607966
tsp,berlin52,MMAS,"rho=0.5, ants=10, beta=3",13976,7808.466666666666,161.4975197607966
tsp,berlin52,MMAS,"rho=0.5, ants=10, beta=3",14096,7808.466666666666,161.4975197607966
tsp,berlin52,MMAS,"rho=0.5, ants=10, beta=3",14217,7808.466666666666,161.4975197607966
tsp,berlin52,MMAS,"rho=0.5, ants=10, beta=3",14337,7808.466666666666,161.4975197607966
tsp,berlin52,MMAS,"rho=0.5, ants=10, beta=3",14458,7808.466666666666,161.4975197607966
tsp,berlin52,MMAS,"rho=0.5, ants=10, beta=3",14578,7808.466666666666,161.4975197607966
tsp,berlin52,MMAS,"rho=0.5, ants=10, beta=3",14699,7808.466666666666,161.4975197607966
tsp,berlin52,MMAS,"rho=0.5, ants=10, beta=3",14819,7808.466666666666,161.4975197607966
tsp,berlin52,MMAS,"rho=0.5, ants=10, beta=3",14940,7808.466666666666,161.4975197607966
tsp,berlin52,MMAS,"rho=0.5, ants=10, beta=3",15060,7808.466666666666,161.4975197607966
tsp,berlin52,MMAS,"rho=0.5, ants=10, beta=3",15181,7808.466666666666,161.4975197607966
tsp,berlin52,MMAS,"rho=0.5, ants=10, beta=3",15301,7808.466666666666,161.4975197607966
tsp,berlin52,MMAS,"rho=0.5, ants=10, beta=3",15422,7808.466666666666,161.4975197607966
tsp,berlin52,MMAS,"rho=0.5, ants=10, beta=3",15542,7808.466666666666,161.4975197607966
tsp,berlin52,MMAS,"rho=0.5, ants=10, beta=3",15663,7808.466666666666,161.4975197607966
tsp,berlin52,MMAS,"rho=0.5, ants=10, beta=3",15783,7808.466666666666,161.4975197607966
tsp,berlin52,MMAS,"rho=0.5, ants=10, beta=3",15904,7808.466666666666,161.4975197607966
tsp,berlin52,MMAS,"rho=0.5, ants=10, beta=3",16024,7808.466666666666,161.4975197607966
tsp,berlin52,MMAS,"rho=0.5, ants=10, beta=3",16145,7807.666666666667,160.643566804138
tsp,berlin52,MMAS,"rho=0.5, ants=10, beta=3",16265,7807.666666666667,160.643566804138
tsp,berlin52,MMAS,"rho=0.5, ants=10, beta=3",16386,7807.666666666667,160.643566804138
tsp,berlin52,MMAS,"rho=0.5, ants=10, beta=3",16506,7807.666666666667,160.643566804138
tsp,berlin52,MMAS,"rho=0.5, ants=10, beta=3",16627,7807.266666666666,160.23585394314497
tsp,berlin52,MMAS,"rho=0.5, ants=10, beta=3",16747,7807.266666666666,160.23585394314497
tsp,berlin52,MMAS,"rho=0.5, ants=10, beta=3",16867,7807.266666666666,160.23585394314497
tsp,berlin52,MMAS,"rho=0.5, ants=10, beta=3",16988,7807.266666666666,160.23585394314497
tsp,berlin52,MMAS,"rho=0.5, ants=10, beta=3",17108,7807.266666666666,160.23585394314497
tsp,berlin52,MMAS,"rho=0.5, ants=10, beta=3",17229,7807.266666666666,160.23585394314497
tsp,berlin52,MMAS,"rho=0.5, ants=10, beta=3",17349,7807.266666666666,160.23585394314497
tsp,berlin52,MMAS,"rho=0.5, ants=10, beta=3",17470,7807.266666666666,160.23585394314497
tsp,berlin52,MMAS,"rho=0.5, ants=10, beta=3",17590,7807.266666666666,160.23585394314497
tsp,berlin52,MMAS,"rho=0.5, ants=10, beta=3",17711,7807.266666666666,160.23585394314497
tsp,berlin52,MMAS,"rho=0.5, ants=10, beta=3",17831,7807.266666666666,160.23585394314497
tsp,berlin52,MMAS,"rho=0.5, ants=10, beta=3",17952,7807.266666666666,160.23585394314497
tsp,berlin52,MMAS,"rho=0.5, ants=10, beta=3",18072,7807.266666666666,160.23585394314497
tsp,berlin52,MMAS,"rho=0.5, ants=10, beta=3",18193,7807.266666666666,160.23585394314497
tsp,berlin52,MMAS,"rho=0.5, ants=10, beta=3",18313,7807.266666666666,160.23585394314497
tsp,berlin52,MMAS,"rho=0.5, ants=10, beta=3",18434,7807.266666666666,160.23585394314497
tsp,berlin52,MMAS,"rho=0.5, ants=10, beta=3",18554,7807.266666666666,160.23585394314497
tsp,berlin52,MMAS,"rho=0.5, ants=10, beta=3",18675,7805.866666666667,158.9116595960018
tsp,berlin52,MMAS,"rho=0.5, ants=10, beta=3",18795,7805.866666666667,158.9116595960018
tsp,berlin52,MMAS,"rho=0.5, ants=10, beta=3",18916,7805.866666666667,158.9116595960018
tsp,berlin52,MMAS,"rho=0.5, ants=10, beta=3",19036,7805.866666666667,158.9116595960018
tsp,berlin52,MMAS,"rho=0.5, ants=10, beta=3",19157,7805.8,158.85263611284515
tsp,berlin52,MMAS,"rho=0.5, ants=10, beta=3",19277,7804.266666666666,157.59799773121767
tsp,berlin52,MMAS,"rho=0.5, ants=10, beta=3",19398,7804.266666666666,157.59799773121767
tsp,berlin52,MMAS,"rho=0.5, ants=10, beta=3",19518,7804.266666666666,157.59799773121767
tsp,berlin52,MMAS,"rho=0.5, ants=10, beta=3",19639,7803.733333333334,157.2083401802278
tsp,berlin52,MMAS,"rho=0.5, ants=10, beta=3",19759,7803.733333333334,157.2083401802278
tsp,berlin52,MMAS,"rho=0.5, ants=10, beta=3",19880,7803.733333333334,157.2083401802278
tsp,berlin52,MMAS,"rho=0.5, ants=10, beta=3",20000,7803.733333333334,157.2083401802278
tsp,berlin52,MMAS,"rho=0.5, ants=10, beta=3",20120,7803.733333333334,157.2083401802278
tsp,berlin52,MMAS,"rho=0.5, ants=10, beta=3",20241,7803.733333333334,157.2083401802278
tsp,berlin52,MMAS,"rho=0.5, ants=10, beta=3",20361,7803.733333333334,157.2083401802278
tsp,berlin52,MMAS,"rho=0.5, ants=10, beta=3",20482,7803.733333333334,157.2083401802278
tsp,berlin52,MMAS,"rho=0.5, ants=10, beta=3",20602,7803.733333333334,157.2083401802278
tsp,berlin52,MMAS,"rho=0.5, ants=10, beta=3",20723,7803.733333333334,157.2083401802278
tsp,berlin52,MMAS,"rho=0.5, ants=10, beta=3",20843,7803.733333333334,157.2083401802278
tsp,berlin52,MMAS,"rho=0.5, ants=10, beta=3",20964,7803.733333333334,157.2083401802278
tsp,berlin52,MMAS,"rho=0.5, ants=10, beta=3",21084,7803.266666666666,156.78029921588433
tsp,berlin52,MMAS,"rho=0.5, ants=10, beta=3",21205,7803.266666666666,156.78029921588433
tsp,berlin52,MMAS,"rho=0.5, ants=10, beta=3",21325,7803.266666666666,156.78029921588433
tsp,berlin52,MMAS,"rho=0.5, ants=10, beta=3",21446,7803.266666666666,156.78029921588433
tsp,berlin52,MMAS,"rho=0.5, ants=10, beta=3",21566,7803.266666666666,156.78029921588433
tsp,berlin52,MMAS,"rho=0.5, ants=10, beta=3",21687,7803.266666666666,156.78029921588433
tsp,berlin52,MMAS,"rho=0.5, ants=10, beta=3",21807,7803.266666666666,156.78029921588433
tsp,berlin52,MMAS,"rho=0.5, ants=10, beta=3",21928,7803.266666666666,156.78029921588433
tsp,berlin52,MMAS,"rho=0.5, ants=10, beta=3",22048,7801.866666666667,157.25345429874946
tsp,berlin52,MMAS,"rho=0.5, ants=10, beta=3",22169,7801.866666666667,157.25345429874946
tsp,berlin52,MMAS,"rho=0.5, ants=10, beta=3",22289,7801.866666666667,157.25345429874946
tsp,berlin52,MMAS,"rho=0.5, ants=10, beta=3",22410,7801.866666666667,157.25345429874946
tsp,berlin52,MMAS,"rho=0.5, ants=10, beta=3",22530,7801.866666666667,157.25345429874946
tsp,berlin52,MMAS,"rho=0.5, ants=10, beta=3",22651,7801.866666666667,157.25345429874946
tsp,berlin52,MMAS,"rho=0.5, ants=10, beta=3",22771,7801.866666666667,157.25345429874946
tsp,berlin52,MMAS,"rho=0.5, ants=10, beta=3",22892,7801.866666666667,157.25345429874946
tsp,berlin52,MMAS,"rho=0.5, ants=10, beta=3",23012,7801.8,157.28030179692985
tsp,berlin52,MMAS,"rho=0.5, ants=10, beta=3",23133,7800.266666666666,158.00526010934644
tsp,berlin52,MMAS,"rho=0.5, ants=10, beta=3",23253,7800.266666666666,158.00526010934644
tsp,berlin52,MMAS,"rho=0.5, ants=10, beta=3",23373,7800.266666666666,158.00526010934644
tsp,berlin52,MMAS,"rho=0.5, ants=10, beta=3",23494,7800.266666666666,158.00526010934644
tsp,berlin52,MMAS,"rho=0.5, ants=10, beta=3",23614,7800.266666666666,158.00526010934644
tsp,berlin52,MMAS,"rho=0.5, ants=10, beta=3",23735,7800.266666666666,158.00526010934644
tsp,berlin52,MMAS,"rho=0.5, ants=10, beta=3",23855,7800.266666666666,158.00526010934644
tsp,berlin52,MMAS,"rho=0.5, ants=10, beta=3",23976,7800.266666666666,158.00526010934644
tsp,berlin52,MMAS,"rho=0.5, ants=10, beta=3",24096,7800.266666666666,158.00526010934644
tsp,berlin52,MMAS,"rho=0.5, ants=10, beta=3",24217,7800.266666666666,158.00526010934644
tsp,berlin52,MMAS,"rho=0.5, ants=10, beta=3",24337,7800.266666666666,158.00526010934644
tsp,berlin52,MMAS,"rho=0.5, ants=10, beta=3",24458,7800.266666666666,158.00526010934644
tsp,berlin52,MMAS,"rho=0.5, ants=10, beta=3",24578,7800.266666666666,158.00526010934644
tsp,berlin52,MMAS,"rho=0.5, ants=10, beta=3",24699,7800.266666666666,158.00526010934644
tsp,berlin52,MMAS,"rho=0.5, ants=10, beta=3",24819,7800.266666666666,158.00526010934644
tsp,berlin52,MMAS,"rho=0.5, ants=10, beta=3",24940,7800.266666666666,158.00526010934644
tsp,berlin52,MMAS,"rho=0.5, ants=10, beta=3",25060,7800.266666666666,158.00526010934644
tsp,berlin52,MMAS,"rho=0.5, ants=10, beta=3",25181,7800.266666666666,158.00526010934644
tsp,berlin52,MMAS,"rho=0.5, ants=10, beta=3",25301,7800.266666666666,158.00526010934644
tsp,berlin52,MMAS,"rho=0.5, ants=10, beta=3",25422,7799.333333333333,157.10958666555717
tsp,berlin52,MMAS,"rho=0.5, ants=10, beta=3",25542,7799.333333333333,157.10958666555717
tsp,berlin52,MMAS,"rho=0.5, ants=10, beta=3",25663,7799.333333333333,157.10958666555717
tsp,berlin52,MMAS,"rho=0.5, ants=10, beta=3",25783,7799.333333333333,157.10958666555717
tsp,berlin52,MMAS,"rho=0.5, ants=10, beta=3",25904,7797.2,157.8852748042071
tsp,berlin52,MMAS,"rho=0.5, ants=10, beta=3",26024,7796.489959839357,158.23194367008497
tsp,berlin52,MMAS,"rho=0.5, ants=10, beta=3",26145,7785.0,169.62664884976064
tsp,berlin52,MMAS,"rho=0.5, ants=10, beta=3",26265,7785.0,169.62664884976064
tsp,berlin52,MMAS,"rho=0.5, ants=10, beta=3",26386,7785.0,169.62664884976064
tsp,berlin52,MMAS,"rho=0.5, ants=10, beta=3",26506,7785.0,169.62664884976064
tsp,berlin52,MMAS,"rho=0.5, ants=10, beta=3",26627,7785.0,169.62664884976064
tsp,berlin52,MMAS,"rho=0.5, ants=10, beta=3",26747,7785.0,169.62664884976064
tsp,berlin52,MMAS,"rho=0.5, ants=10, beta=3",26867,7785.0,169.62664884976064
tsp,berlin52,MMAS,"rho=0.5, ants=10, beta=3",26988,7785.0,169.62664884976064
tsp,berlin52,MMAS,"rho=0.5, ants=10, beta=3",27108,7785.0,169.62664884976064
tsp,berlin52,MMAS,"rho=0.5, ants=10, beta=3",27229,7785.0,169.62664884976064
tsp,berlin52,MMAS,"rho=0.5, ants=10, beta=3",27349,7785.0,169.62664884976064
tsp,berlin52,MMAS,"rho=0.5, ants=10, beta=3",27470,7785.0,169.62664884976064
tsp,berlin52,MMAS,"rho=0.5, ants=10, beta=3",27590,7785.0,169.62664884976064
tsp,berlin52,MMAS,"rho=0.5, ants=10, beta=3",27711,7785.0,169.62664884976064
tsp,berlin52,MMAS,"rho=0.5, ants=10, beta=3",27831,7785.0,169.62664884976064
tsp,berlin52,MMAS,"rho=0.5, ants=10, beta=3",27952,7785.0,169.62664884976064
tsp,berlin52,MMAS,"rho=0.5, ants=10, beta=3",28072,7785.0,169.62664884976064
tsp,berlin52,MMAS,"rho=0.5, ants=10, beta=3",28193,7785.0,169.62664884976064
tsp,berlin52,MMAS,"rho=0.5, ants=10, beta=3",28313,7785.0,169.62664884976064
tsp,berlin52,MMAS,"rho=0.5, ants=10, beta=3",28434,7785.0,169.62664884976064
tsp,berlin52,MMAS,"rho=0.5, ants=10, beta=3",28554,7785.0,169.62664884976064
tsp,berlin52,MMAS,"rho=0.5, ants=10, beta=3",28675,7785.0,169.62664884976064
tsp,berlin52,MMAS,"rho=0.5, ants=10, beta=3",28795,7785.0,169.62664884976064
tsp,berlin52,MMAS,"rho=0.5, ants=10, beta=3",28916,7785.0,169.62664884976064
tsp,berlin52,MMAS,"rho=0.5, ants=10, beta=3",29036,7785.0,169.62664884976064
tsp,berlin52,MMAS,"rho=0.5, ants=10, beta=3",29157,7785.0,169.62664884976064
tsp,berlin52,MMAS,"rho=0.5, ants=10, beta=3",29277,7785.0,169.62664884976064
tsp,berlin52,MMAS,"rho=0.5, ants=10, beta=3",29398,7785.0,169.62664884976064
tsp,berlin52,MMAS,"rho=0.5, ants=10, beta=3",29518,7785.0,169.62664884976064
tsp,berlin52,MMAS,"rho=0.5, ants=10, beta=3",29639,7785.0,169.62664884976064
tsp,berlin52,MMAS,"rho=0.5, ants=10, beta=3",29759,7785.0,169.62664884976064
tsp,berlin52,MMAS,"rho=0.5, ants=10, beta=3",29880,7785.0,169.62664884976064
tsp,berlin52,MMAS,"rho=0.5, ants=10, beta=3",30000,7785.0,169.62664884976064
tsp,berlin52,P-ACO,"K=10, ants=30, q0=0.7, beta=2",0,9450.8,387.4274469712577
tsp,berlin52,P-ACO,"K=10, ants=30, q0=0.7, beta=2",361,8080.706024096386,205.2942585981034
tsp,berlin52,P-ACO,"K=10, ants=30, q0=0.7, beta=2",723,7971.431325301204,181.0978437649278
tsp,berlin52,P-ACO,"K=10, ants=30, q0=0.7, beta=2",1084,7926.1518072289155,189.97847200364976
tsp,berlin52,P-ACO,"K=10, ants=30, q0=0.7, beta=2",1446,7869.666666666667,207.75904847255686
tsp,berlin52,P-ACO,"K=10, ants=30, q0=0.7, beta=2",1807,7854.666666666667,206.77481041515242
tsp,berlin52,P-ACO,"K=10, ants=30, q0=0.7, beta=2",2169,7842.683534136547,203.7553884781893
tsp,berlin52,P-ACO,"K=10, ants=30, q0=0.7, beta=2",2530,7820.2,213.5934455923215
tsp,berlin52,P-ACO,"K=10, ants=30, q0=0.7, beta=2",2892,7810.266666666666,211.66560629655658
tsp,berlin52,P-ACO,"K=10, ants=30, q0=0.7, beta=2",3253,7803.133333333333,205.61448284485107
tsp,berlin52,P-ACO,"K=10, ants=30, q0=0.7, beta=2",3614,7793.333333333333,190.4106673015517
tsp,berlin52,P-ACO,"K=10, ants=30, q0=0.7, beta=2",3976,7789.2,188.42406074242925
tsp,berlin52,P-ACO,"K=10, ants=30, q0=0.7, beta=2",4337,7775.533333333334,190.02767049973423
tsp,berlin52,P-ACO,"K=10, ants=30, q0=0.7, beta=2",4699,7760.733333333334,175.3763445343249
tsp,berlin52,P-ACO,"K=10, ants=30, q0=0.7, beta=2",5060,7757.133333333333,175.4141258723355
tsp,berlin52,P-ACO,"K=10, ants=30, q0=0.7, beta=2",5422,7738.866666666667,169.5357844887687
tsp,berlin52,P-ACO,"K=10, ants=30, q0=0.7, beta=2",5783,7729.866666666667,170.85076008675588
tsp,berlin52,P-ACO,"K=10, ants=30, q0=0.7, beta=2",6145,7719.666666666667,174.82626296475658
tsp,berlin52,P-ACO,"K=10, ants=30, q0=0.7, beta=2",6506,7719.666666666667,174.82626296475658
tsp,berlin52,P-ACO,"K=10, ants=30, q0=0.7, beta=2",6867,7716.333333333333,170.31604608948493
tsp,berlin52,P-ACO,"K=10, ants=30, q0=0.7, beta=2",7229,7700.2,175.09395573044014
tsp,berlin52,P-ACO,"K=10, ants=30, q0=0.7, beta=2",7590,7697.8,174.87069508639806
tsp,berlin52,P-ACO,"K=10, ants=30, q0=0.7, beta=2",7952,7697.8,174.87069508639806
tsp,berlin52,P-ACO,"K=10, ants=30, q0=0.7, beta=2",8313,7686.333333333333,170.90491183371205
tsp,berlin52,P-ACO,"K=10, ants=30, q0=0.7, beta=2",8675,7685.6,171.05274040482368
tsp,berlin52,P-ACO,"K=10, ants=30, q0=0.7, beta=2",9036,7661.733333333334,166.7059153786158
tsp,berlin52,P-ACO,"K=10, ants=30, q0=0.7, beta=2",9398,7652.933333333333,160.55880196641007
tsp,berlin52,P-ACO,"K=10, ants=30, q0=0.7, beta=2",9759,7651.466666666666,160.68846325179112
tsp,berlin52,P-ACO,"K=10, ants=30, q0=0.7, beta=2",10120,7651.466666666666,160.68846325179112
tsp,berlin52,P-ACO,"K=10, ants=30, q0=0.7, beta=2",10482,7650.733333333334,160.42546209654154
tsp,berlin52,P-ACO,"K=10, ants=30, q0=0.7, beta=2",10843,7650.0,160.4202813445565
tsp,berlin52,P-ACO,"K=10, ants=30, q0=0.7, beta=2",11205,7643.066666666667,162.6749178235197
tsp,berlin52,P-ACO,"K=10, ants=30, q0=0.7, beta=2",11566,7617.933333333333,119.85127821132693
tsp,berlin52,P-ACO,"K=10, ants=30, q0=0.7, beta=2",11928,7617.933333333333,119.85127821132693
tsp,berlin52,P-ACO,"K=10, ants=30, q0=0.7, beta=2",12289,7617.933333333333,119.85127821132693
tsp,berlin52,P-ACO,"K=10, ants=30, q0=0.7, beta=2",12651,7617.933333333333,119.85127821132693
tsp,berlin52,P-ACO,"K=10, ants=30, q0=0.7, beta=2",13012,7617.786345381526,119.87575780396826
tsp,berlin52,P-ACO,"K=10, ants=30, q0=0.7, beta=2",13373,7617.4,120.08818981620688
tsp,berlin52,P-ACO,"K=10, ants=30, q0=0.7, beta=2",13735,7617.2,119.88449997115279
tsp,berlin52,P-ACO,"K=10, ants=30, q0=0.7, beta=2",14096,7615.666666666667,118.4683736511798
tsp,berlin52,P-ACO,"K=10, ants=30, q0=0.7, beta=2",14458,7611.066666666667,114.63476300358845
tsp,berlin52,P-ACO,"K=10, ants=30, q0=0.7, beta=2",14819,7606.533333333334,111.41805159947029
tsp,berlin52,P-ACO,"K=10, ants=30, q0=0.7, beta=2",15181,7603.066666666667,112.55722495197227
tsp,berlin52,P-ACO,"K=10, ants=30, q0=0.7, beta=2",15542,7603.066666666667,112.55722495197227
tsp,berlin52,P-ACO,"K=10, ants=30, q0=0.7, beta=2",15904,7601.266666666666,111.92644410008249
tsp,berlin52,P-ACO,"K=10, ants=30, q0=0.7, beta=2",16265,7601.266666666666,111.92644410008249
tsp,berlin52,P-ACO,"K=10, ants=30, q0=0.7, beta=2",16627,7595.533333333334,112.61075535765764
tsp,berlin52,P-ACO,"K=10, ants=30, q0=0.7, beta=2",16988,7583.666666666667,111.45741588407455
tsp,berlin52,P-ACO,"K=10, ants=30, q0=0.7, beta=2",17349,7583.666666666667,111.45741588407455
tsp,berlin52,P-ACO,"K=10, ants=30, q0=0.7, beta=2",17711,7583.666666666667,111.45741588407455
tsp,berlin52,P-ACO,"K=10, ants=30, q0=0.7, beta=2",18072,7583.666666666667,111.45741588407455
tsp,berlin52,P-ACO,"K=10, ants=30, q0=0.7, beta=2",18434,7583.666666666667,111.45741588407455
tsp,berlin52,P-ACO,"K=10, ants=30, q0=0.7, beta=2",18795,7583.666666666667,111.45741588407455
tsp,berlin52,P-ACO,"K=10, ants=30, q0=0.7, beta=2",19157,7583.666666666667,111.45741588407455
tsp,berlin52,P-ACO,"K=10, ants=30, q0=0.7, beta=2",19518,7583.666666666667,111.45741588407455
tsp,berlin52,P-ACO,"K=10, ants=30, q0=0.7, beta=2",19880,7583.666666666667,111.45741588407455
tsp,berlin52,P-ACO,"K=10, ants=30, q0=0.7, beta=2",20241,7582.666666666667,108.0096703489502
tsp,berlin52,P-ACO,"K=10, ants=30, q0=0.7, beta=2",20602,7582.666666666667,108.0096703489502
tsp,berlin52,P-ACO,"K=10, ants=30, q0=0.7, beta=2",20964,7582.333333333333,108.1268802020211
tsp,berlin52,P-ACO,"K=10, ants=30, q0=0.7, beta=2",21325,7582.333333333333,108.1268802020211
tsp,berlin52,P-ACO,"K=10, ants=30, q0=0.7, beta=2",21687,7582.333333333333,108.1268802020211
tsp,berlin52,P-ACO,"K=10, ants=30, q0=0.7, beta=2",22048,7582.333333333333,108.1268802020211
tsp,berlin52,P-ACO,"K=10, ants=30, q0=0.7, beta=2",22410,7582.333333333333,108.1268802020211
tsp,berlin52,P-ACO,"K=10, ants=30, q0=0.7, beta=2",22771,7582.333333333333,108.1268802020211
tsp,berlin52,P-ACO,"K=10, ants=30, q0=0.7, beta=2",23133,7582.333333333333,108.1268802020211
tsp,berlin52,P-ACO,"K=10, ants=30, q0=0.7, beta=2",23494,7582.333333333333,108.1268802020211
tsp,berlin52,P-ACO,"K=10, ants=30, q0=0.7, beta=2",23855,7582.333333333333,108.1268802020211
tsp,berlin52,P-ACO,"K=10, ants=30, q0=0.7, beta=2",24217,7582.0,108.24293664407546
tsp,berlin52,P-ACO,"K=10, ants=30, q0=0.7, beta=2",24578,7582.0,108.24293664407546
tsp,berlin52,P-ACO,"K=10, ants=30, q0=0.7, beta=2",24940,7582.0,108.24293664407546
tsp,berlin52,P-ACO,"K=10, ants=30, q0=0.7, beta=2",25301,7582.0,108.24293664407546
tsp,berlin52,P-ACO,"K=10, ants=30, q0=0.7, beta=2",25663,7582.0,108.24293664407546
tsp,berlin52,P-ACO,"K=10, ants=30, q0=0.7, beta=2",26024,7581.843373493976,108.29515517708292
tsp,berlin52,P-ACO,"K=10, ants=30, q0=0.7, beta=2",26386,7581.666666666667,108.35784338118872
tsp,berlin52,P-ACO,"K=10, ants=30, q0=0.7, beta=2",26747,7581.666666666667,108.35784338118872
tsp,berlin52,P-ACO,"K=10, ants=30, q0=0.7, beta=2",27108,7581.666666666667,108.35784338118872
tsp,berlin52,P-ACO,"K=10, ants=30, q0=0.7, beta=2",27470,7581.666666666667,108.35784338118872
tsp,berlin52,P-ACO,"K=10, ants=30, q0=0.7, beta=2",27831,7581.666666666667,108.35784338118872
tsp,berlin52,P-ACO,"K=10, ants=30, q0=0.7, beta=2",28193,7581.666666666667,108.35784338118872
tsp,berlin52,P-ACO,"K=10, ants=30, q0=0.7, beta=2",28554,7581.666666666667,108.35784338118872
tsp,berlin52,P-ACO,"K=10, ants=30, q0=0.7, beta=2",28916,7581.666666666667,108.35784338118872
tsp,berlin52,P-ACO,"K=10, ants=30, q0=0.7, beta=2",29277,7581.666666666667,108.35784338118872
tsp,berlin52,P-ACO,"K=10, ants=30, q0=0.7, beta=2",29639,7581.666666666667,108.35784338118872
tsp,berlin52,P-ACO,"K=10, ants=30, q0=0.7, beta=2",30000,7581.666666666667,108.35784338118872
tsp,berlin52,P-ACO,"K=10, ants=30, q0=0.7, beta=2",30361,7581.666666666667,108.35784338118872
tsp,berlin52,P-ACO,"K=10, ants=30, q0=0.7, beta=2",30723,7581.666666666667,108.35784338118872
tsp,berlin52,P-ACO,"K=10, ants=30, q0=0.7, beta=2",31084,7581.666666666667,108.35784338118872
tsp,berlin52,P-ACO,"K=10, ants=30, q0=0.7, beta=2",31446,7581.666666666667,108.35784338118872
tsp,berlin52,P-ACO,"K=10, ants=30, q0=0.7, beta=2",31807,7581.666666666667,108.35784338118872
tsp,berlin52,P-ACO,"K=10, ants=30, q0=0.7, beta=2",32169,7581.666666666667,108.35784338118872
tsp,berlin52,P-ACO,"K=10, ants=30, q0=0.7, beta=2",32530,7581.666666666667,108.35784338118872
tsp,berlin52,P-ACO,"K=10, ants=30, q0=0.7, beta=2",32892,7581.666666666667,108.35784338118872
tsp,berlin52,P-ACO,"K=10, ants=30, q0=0.7, beta=2",33253,7581.333333333333,108.47160406709625
tsp,berlin52,P-ACO,"K=10, ants=30, q0=0.7, beta=2",33614,7581.333333333333,108.47160406709625
tsp,berlin52,P-ACO,"K=10, ants=30, q0=0.7, beta=2",33976,7581.333333333333,108.47160406709625
tsp,berlin52,P-ACO,"K=10, ants=30, q0=0.7, beta=2",34337,7581.333333333333,108.47160406709625
tsp,berlin52,P-ACO,"K=10, ants=30, q0=0.7, beta=2",34699,7581.333333333333,108.47160406709625
tsp,berlin52,P-ACO,"K=10, ants=30, q0=0.7, beta=2",35060,7581.333333333333,108.47160406709625
tsp,berlin52,P-ACO,"K=10, ants=30, q0=0.7, beta=2",35422,7581.333333333333,108.47160406709625
tsp,berlin52,P-ACO,"K=10, ants=30, q0=0.7, beta=2",35783,7581.333333333333,108.47160406709625
tsp,berlin52,P-ACO,"K=10, ants=30, q0=0.7, beta=2",36145,7581.333333333333,108.47160406709625
tsp,berlin52,P-ACO,"K=10, ants=30, q0=0.7, beta=2",36506,7581.333333333333,108.47160406709625
tsp,berlin52,P-ACO,"K=10, ants=30, q0=0.7, beta=2",36867,7581.333333333333,108.47160406709625
tsp,berlin52,P-ACO,"K=10, ants=30, q0=0.7, beta=2",37229,7581.333333333333,108.47160406709625
tsp,berlin52,P-ACO,"K=10, ants=30, q0=0.7, beta=2",37590,7581.333333333333,108.47160406709625
tsp,berlin52,P-ACO,"K=10, ants=30, q0=0.7, beta=2",37952,7581.0,108.58422230385652
tsp,berlin52,P-ACO,"K=10, ants=30, q0=0.7, beta=2",38313,7581.0,108.58422230385652
tsp,berlin52,P-ACO,"K=10, ants=30, q0=0.7, beta=2",38675,7581.0,108.58422230385652
tsp,berlin52,P-ACO,"K=10, ants=30, q0=0.7, beta=2",39036,7581.0,108.58422230385652
tsp,berlin52,P-ACO,"K=10, ants=30, q0=0.7, beta=2",39398,7581.0,108.58422230385652
tsp,berlin52,P-ACO,"K=10, ants=30, q0=0.7, beta=2",39759,7581.0,108.58422230385652
tsp,berlin52,P-ACO,"K=10, ants=30, q0=0.7, beta=2",40120,7581.0,108.58422230385652
tsp,berlin52,P-ACO,"K=10, ants=30, q0=0.7, beta=2",40482,7581.0,108.58422230385652
tsp,berlin52,P-ACO,"K=10, ants=30, q0=0.7, beta=2",40843,7581.0,108.58422230385652
tsp,berlin52,P-ACO,"K=10, ants=30, q0=0.7, beta=2",41205,7581.0,108.58422230385652
tsp,berlin52,P-ACO,"K=10, ants=30, q0=0.7, beta=2",41566,7581.0,108.58422230385652
tsp,berlin52,P-ACO,"K=10, ants=30, q0=0.7, beta=2",41928,7581.0,108.58422230385652
tsp,berlin52,P-ACO,"K=10, ants=30, q0=0.7, beta=2",42289,7581.0,108.58422230385652
tsp,berlin52,P-ACO,"K=10, ants=30, q0=0.7, beta=2",42651,7581.0,108.58422230385652
tsp,berlin52,P-ACO,"K=10, ants=30, q0=0.7, beta=2",43012,7581.0,108.58422230385652
tsp,berlin52,P-ACO,"K=10, ants=30, q0=0.7, beta=2",43373,7581.0,108.58422230385652
tsp,berlin52,P-ACO,"K=10, ants=30, q0=0.7, beta=2",43735,7581.0,108.58422230385652
tsp,berlin52,P-ACO,"K=10, ants=30, q0=0.7, beta=2",44096,7581.0,108.58422230385652
tsp,berlin52,P-ACO,"K=10, ants=30, q0=0.7, beta=2",44458,7581.0,108.58422230385652
tsp,berlin52,P-ACO,"K=10, ants=30, q0=0.7, beta=2",44819,7581.0,108.58422230385652
tsp,berlin52,P-ACO,"K=10, ants=30, q0=0.7, beta=2",45181,7581.0,108.58422230385652
tsp,berlin52,P-ACO,"K=10, ants=30, q0=0.7, beta=2",45542,7581.0,108.58422230385652
tsp,berlin52,P-ACO,"K=10, ants=30, q0=0.7, beta=2",45904,7581.0,108.58422230385652
tsp,berlin52,P-ACO,"K=10, ants=30, q0=0.7, beta=2",46265,7581.0,108.58422230385652
tsp,berlin52,P-ACO,"K=10, ants=30, q0=0.7, beta=2",46627,7581.0,108.58422230385652
tsp,berlin52,P-ACO,"K=10, ants=30, q0=0.7, beta=2",46988,7581.0,108.58422230385652
tsp,berlin52,P-ACO,"K=10, ants=30, q0=0.7, beta=2",47349,7581.0,108.58422230385652
tsp,berlin52,P-ACO,"K=10, ants=30, q0=0.7, beta=2",47711,7581.0,108.58422230385652
tsp,berlin52,P-ACO,"K=10, ants=30, q0=0.7, beta=2",48072,7581.0,108.58422230385652
tsp,berlin52,P-ACO,"K=10, ants=30, q0=0.7, beta=2",48434,7581.0,108.58422230385652
tsp,berlin52,P-ACO,"K=10, ants=30, q0=0.7, beta=2",48795,7581.0,108.58422230385652
tsp,berlin52,P-ACO,"K=10, ants=30, q0=0.7, beta=2",49157,7581.0,108.58422230385652
tsp,berlin52,P-ACO,"K=10, ants=30, q0=0.7, beta=2",49518,7581.0,108.58422230385652
tsp,berlin52,P-ACO,"K=10, ants=30, q0=0.7, beta=2",49880,7581.0,108.58422230385652
tsp,berlin52,P-ACO,"K=10, ants=30, q0=0.7, beta=2",50241,7581.0,108.58422230385652
tsp,berlin52,P-ACO,"K=10, ants=30, q0=0.7, beta=2",50602,7581.0,108.58422230385652
tsp,berlin52,P-ACO,"K=10, ants=30, q0=0.7, beta=2",50964,7581.0,108.58422230385652
tsp,berlin52,P-ACO,"K=10, ants=30, q0=0.7, beta=2",51325,7581.0,108.58422230385652
tsp,berlin52,P-ACO,"K=10, ants=30, q0=0.7, beta=2",51687,7581.0,108.58422230385652
tsp,berlin52,P-ACO,"K=10, ants=30, q0=0.7, beta=2",52048,7581.0,108.58422230385652
tsp,berlin52,P-ACO,"K=10, ants=30, q0=0.7, beta=2",52410,7581.0,108.58422230385652
tsp,berlin52,P-ACO,"K=10, ants=30, q0=0.7, beta=2",52771,7581.0,108.58422230385652
tsp,berlin52,P-ACO,"K=10, ants=30, q0=0.7, beta=2",53133,7581.0,108.58422230385652
tsp,berlin52,P-ACO,"K=10, ants=30, q0=0.7, beta=2",53494,7581.0,108.58422230385652
tsp,berlin52,P-ACO,"K=10, ants=30, q0=0.7, beta=2",53855,7581.0,108.58422230385652
tsp,berlin52,P-ACO,"K=10, ants=30, q0=0.7, beta=2",54217,7581.0,108.58422230385652
tsp,berlin52,P-ACO,"K=10, ants=30, q0=0.7, beta=2",54578,7581.0,108.58422230385652
tsp,berlin52,P-ACO,"K=10, ants=30, q0=0.7, beta=2",54940,7581.0,108.58422230385652
tsp,berlin52,P-ACO,"K=10, ants=30, q0=0.7, beta=2",55301,7581.0,108.58422230385652
tsp,berlin52,P-ACO,"K=10, ants=30, q0=0.7, beta=2",55663,7581.0,108.58422230385652
tsp,berlin52,P-ACO,"K=10, ants=30, q0=0.7, beta=2",56024,7581.0,108.58422230385652
tsp,berlin52,P-ACO,"K=10, ants=30, q0=0.7, beta=2",56386,7581.0,108.58422230385652
tsp,berlin52,P-ACO,"K=10, ants=30, q0=0.7, beta=2",56747,7581.0,108.58422230385652
tsp,berlin52,P-ACO,"K=10, ants=30, q0=0.7, beta=2",57108,7581.0,108.58422230385652
tsp,berlin52,P-ACO,"K=10, ants=30, q0=0.7, beta=2",57470,7581.0,108.58422230385652
tsp,berlin52,P-ACO,"K=10, ants=30, q0=0.7, beta=2",57831,7581.0,108.58422230385652
tsp,berlin52,P-ACO,"K=10, ants=30, q0=0.7, beta=2",58193,7581.0,108.58422230385652
tsp,berlin52,P-ACO,"K=10, ants=30, q0=0.7, beta=2",58554,7581.0,108.58422230385652
tsp,berlin52,P-ACO,"K=10, ants=30, q0=0.7, beta=2",58916,7581.0,108.58422230385652
tsp,berlin52,P-ACO,"K=10, ants=30, q0=0.7, beta=2",59277,7581.0,108.58422230385652
tsp,berlin52,P-ACO,"K=10, ants=30, q0=0.7, beta=2",59639,7581.0,108.58422230385652
tsp,berlin52,P-ACO,"K=10, ants=30, q0=0.7, beta=2",60000,7581.0,108.58422230385652
tsp,berlin52,P-ACO,"K=10, ants=30, q0=0.7, beta=2",60361,7581.0,108.58422230385652
tsp,berlin52,P-ACO,"K=10, ants=30, q0=0.7, beta=2",60723,7581.0,108.58422230385652
tsp,berlin52,P-ACO,"K=10, ants=30, q0=0.7, beta=2",61084,7581.0,108.58422230385652
tsp,berlin52,P-ACO,"K=10, ants=30, q0=0.7, beta=2",61446,7581.0,108.58422230385652
tsp,berlin52,P-ACO,"K=10, ants=30, q0=0.7, beta=2",61807,7581.0,108.58422230385652
tsp,berlin52,P-ACO,"K=10, ants=30, q0=0.7, beta=2",62169,7581.0,108.58422230385652
tsp,berlin52,P-ACO,"K=10, ants=30, q0=0.7, beta=2",62530,7581.0,108.58422230385652
tsp,berlin52,P-ACO,"K=10, ants=30, q0=0.7, beta=2",62892,7581.0,108.58422230385652
tsp,berlin52,P-ACO,"K=10, ants=30, q0=0.7, beta=2",63253,7581.0,108.58422230385652
tsp,berlin52,P-ACO,"K=10, ants=30, q0=0.7, beta=2",63614,7581.0,108.58422230385652
tsp,berlin52,P-ACO,"K=10, ants=30, q0=0.7, beta=2",63976,7581.0,108.58422230385652
tsp,berlin52,P-ACO,"K=10, ants=30, q0=0.7, beta=2",64337,7581.0,108.58422230385652
tsp,berlin52,P-ACO,"K=10, ants=30, q0=0.7, beta=2",64699,7581.0,108.58422230385652
tsp,berlin52,P-ACO,"K=10, ants=30, q0=0.7, beta=2",65060,7581.0,108.58422230385652
tsp,berlin52,P-ACO,"K=10, ants=30, q0=0.7, beta=2",65422,7581.0,108.58422230385652
tsp,berlin52,P-ACO,"K=10, ants=30, q0=0.7, beta=2",65783,7581.0,108.58422230385652
tsp,berlin52,P-ACO,"K=10, ants=30, q0=0.7, beta=2",66145,7581.0,108.58422230385652
tsp,berlin52,P-ACO,"K=10, ants=30, q0=0.7, beta=2",66506,7581.0,108.58422230385652
tsp,berlin52,P-ACO,"K=10, ants=30, q0=0.7, beta=2",66867,7581.0,108.58422230385652
tsp,berlin52,P-ACO,"K=10, ants=30, q0=0.7, beta=2",67229,7581.0,108.58422230385652
tsp,berlin52,P-ACO,"K=10, ants=30, q0=0.7, beta=2",67590,7581.0,108.58422230385652
tsp,berlin52,P-ACO,"K=10, ants=30, q0=0.7, beta=2",67952,7581.0,108.58422230385652
tsp,berlin52,P-ACO,"K=10, ants=30, q0=0.7, beta=2",68313,7581.0,108.58422230385652
tsp,berlin52,P-ACO,"K=10, ants=30, q0=0.7, beta=2",68675,7581.0,108.58422230385652
tsp,berlin52,P-ACO,"K=10, ants=30, q0=0.7, beta=2",69036,7581.0,108.58422230385652
tsp,berlin52,P-ACO,"K=10, ants=30, q0=0.7, beta=2",69398,7581.0,108.58422230385652
tsp,berlin52,P-ACO,"K=10, ants=30, q0=0.7, beta=2",69759,7581.0,108.58422230385652
tsp,berlin52,P-ACO,"K=10, ants=30, q0=0.7, beta=2",70120,7581.0,108.58422230385652
tsp,berlin52,P-ACO,"K=10, ants=30, q0=0.7, beta=2",70482,7581.0,108.58422230385652
tsp,berlin52,P-ACO,"K=10, ants=30, q0=0.7, beta=2",70843,7581.0,108.58422230385652
tsp,berlin52,P-ACO,"K=10, ants=30, q0=0.7, beta=2",71205,7581.0,108.58422230385652
tsp,berlin52,P-ACO,"K=10, ants=30, q0=0.7, beta=2",71566,7581.0,108.58422230385652
tsp,berlin52,P-ACO,"K=10, ants=30, q0=0.7, beta=2",71928,7581.0,108.58422230385652
tsp,berlin52,P-ACO,"K=10, ants=30, q0=0.7, beta=2",72289,7581.0,108.58422230385652
tsp,berlin52,P-ACO,"K=10, ants=30, q0=0.7, beta=2",72651,7581.0,108.58422230385652
tsp,berlin52,P-ACO,"K=10, ants=30, q0=0.7, beta=2",73012,7581.0,108.58422230385652
tsp,berlin52,P-ACO,"K=10, ants=30, q0=0.7, beta=2",73373,7581.0,108.58422230385652
tsp,berlin52,P-ACO,"K=10, ants=30, q0=0.7, beta=2",73735,7581.0,108.58422230385652
tsp,berlin52,P-ACO,"K=10, ants=30, q0=0.7, beta=2",74096,7581.0,108.58422230385652
tsp,berlin52,P-ACO,"K=10, ants=30, q0=0.7, beta=2",74458,7581.0,108.58422230385652
tsp,berlin52,P-ACO,"K=10, ants=30, q0=0.7, beta=2",74819,7581.0,108.58422230385652
tsp,berlin52,P-ACO,"K=10, ants=30, q0=0.7, beta=2",75181,7581.0,108.58422230385652
tsp,berlin52,P-ACO,"K=10, ants=30, q0=0.7, beta=2",75542,7581.0,108.58422230385652
tsp,berlin52,P-ACO,"K=10, ants=30, q0=0.7, beta=2",75904,7581.0,108.58422230385652
tsp,berlin52,P-ACO,"K=10, ants=30, q0=0.7, beta=2",76265,7581.0,108.58422230385652
tsp,berlin52,P-ACO,"K=10, ants=30, q0=0.7, beta=2",76627,7581.0,108.58422230385652
tsp,berlin52,P-ACO,"K=10, ants=30, q0=0.7, beta=2",76988,7581.0,108.58422230385652
tsp,berlin52,P-ACO,"K=10, ants=30, q0=0.7, beta=2",77349,7581.0,108.58422230385652
tsp,berlin52,P-ACO,"K=10, ants=30, q0=0.7, beta=2",77711,7581.0,108.58422230385652
tsp,berlin52,P-ACO,"K=10, ants=30, q0=0.7, beta=2",78072,7581.0,108.58422230385652
tsp,berlin52,P-ACO,"K=10, ants=30, q0=0.7, beta=2",78434,7581.0,108.58422230385652
tsp,berlin52,P-ACO,"K=10, ants=30, q0=0.7, beta=2",78795,7581.0,108.58422230385652
tsp,berlin52,P-ACO,"K=10, ants=30, q0=0.7, beta=2",79157,7581.0,108.58422230385652
tsp,berlin52,P-ACO,"K=10, ants=30, q0=0.7, beta=2",79518,7581.0,108.58422230385652
tsp,berlin52,P-ACO,"K=10, ants=30, q0=0.7, beta=2",79880,7581.0,108.58422230385652
tsp,berlin52,P-ACO,"K=10, ants=30, q0=0.7, beta=2",80241,7581.0,108.58422230385652
tsp,berlin52,P-ACO,"K=10, ants=30, q0=0.7, beta=2",80602,7581.0,108.58422230385652
tsp,berlin52,P-ACO,"K=10, ants=30, q0=0.7, beta=2",80964,7581.0,108.58422230385652
tsp,berlin52,P-ACO,"K=10, ants=30, q0=0.7, beta=2",81325,7581.0,108.58422230385652
tsp,berlin52,P-ACO,"K=10, ants=30, q0=0.7, beta=2",81687,7581.0,108.58422230385652
tsp,berlin52,P-ACO,"K=10, ants=30, q0=0.7, beta=2",82048,7581.0,108.58422230385652
tsp,berlin52,P-ACO,"K=10, ants=30, q0=0.7, beta=2",82410,7581.0,108.58422230385652
tsp,berlin52,P-ACO,"K=10, ants=30, q0=0.7, beta=2",82771,7581.0,108.58422230385652
tsp,berlin52,P-ACO,"K=10, ants=30, q0=0.7, beta=2",83133,7581.0,108.58422230385652
tsp,berlin52,P-ACO,"K=10, ants=30, q0=0.7, beta=2",83494,7581.0,108.58422230385652
tsp,berlin52,P-ACO,"K=10, ants=30, q0=0.7, beta=2",83855,7581.0,108.58422230385652
tsp,berlin52,P-ACO,"K=10, ants=30, q0=0.7, beta=2",84217,7581.0,108.58422230385652
tsp,berlin52,P-ACO,"K=10, ants=30, q0=0.7, beta=2",84578,7581.0,108.58422230385652
tsp,berlin52,P-ACO,"K=10, ants=30, q0=0.7, beta=2",84940,7581.0,108.58422230385652
tsp,berlin52,P-ACO,"K=10, ants=30, q0=0.7, beta=2",85301,7581.0,108.58422230385652
tsp,berlin52,P-ACO,"K=10, ants=30, q0=0.7, beta=2",85663,7581.0,108.58422230385652
tsp,berlin52,P-ACO,"K=10, ants=30, q0=0.7, beta=2",86024,7581.0,108.58422230385652
tsp,berlin52,P-ACO,"K=10, ants=30, q0=0.7, beta=2",86386,7581.0,108.58422230385652
tsp,berlin52,P-ACO,"K=10, ants=30, q0=0.7, beta=2",86747,7581.0,108.58422230385652
tsp,berlin52,P-ACO,"K=10, ants=30, q0=0.7, beta=2",87108,7581.0,108.58422230385652
tsp,berlin52,P-ACO,"K=10, ants=30, q0=0.7, beta=2",87470,7581.0,108.58422230385652
tsp,berlin52,P-ACO,"K=10, ants=30, q0=0.7, beta=2",87831,7581.0,108.58422230385652
tsp,berlin52,P-ACO,"K=10, ants=30, q0=0.7, beta=2",88193,7581.0,108.58422230385652
tsp,berlin52,P-ACO,"K=10, ants=30, q0=0.7, beta=2",88554,7581.0,108.58422230385652
tsp,berlin52,P-ACO,"K=10, ants=30, q0=0.7, beta=2",88916,7581.0,108.58422230385652
tsp,berlin52,P-ACO,"K=10, ants=30, q0=0.7, beta=2",89277,7581.0,108.58422230385652
tsp,berlin52,P-ACO,"K=10, ants=30, q0=0.7, beta=2",89639,7581.0,108.58422230385652
tsp,berlin52,P-ACO,"K=10, ants=30, q0=0.7, beta=2",90000,7581.0,108.58422230385652
tsp,berlin52,P-ACO,"K=10, ants=30, q0=0.7, beta=3",0,9128.866666666667,265.7201200929697
tsp,berlin52,P-ACO,"K=10, ants=30, q0=0.7, beta=3",361,8022.9879518072285,121.15488931414396
tsp,berlin52,P-ACO,"K=10, ants=30, q0=0.7, beta=3",723,7902.1983935742965,124.61200929071808
tsp,berlin52,P-ACO,"K=10, ants=30, q0=0.7, beta=3",1084,7842.951807228916,122.36156995047563
tsp,berlin52,P-ACO,"K=10, ants=30, q0=0.7, beta=3",1446,7796.155823293173,113.76969097326352
tsp,berlin52,P-ACO,"K=10, ants=30, q0=0.7, beta=3",1807,7745.066666666667,112.21554655612067
tsp,berlin52,P-ACO,"K=10, ants=30, q0=0.7, beta=3",2169,7732.829718875501,107.0869608506982
tsp,berlin52,P-ACO,"K=10, ants=30, q0=0.7, beta=3",2530,7716.4,102.30920453865983
tsp,berlin52,P-ACO,"K=10, ants=30, q0=0.7, beta=3",2892,7695.533333333334,103.06817592685381
tsp,berlin52,P-ACO,"K=10, ants=30, q0=0.7, beta=3",3253,7675.692369477912,111.58904638439864
tsp,berlin52,P-ACO,"K=10, ants=30, q0=0.7, beta=3",3614,7657.466666666666,108.77491540894079
tsp,berlin52,P-ACO,"K=10, ants=30, q0=0.7, beta=3",3976,7656.133333333333,106.19784471552246
tsp,berlin52,P-ACO,"K=10, ants=30, q0=0.7, beta=3",4337,7647.933333333333,93.07664702932857
tsp,berlin52,P-ACO,"K=10, ants=30, q0=0.7, beta=3",4699,7643.8,90.39115000927912
tsp,berlin52,P-ACO,"K=10, ants=30, q0=0.7, beta=3",5060,7631.585542168675,94.58002728347336
tsp,berlin52,P-ACO,"K=10, ants=30, q0=0.7, beta=3",5422,7625.466666666666,94.29872156550633
tsp,berlin52,P-ACO,"K=10, ants=30, q0=0.7, beta=3",5783,7614.333333333333,92.78050561525424
tsp,berlin52,P-ACO,"K=10, ants=30, q0=0.7, beta=3",6145,7596.266666666666,80.73286539913937
tsp,berlin52,P-ACO,"K=10, ants=30, q0=0.7, beta=3",6506,7595.933333333333,80.94563333222834
tsp,berlin52,P-ACO,"K=10, ants=30, q0=0.7, beta=3",6867,7595.8,80.72603875660772
tsp,berlin52,P-ACO,"K=10, ants=30, q0=0.7, beta=3",7229,7595.066666666667,80.16937625358507
tsp,berlin52,P-ACO,"K=10, ants=30, q0=0.7, beta=3",7590,7587.266666666666,78.05508026743394
tsp,berlin52,P-ACO,"K=10, ants=30, q0=0.7, beta=3",7952,7586.533333333334,77.39842088541313
tsp,berlin52,P-ACO,"K=10, ants=30, q0=0.7, beta=3",8313,7573.533333333334,75.46024707678136
tsp,berlin52,P-ACO,"K=10, ants=30, q0=0.7, beta=3",8675,7573.533333333334,75.46024707678136
tsp,berlin52,P-ACO,"K=10, ants=30, q0=0.7, beta=3",9036,7573.533333333334,75.46024707678136
tsp,berlin52,P-ACO,"K=10, ants=30, q0=0.7, beta=3",9398,7573.533333333334,75.46024707678136
tsp,berlin52,P-ACO,"K=10, ants=30, q0=0.7, beta=3",9759,7572.866666666667,74.55992370048553
tsp,berlin52,P-ACO,"K=10, ants=30, q0=0.7, beta=3",10120,7568.266666666666,61.215974676186896
tsp,berlin52,P-ACO,"K=10, ants=30, q0=0.7, beta=3",10482,7567.694779116467,59.69553120513955
tsp,berlin52,P-ACO,"K=10, ants=30, q0=0.7, beta=3",10843,7559.666666666667,44.152261801885324
tsp,berlin52,P-ACO,"K=10, ants=30, q0=0.7, beta=3",11205,7559.666666666667,44.152261801885324
tsp,berlin52,P-ACO,"K=10, ants=30, q0=0.7, beta=3",11566,7559.666666666667,44.152261801885324
tsp,berlin52,P-ACO,"K=10, ants=30, q0=0.7, beta=3",11928,7559.666666666667,44.152261801885324
tsp,berlin52,P-ACO,"K=10, ants=30, q0=0.7, beta=3",12289,7559.333333333333,44.265361426540075
tsp,berlin52,P-ACO,"K=10, ants=30, q0=0.7, beta=3",12651,7559.333333333333,44.265361426540075
tsp,berlin52,P-ACO,"K=10, ants=30, q0=0.7, beta=3",13012,7559.333333333333,44.265361426540075
tsp,berlin52,P-ACO,"K=10, ants=30, q0=0.7, beta=3",13373,7559.333333333333,44.265361426540075
tsp,berlin52,P-ACO,"K=10, ants=30, q0=0.7, beta=3",13735,7559.333333333333,44.265361426540075
tsp,berlin52,P-ACO,"K=10, ants=30, q0=0.7, beta=3",14096,7559.333333333333,44.265361426540075
tsp,berlin52,P-ACO,"K=10, ants=30, q0=0.7, beta=3",14458,7559.333333333333,44.265361426540075
tsp,berlin52,P-ACO,"K=10, ants=30, q0=0.7, beta=3",14819,7559.333333333333,44.265361426540075
tsp,berlin52,P-ACO,"K=10, ants=30, q0=0.7, beta=3",15181,7559.333333333333,44.265361426540075
tsp,berlin52,P-ACO,"K=10, ants=30, q0=0.7, beta=3",15542,7559.333333333333,44.265361426540075
tsp,berlin52,P-ACO,"K=10, ants=30, q0=0.7, beta=3",15904,7559.333333333333,44.265361426540075
tsp,berlin52,P-ACO,"K=10, ants=30, q0=0.7, beta=3",16265,7559.333333333333,44.265361426540075
tsp,berlin52,P-ACO,"K=10, ants=30, q0=0.7, beta=3",16627,7559.333333333333,44.265361426540075
tsp,berlin52,P-ACO,"K=10, ants=30, q0=0.7, beta=3",16988,7559.333333333333,44.265361426540075
tsp,berlin52,P-ACO,"K=10, ants=30, q0=0.7, beta=3",17349,7559.333333333333,44.265361426540075
tsp,berlin52,P-ACO,"K=10, ants=30, q0=0.7, beta=3",17711,7559.333333333333,44.265361426540075
tsp,berlin52,P-ACO,"K=10, ants=30, q0=0.7, beta=3",18072,7555.2,42.77101822496163
tsp,berlin52,P-ACO,"K=10, ants=30, q0=0.7, beta=3",18434,7555.2,42.77101822496163
tsp,berlin52,P-ACO,"K=10, ants=30, q0=0.7, beta=3",18795,7555.031325301205,42.80799669707087
tsp,berlin52,P-ACO,"K=10, ants=30, q0=0.7, beta=3",19157,7554.533333333334,42.93229812416547
tsp,berlin52,P-ACO,"K=10, ants=30, q0=0.7, beta=3",19518,7554.533333333334,42.93229812416547
tsp,berlin52,P-ACO,"K=10, ants=30, q0=0.7, beta=3",19880,7554.533333333334,42.93229812416547
tsp,berlin52,P-ACO,"K=10, ants=30, q0=0.7, beta=3",20241,7554.533333333334,42.93229812416547
tsp,berlin52,P-ACO,"K=10, ants=30, q0=0.7, beta=3",20602,7554.533333333334,42.93229812416547
tsp,berlin52,P-ACO,"K=10, ants=30, q0=0.7, beta=3",20964,7554.533333333334,42.93229812416547
tsp,berlin52,P-ACO,"K=10, ants=30, q0=0.7, beta=3",21325,7554.533333333334,42.93229812416547
tsp,berlin52,P-ACO,"K=10, ants=30, q0=0.7, beta=3",21687,7554.533333333334,42.93229812416547
tsp,berlin52,P-ACO,"K=10, ants=30, q0=0.7, beta=3",22048,7554.533333333334,42.93229812416547
tsp,berlin52,P-ACO,"K=10, ants=30, q0=0.7, beta=3",22410,7554.533333333334,42.93229812416547
tsp,berlin52,P-ACO,"K=10, ants=30, q0=0.7, beta=3",22771,7554.533333333334,42.93229812416547
tsp,berlin52,P-ACO,"K=10, ants=30, q0=0.7, beta=3",23133,7554.2,43.00883630139276
tsp,berlin52,P-ACO,"K=10, ants=30, q0=0.7, beta=3",23494,7554.2,43.00883630139276
tsp,berlin52,P-ACO,"K=10, ants=30, q0=0.7, beta=3",23855,7554.2,43.00883630139276
tsp,berlin52,P-ACO,"K=10, ants=30, q0=0.7, beta=3",24217,7554.2,43.00883630139276
tsp,berlin52,P-ACO,"K=10, ants=30, q0=0.7, beta=3",24578,7554.2,43.00883630139276
tsp,berlin52,P-ACO,"K=10, ants=30, q0=0.7, beta=3",24940,7554.2,43.00883630139276
tsp,berlin52,P-ACO,"K=10, ants=30, q0=0.7, beta=3",25301,7554.2,43.00883630139276
tsp,berlin52,P-ACO,"K=10, ants=30, q0=0.7, beta=3",25663,7554.2,43.00883630139276
tsp,berlin52,P-ACO,"K=10, ants=30, q0=0.7, beta=3",26024,7554.043373493976,43.03903888053493
tsp,berlin52,P-ACO,"K=10, ants=30, q0=0.7, beta=3",26386,7553.866666666667,43.08265956919972
tsp,berlin52,P-ACO,"K=10, ants=30, q0=0.7, beta=3",26747,7553.866666666667,43.08265956919972
tsp,berlin52,P-ACO,"K=10, ants=30, q0=0.7, beta=3",27108,7553.866666666667,43.08265956919972
tsp,berlin52,P-ACO,"K=10, ants=30, q0=0.7, beta=3",27470,7553.866666666667,43.08265956919972
tsp,berlin52,P-ACO,"K=10, ants=30, q0=0.7, beta=3",27831,7553.866666666667,43.08265956919972
tsp,berlin52,P-ACO,"K=10, ants=30, q0=0.7, beta=3",28193,7553.866666666667,43.08265956919972
tsp,berlin52,P-ACO,"K=10, ants=30, q0=0.7, beta=3",28554,7553.866666666667,43.08265956919972
tsp,berlin52,P-ACO,"K=10, ants=30, q0=0.7, beta=3",28916,7553.866666666667,43.08265956919972
tsp,berlin52,P-ACO,"K=10, ants=30, q0=0.7, beta=3",29277,7553.866666666667,43.08265956919972
tsp,berlin52,P-ACO,"K=10, ants=30, q0=0.7, beta=3",29639,7553.866666666667,43.08265956919972
tsp,berlin52,P-ACO,"K=10, ants=30, q0=0.7, beta=3",30000,7553.866666666667,43.08265956919972
tsp,berlin52,P-ACO,"K=10, ants=30, q0=0.7, beta=3",30361,7553.866666666667,43.08265956919972
tsp,berlin52,P-ACO,"K=10, ants=30, q0=0.7, beta=3",30723,7553.866666666667,43.08265956919972
tsp,berlin52,P-ACO,"K=10, ants=30, q0=0.7, beta=3",31084,7553.866666666667,43.08265956919972
tsp,berlin52,P-ACO,"K=10, ants=30, q0=0.7, beta=3",31446,7553.866666666667,43.08265956919972
tsp,berlin52,P-ACO,"K=10, ants=30, q0=0.7, beta=3",31807,7553.866666666667,43.08265956919972
tsp,berlin52,P-ACO,"K=10, ants=30, q0=0.7, beta=3",32169,7553.866666666667,43.08265956919972
tsp,berlin52,P-ACO,"K=10, ants=30, q0=0.7, beta=3",32530,7553.866666666667,43.08265956919972
tsp,berlin52,P-ACO,"K=10, ants=30, q0=0.7, beta=3",32892,7553.866666666667,43.08265956919972
tsp,berlin52,P-ACO,"K=10, ants=30, q0=0.7, beta=3",33253,7553.866666666667,43.08265956919972
tsp,berlin52,P-ACO,"K=10, ants=30, q0=0.7, beta=3",33614,7553.866666666667,43.08265956919972
tsp,berlin52,P-ACO,"K=10, ants=30, q0=0.7, beta=3",33976,7553.866666666667,43.08265956919972
tsp,berlin52,P-ACO,"K=10, ants=30, q0=0.7, beta=3",34337,7553.866666666667,43.08265956919972
tsp,berlin52,P-ACO,"K=10, ants=30, q0=0.7, beta=3",34699,7553.866666666667,43.08265956919972
tsp,berlin52,P-ACO,"K=10, ants=30, q0=0.7, beta=3",35060,7553.866666666667,43.08265956919972
tsp,berlin52,P-ACO,"K=10, ants=30, q0=0.7, beta=3",35422,7553.866666666667,43.08265956919972
tsp,berlin52,P-ACO,"K=10, ants=30, q0=0.7, beta=3",35783,7553.866666666667,43.08265956919972
tsp,berlin52,P-ACO,"K=10, ants=30, q0=0.7, beta=3",36145,7553.866666666667,43.08265956919972
tsp,berlin52,P-ACO,"K=10, ants=30, q0=0.7, beta=3",36506,7553.866666666667,43.08265956919972
tsp,berlin52,P-ACO,"K=10, ants=30, q0=0.7, beta=3",36867,7553.866666666667,43.08265956919972
tsp,berlin52,P-ACO,"K=10, ants=30, q0=0.7, beta=3",37229,7553.866666666667,43.08265956919972
tsp,berlin52,P-ACO,"K=10, ants=30, q0=0.7, beta=3",37590,7553.866666666667,43.08265956919972
tsp,berlin52,P-ACO,"K=10, ants=30, q0=0.7, beta=3",37952,7553.866666666667,43.08265956919972
tsp,berlin52,P-ACO,"K=10, ants=30, q0=0.7, beta=3",38313,7553.866666666667,43.08265956919972
tsp,berlin52,P-ACO,"K=10, ants=30, q0=0.7, beta=3",38675,7553.866666666667,43.08265956919972
tsp,berlin52,P-ACO,"K=10, ants=30, q0=0.7, beta=3",39036,7553.866666666667,43.08265956919972
tsp,berlin52,P-ACO,"K=10, ants=30, q0=0.7, beta=3",39398,7553.866666666667,43.08265956919972
tsp,berlin52,P-ACO,"K=10, ants=30, q0=0.7, beta=3",39759,7553.866666666667,43.08265956919972
tsp,berlin52,P-ACO,"K=10, ants=30, q0=0.7, beta=3",40120,7553.866666666667,43.08265956919972
tsp,berlin52,P-ACO,"K=10, ants=30, q0=0.7, beta=3",40482,7553.866666666667,43.08265956919972
tsp,berlin52,P-ACO,"K=10, ants=30, q0=0.7, beta=3",40843,7553.533333333334,43.15378186079278
tsp,berlin52,P-ACO,"K=10, ants=30, q0=0.7, beta=3",41205,7553.533333333334,43.15378186079278
tsp,berlin52,P-ACO,"K=10, ants=30, q0=0.7, beta=3",41566,7553.533333333334,43.15378186079278
tsp,berlin52,P-ACO,"K=10, ants=30, q0=0.7, beta=3",41928,7553.533333333334,43.15378186079278
tsp,berlin52,P-ACO,"K=10, ants=30, q0=0.7, beta=3",42289,7553.533333333334,43.15378186079278
tsp,berlin52,P-ACO,"K=10, ants=30, q0=0.7, beta=3",42651,7553.533333333334,43.15378186079278
tsp,berlin52,P-ACO,"K=10, ants=30, q0=0.7, beta=3",43012,7553.533333333334,43.15378186079278
tsp,berlin52,P-ACO,"K=10, ants=30, q0=0.7, beta=3",43373,7553.533333333334,43.15378186079278
tsp,berlin52,P-ACO,"K=10, ants=30, q0=0.7, beta=3",43735,7553.533333333334,43.15378186079278
tsp,berlin52,P-ACO,"K=10, ants=30, q0=0.7, beta=3",44096,7553.533333333334,43.15378186079278
tsp,berlin52,P-ACO,"K=10, ants=30, q0=0.7, beta=3",44458,7553.533333333334,43.15378186079278
tsp,berlin52,P-ACO,"K=10, ants=30, q0=0.7, beta=3",44819,7553.533333333334,43.15378186079278
tsp,berlin52,P-ACO,"K=10, ants=30, q0=0.7, beta=3",45181,7553.533333333334,43.15378186079278
tsp,berlin52,P-ACO,"K=10, ants=30, q0=0.7, beta=3",45542,7553.533333333334,43.15378186079278
tsp,berlin52,P-ACO,"K=10, ants=30, q0=0.7, beta=3",45904,7553.533333333334,43.15378186079278
tsp,berlin52,P-ACO,"K=10, ants=30, q0=0.7, beta=3",46265,7553.533333333334,43.15378186079278
tsp,berlin52,P-ACO,"K=10, ants=30, q0=0.7, beta=3",46627,7553.533333333334,43.15378186079278
tsp,berlin52,P-ACO,"K=10, ants=30, q0=0.7, beta=3",46988,7553.533333333334,43.15378186079278
tsp,berlin52,P-ACO,"K=10, ants=30, q0=0.7, beta=3",47349,7553.533333333334,43.15378186079278
tsp,berlin52,P-ACO,"K=10, ants=30, q0=0.7, beta=3",47711,7553.533333333334,43.15378186079278
tsp,berlin52,P-ACO,"K=10, ants=30, q0=0.7, beta=3",48072,7553.533333333334,43.15378186079278
tsp,berlin52,P-ACO,"K=10, ants=30, q0=0.7, beta=3",48434,7553.533333333334,43.15378186079278
tsp,berlin52,P-ACO,"K=10, ants=30, q0=0.7, beta=3",48795,7553.533333333334,43.15378186079278
tsp,berlin52,P-ACO,"K=10, ants=30, q0=0.7, beta=3",49157,7553.533333333334,43.15378186079278
tsp,berlin52,P-ACO,"K=10, ants=30, q0=0.7, beta=3",49518,7553.533333333334,43.15378186079278
tsp,berlin52,P-ACO,"K=10, ants=30, q0=0.7, beta=3",49880,7553.533333333334,43.15378186079278
tsp,berlin52,P-ACO,"K=10, ants=30, q0=0.7, beta=3",50241,7553.533333333334,43.15378186079278
tsp,berlin52,P-ACO,"K=10, ants=30, q0=0.7, beta=3",50602,7553.533333333334,43.15378186079278
tsp,berlin52,P-ACO,"K=10, ants=30, q0=0.7, beta=3",50964,7553.533333333334,43.15378186079278
tsp,berlin52,P-ACO,"K=10, ants=30, q0=0.7, beta=3",51325,7553.533333333334,43.15378186079278
tsp,berlin52,P-ACO,"K=10, ants=30, q0=0.7, beta=3",51687,7553.533333333334,43.15378186079278
tsp,berlin52,P-ACO,"K=10, ants=30, q0=0.7, beta=3",52048,7553.533333333334,43.15378186079278
tsp,berlin52,P-ACO,"K=10, ants=30, q0=0.7, beta=3",52410,7553.533333333334,43.15378186079278
tsp,berlin52,P-ACO,"K=10, ants=30, q0=0.7, beta=3",52771,7553.533333333334,43.15378186079278
tsp,berlin52,P-ACO,"K=10, ants=30, q0=0.7, beta=3",53133,7553.533333333334,43.15378186079278
tsp,berlin52,P-ACO,"K=10, ants=30, q0=0.7, beta=3",53494,7553.533333333334,43.15378186079278
tsp,berlin52,P-ACO,"K=10, ants=30, q0=0.7, beta=3",53855,7553.533333333334,43.15378186079278
tsp,berlin52,P-ACO,"K=10, ants=30, q0=0.7, beta=3",54217,7553.533333333334,43.15378186079278
tsp,berlin52,P-ACO,"K=10, ants=30, q0=0.7, beta=3",54578,7553.533333333334,43.15378186079278
tsp,berlin52,P-ACO,"K=10, ants=30, q0=0.7, beta=3",54940,7553.533333333334,43.15378186079278
tsp,berlin52,P-ACO,"K=10, ants=30, q0=0.7, beta=3",55301,7553.533333333334,43.15378186079278
tsp,berlin52,P-ACO,"K=10, ants=30, q0=0.7, beta=3",55663,7553.533333333334,43.15378186079278
tsp,berlin52,P-ACO,"K=10, ants=30, q0=0.7, beta=3",56024,7553.533333333334,43.15378186079278
tsp,berlin52,P-ACO,"K=10, ants=30, q0=0.7, beta=3",56386,7553.533333333334,43.15378186079278
tsp,berlin52,P-ACO,"K=10, ants=30, q0=0.7, beta=3",56747,7553.533333333334,43.15378186079278
tsp,berlin52,P-ACO,"K=10, ants=30, q0=0.7, beta=3",57108,7553.533333333334,43.15378186079278
tsp,berlin52,P-ACO,"K=10, ants=30, q0=0.7, beta=3",57470,7553.533333333334,43.15378186079278
tsp,berlin52,P-ACO,"K=10, ants=30, q0=0.7, beta=3",57831,7553.533333333334,43.15378186079278
tsp,berlin52,P-ACO,"K=10, ants=30, q0=0.7, beta=3",58193,7553.533333333334,43.15378186079278
tsp,berlin52,P-ACO,"K=10, ants=30, q0=0.7, beta=3",58554,7553.533333333334,43.15378186079278
tsp,berlin52,P-ACO,"K=10, ants=30, q0=0.7, beta=3",58916,7553.533333333334,43.15378186079278
tsp,berlin52,P-ACO,"K=10, ants=30, q0=0.7, beta=3",59277,7553.533333333334,43.15378186079278
tsp,berlin52,P-ACO,"K=10, ants=30, q0=0.7, beta=3",59639,7553.533333333334,43.15378186079278
tsp,berlin52,P-ACO,"K=10, ants=30, q0=0.7, beta=3",60000,7553.533333333334,43.15378186079278
tsp,berlin52,P-ACO,"K=10, ants=30, q0=0.7, beta=3",60361,7553.533333333334,43.15378186079278
tsp,berlin52,P-ACO,"K=10, ants=30, q0=0.7, beta=3",60723,7553.533333333334,43.15378186079278
tsp,berlin52,P-ACO,"K=10, ants=30, q0=0.7, beta=3",61084,7553.533333333334,43.15378186079278
tsp,berlin52,P-ACO,"K=10, ants=30, q0=0.7, beta=3",61446,7553.533333333334,43.15378186079278
tsp,berlin52,P-ACO,"K=10, ants=30, q0=0.7, beta=3",61807,7553.533333333334,43.15378186079278
tsp,berlin52,P-ACO,"K=10, ants=30, q0=0.7, beta=3",62169,7553.533333333334,43.15378186079278
tsp,berlin52,P-ACO,"K=10, ants=30, q0=0.7, beta=3",62530,7553.533333333334,43.15378186079278
tsp,berlin52,P-ACO,"K=10, ants=30, q0=0.7, beta=3",62892,7553.533333333334,43.15378186079278
tsp,berlin52,P-ACO,"K=10, ants=30, q0=0.7, beta=3",63253,7553.533333333334,43.15378186079278
tsp,berlin52,P-ACO,"K=10, ants=30, q0=0.7, beta=3",63614,7553.533333333334,43.15378186079278
tsp,berlin52,P-ACO,"K=10, ants=30, q0=0.7, beta=3",63976,7553.533333333334,43.15378186079278
tsp,berlin52,P-ACO,"K=10, ants=30, q0=0.7, beta=3",64337,7553.533333333334,43.15378186079278
tsp,berlin52,P-ACO,"K=10, ants=30, q0=0.7, beta=3",64699,7553.533333333334,43.15378186079278
tsp,berlin52,P-ACO,"K=10, ants=30, q0=0.7, beta=3",65060,7553.533333333334,43.15378186079278
tsp,berlin52,P-ACO,"K=10, ants=30, q0=0.7, beta=3",65422,7553.533333333334,43.15378186079278
tsp,berlin52,P-ACO,"K=10, ants=30, q0=0.7, beta=3",65783,7553.533333333334,43.15378186079278
tsp,berlin52,P-ACO,"K=10, ants=30, q0=0.7, beta=3",66145,7553.533333333334,43.15378186079278
tsp,berlin52,P-ACO,"K=10, ants=30, q0=0.7, beta=3",66506,7553.533333333334,43.15378186079278
tsp,berlin52,P-ACO,"K=10, ants=30, q0=0.7, beta=3",66867,7553.533333333334,43.15378186079278
tsp,berlin52,P-ACO,"K=10, ants=30, q0=0.7, beta=3",67229,7553.533333333334,43.15378186079278
tsp,berlin52,P-ACO,"K=10, ants=30, q0=0.7, beta=3",67590,7553.533333333334,43.15378186079278
tsp,berlin52,P-ACO,"K=10, ants=30, q0=0.7, beta=3",67952,7553.533333333334,43.15378186079278
tsp,berlin52,P-ACO,"K=10, ants=30, q0=0.7, beta=3",68313,7553.533333333334,43.15378186079278
tsp,berlin52,P-ACO,"K=10, ants=30, q0=0.7, beta=3",68675,7553.533333333334,43.15378186079278
tsp,berlin52,P-ACO,"K=10, ants=30, q0=0.7, beta=3",69036,7553.533333333334,43.15378186079278
tsp,berlin52,P-ACO,"K=10, ants=30, q0=0.7, beta=3",69398,7553.533333333334,43.15378186079278
tsp,berlin52,P-ACO,"K=10, ants=30, q0=0.7, beta=3",69759,7553.533333333334,43.15378186079278
tsp,berlin52,P-ACO,"K=10, ants=30, q0=0.7, beta=3",70120,7553.533333333334,43.15378186079278
tsp,berlin52,P-ACO,"K=10, ants=30, q0=0.7, beta=3",70482,7553.533333333334,43.15378186079278
tsp,berlin52,P-ACO,"K=10, ants=30, q0=0.7, beta=3",70843,7553.533333333334,43.15378186079278
tsp,berlin52,P-ACO,"K=10, ants=30, q0=0.7, beta=3",71205,7552.066666666667,37.66601769352434
tsp,berlin52,P-ACO,"K=10, ants=30, q0=0.7, beta=3",71566,7552.066666666667,37.66601769352434
tsp,berlin52,P-ACO,"K=10, ants=30, q0=0.7, beta=3",71928,7552.066666666667,37.66601769352434
tsp,berlin52,P-ACO,"K=10, ants=30, q0=0.7, beta=3",72289,7552.066666666667,37.66601769352434
tsp,berlin52,P-ACO,"K=10, ants=30, q0=0.7, beta=3",72651,7546.133333333333,15.465517198665623
tsp,berlin52,P-ACO,"K=10, ants=30, q0=0.7, beta=3",73012,7545.6,13.469966592386191
tsp,berlin52,P-ACO,"K=10, ants=30, q0=0.7, beta=3",73373,7545.6,13.469966592386191
tsp,berlin52,P-ACO,"K=10, ants=30, q0=0.7, beta=3",73735,7545.6,13.469966592386191
tsp,berlin52,P-ACO,"K=10, ants=30, q0=0.7, beta=3",74096,7542.333333333333,1.247219128924647
tsp,berlin52,P-ACO,"K=10, ants=30, q0=0.7, beta=3",74458,7542.333333333333,1.247219128924647
tsp,berlin52,P-ACO,"K=10, ants=30, q0=0.7, beta=3",74819,7542.333333333333,1.247219128924647
tsp,berlin52,P-ACO,"K=10, ants=30, q0=0.7, beta=3",75181,7542.333333333333,1.247219128924647
tsp,berlin52,P-ACO,"K=10, ants=30, q0=0.7, beta=3",75542,7542.333333333333,1.247219128924647
tsp,berlin52,P-ACO,"K=10, ants=30, q0=0.7, beta=3",75904,7542.333333333333,1.247219128924647
tsp,berlin52,P-ACO,"K=10, ants=30, q0=0.7, beta=3",76265,7542.333333333333,1.247219128924647
tsp,berlin52,P-ACO,"K=10, ants=30, q0=0.7, beta=3",76627,7542.333333333333,1.247219128924647
tsp,berlin52,P-ACO,"K=10, ants=30, q0=0.7, beta=3",76988,7542.333333333333,1.247219128924647
tsp,berlin52,P-ACO,"K=10, ants=30, q0=0.7, beta=3",77349,7542.333333333333,1.247219128924647
tsp,berlin52,P-ACO,"K=10, ants=30, q0=0.7, beta=3",77711,7542.333333333333,1.247219128924647
tsp,berlin52,P-ACO,"K=10, ants=30, q0=0.7, beta=3",78072,7542.333333333333,1.247219128924647
tsp,berlin52,P-ACO,"K=10, ants=30, q0=0.7, beta=3",78434,7542.333333333333,1.247219128924647
tsp,berlin52,P-ACO,"K=10, ants=30, q0=0.7, beta=3",78795,7542.333333333333,1.247219128924647
tsp,berlin52,P-ACO,"K=10, ants=30, q0=0.7, beta=3",79157,7542.333333333333,1.247219128924647
tsp,berlin52,P-ACO,"K=10, ants=30, q0=0.7, beta=3",79518,7542.333333333333,1.247219128924647
tsp,berlin52,P-ACO,"K=10, ants=30, q0=0.7, beta=3",79880,7542.333333333333,1.247219128924647
tsp,berlin52,P-ACO,"K=10, ants=30, q0=0.7, beta=3",80241,7542.333333333333,1.247219128924647
tsp,berlin52,P-ACO,"K=10, ants=30, q0=0.7, beta=3",80602,7542.0,0.0
tsp,berlin52,P-ACO,"K=10, ants=30, q0=0.7, beta=3",80964,7542.0,0.0
tsp,berlin52,P-ACO,"K=10, ants=30, q0=0.7, beta=3",81325,7542.0,0.0
tsp,berlin52,P-ACO,"K=10, ants=30, q0=0.7, beta=3",81687,7542.0,0.0
tsp,berlin52,P-ACO,"K=10, ants=30, q0=0.7, beta=3",82048,7542.0,0.0
tsp,berlin52,P-ACO,"K=10, ants=30, q0=0.7, beta=3",82410,7542.0,0.0
tsp,berlin52,P-ACO,"K=10, ants=30, q0=0.7, beta=3",82771,7542.0,0.0
tsp,berlin52,P-ACO,"K=10, ants=30, q0=0.7, beta=3",83133,7542.0,0.0
tsp,berlin52,P-ACO,"K=10, ants=30, q0=0.7, beta=3",83494,7542.0,0.0
tsp,berlin52,P-ACO,"K=10, ants=30, q0=0.7, beta=3",83855,7542.0,0.0
tsp,berlin52,P-ACO,"K=10, ants=30, q0=0.7, beta=3",84217,7542.0,0.0
tsp,berlin52,P-ACO,"K=10, ants=30, q0=0.7, beta=3",84578,7542.0,0.0
tsp,berlin52,P-ACO,"K=10, ants=30, q0=0.7, beta=3",84940,7542.0,0.0
tsp,berlin52,P-ACO,"K=10, ants=30, q0=0.7, beta=3",85301,7542.0,0.0
tsp,berlin52,P-ACO,"K=10, ants=30, q0=0.7, beta=3",85663,7542.0,0.0
tsp,berlin52,P-ACO,"K=10, ants=30, q0=0.7, beta=3",86024,7542.0,0.0
tsp,berlin52,P-ACO,"K=10, ants=30, q0=0.7, beta=3",86386,7542.0,0.0
tsp,berlin52,P-ACO,"K=10, ants=30, q0=0.7, beta=3",86747,7542.0,0.0
tsp,berlin52,P-ACO,"K=10, ants=30, q0=0.7, beta=3",87108,7542.0,0.0
tsp,berlin52,P-ACO,"K=10, ants=30, q0=0.7, beta=3",87470,7542.0,0.0
tsp,berlin52,P-ACO,"K=10, ants=30, q0=0.7, beta=3",87831,7542.0,0.0
tsp,berlin52,P-ACO,"K=10, ants=30, q0=0.7, beta=3",88193,7542.0,0.0
tsp,berlin52,P-ACO,"K=10, ants=30, q0=0.7, beta=3",88554,7542.0,0.0
tsp,berlin52,P-ACO,"K=10, ants=30, q0=0.7, beta=3",88916,7542.0,0.0
tsp,berlin52,P-ACO,"K=10, ants=30, q0=0.7, beta=3",89277,7542.0,0.0
tsp,berlin52,P-ACO,"K=10, ants=30, q0=0.7, beta=3",89639,7542.0,0.0
tsp,berlin52,P-ACO,"K=10, ants=30, q0=0.7, beta=3",90000,7542.0,0.0
tsp,berlin52,P-ACO,"K=10, ants=30, q0=0.9, beta=2",0,8555.066666666668,337.69660281909194
tsp,berlin52,P-ACO,"K=10, ants=30, q0=0.9, beta=2",361,8074.457831325301,185.48042361759414
tsp,berlin52,P-ACO,"K=10, ants=30, q0=0.9, beta=2",723,8023.733333333334,170.76278543315254
tsp,berlin52,P-ACO,"K=10, ants=30, q0=0.9, beta=2",1084,8003.68032128514,184.46053168860465
tsp,berlin52,P-ACO,"K=10, ants=30, q0=0.9, beta=2",1446,7954.490763052208,200.38555426451646
tsp,berlin52,P-ACO,"K=10, ants=30, q0=0.9, beta=2",1807,7930.266666666666,205.2778496466571
tsp,berlin52,P-ACO,"K=10, ants=30, q0=0.9, beta=2",2169,7895.972690763052,208.16780791078887
tsp,berlin52,P-ACO,"K=10, ants=30, q0=0.9, beta=2",2530,7869.8,209.33679402659567
tsp,berlin52,P-ACO,"K=10, ants=30, q0=0.9, beta=2",2892,7866.466666666666,211.01559710652248
tsp,berlin52,P-ACO,"K=10, ants=30, q0=0.9, beta=2",3253,7838.666666666667,223.9379874479143
tsp,berlin52,P-ACO,"K=10, ants=30, q0=0.9, beta=2",3614,7838.6,223.97345080760502
tsp,berlin52,P-ACO,"K=10, ants=30, q0=0.9, beta=2",3976,7795.733333333334,238.54544407489507
tsp,berlin52,P-ACO,"K=10, ants=30, q0=0.9, beta=2",4337,7769.2,228.25342640728675
tsp,berlin52,P-ACO,"K=10, ants=30, q0=0.9, beta=2",4699,7755.8,208.7697934727787
tsp,berlin52,P-ACO,"K=10, ants=30, q0=0.9, beta=2",5060,7731.791967871486,184.38695631261805
tsp,berlin52,P-ACO,"K=10, ants=30, q0=0.9, beta=2",5422,7724.666666666667,181.3124988030947
tsp,berlin52,P-ACO,"K=10, ants=30, q0=0.9, beta=2",5783,7723.466666666666,179.56423796389848
tsp,berlin52,P-ACO,"K=10, ants=30, q0=0.9, beta=2",6145,7710.933333333333,182.91362867636616
tsp,berlin52,P-ACO,"K=10, ants=30, q0=0.9, beta=2",6506,7696.636947791165,169.3041781363938
tsp,berlin52,P-ACO,"K=10, ants=30, q0=0.9, beta=2",6867,7695.266666666666,169.47191179923854
tsp,berlin52,P-ACO,"K=10, ants=30, q0=0.9, beta=2",7229,7693.6,169.4897440358364
tsp,berlin52,P-ACO,"K=10, ants=30, q0=0.9, beta=2",7590,7686.666666666667,173.17762236758216
tsp,berlin52,P-ACO,"K=10, ants=30, q0=0.9, beta=2",7952,7686.666666666667,173.17762236758216
tsp,berlin52,P-ACO,"K=10, ants=30, q0=0.9, beta=2",8313,7680.6,176.01772638004388
tsp,berlin52,P-ACO,"K=10, ants=30, q0=0.9, beta=2",8675,7678.2,173.33020509997672
tsp,berlin52,P-ACO,"K=10, ants=30, q0=0.9, beta=2",9036,7663.4,164.82184321260334
tsp,berlin52,P-ACO,"K=10, ants=30, q0=0.9, beta=2",9398,7663.4,164.82184321260334
tsp,berlin52,P-ACO,"K=10, ants=30, q0=0.9, beta=2",9759,7663.4,164.82184321260334
tsp,berlin52,P-ACO,"K=10, ants=30, q0=0.9, beta=2",10120,7663.4,164.82184321260334
tsp,berlin52,P-ACO,"K=10, ants=30, q0=0.9, beta=2",10482,7663.4,164.82184321260334
tsp,berlin52,P-ACO,"K=10, ants=30, q0=0.9, beta=2",10843,7662.666666666667,164.61942642214362
tsp,berlin52,P-ACO,"K=10, ants=30, q0=0.9, beta=2",11205,7662.666666666667,164.61942642214362
tsp,berlin52,P-ACO,"K=10, ants=30, q0=0.9, beta=2",11566,7654.287550200804,164.9806735708541
tsp,berlin52,P-ACO,"K=10, ants=30, q0=0.9, beta=2",11928,7653.066666666667,165.13245861698084
tsp,berlin52,P-ACO,"K=10, ants=30, q0=0.9, beta=2",12289,7649.0,160.75322702826216
tsp,berlin52,P-ACO,"K=10, ants=30, q0=0.9, beta=2",12651,7649.0,160.75322702826216
tsp,berlin52,P-ACO,"K=10, ants=30, q0=0.9, beta=2",13012,7649.0,160.75322702826216
tsp,berlin52,P-ACO,"K=10, ants=30, q0=0.9, beta=2",13373,7649.0,160.75322702826216
tsp,berlin52,P-ACO,"K=10, ants=30, q0=0.9, beta=2",13735,7646.284337349397,159.66855523504395
tsp,berlin52,P-ACO,"K=10, ants=30, q0=0.9, beta=2",14096,7645.733333333334,159.5265773747086
tsp,berlin52,P-ACO,"K=10, ants=30, q0=0.9, beta=2",14458,7645.733333333334,159.5265773747086
tsp,berlin52,P-ACO,"K=10, ants=30, q0=0.9, beta=2",14819,7645.733333333334,159.5265773747086
tsp,berlin52,P-ACO,"K=10, ants=30, q0=0.9, beta=2",15181,7645.733333333334,159.5265773747086
tsp,berlin52,P-ACO,"K=10, ants=30, q0=0.9, beta=2",15542,7642.466666666666,161.00636288323793
tsp,berlin52,P-ACO,"K=10, ants=30, q0=0.9, beta=2",15904,7637.333333333333,162.73154443916386
tsp,berlin52,P-ACO,"K=10, ants=30, q0=0.9, beta=2",16265,7637.333333333333,162.73154443916386
tsp,berlin52,P-ACO,"K=10, ants=30, q0=0.9, beta=2",16627,7637.333333333333,162.73154443916386
tsp,berlin52,P-ACO,"K=10, ants=30, q0=0.9, beta=2",16988,7633.266666666666,149.22085049423293
tsp,berlin52,P-ACO,"K=10, ants=30, q0=0.9, beta=2",17349,7633.266666666666,149.22085049423293
tsp,berlin52,P-ACO,"K=10, ants=30, q0=0.9, beta=2",17711,7633.266666666666,149.22085049423293
tsp,berlin52,P-ACO,"K=10, ants=30, q0=0.9, beta=2",18072,7633.266666666666,149.22085049423293
tsp,berlin52,P-ACO,"K=10, ants=30, q0=0.9, beta=2",18434,7633.266666666666,149.22085049423293
tsp,berlin52,P-ACO,"K=10, ants=30, q0=0.9, beta=2",18795,7633.266666666666,149.22085049423293
tsp,berlin52,P-ACO,"K=10, ants=30, q0=0.9, beta=2",19157,7633.266666666666,149.22085049423293
tsp,berlin52,P-ACO,"K=10, ants=30, q0=0.9, beta=2",19518,7629.466666666666,150.76288962768285
tsp,berlin52,P-ACO,"K=10, ants=30, q0=0.9, beta=2",19880,7629.133333333333,150.95026406807713
tsp,berlin52,P-ACO,"K=10, ants=30, q0=0.9, beta=2",20241,7626.733333333334,144.42782126569506
tsp,berlin52,P-ACO,"K=10, ants=30, q0=0.9, beta=2",20602,7622.2,130.11031217137761
tsp,berlin52,P-ACO,"K=10, ants=30, q0=0.9, beta=2",20964,7622.2,130.11031217137761
tsp,berlin52,P-ACO,"K=10, ants=30, q0=0.9, beta=2",21325,7622.2,130.11031217137761
tsp,berlin52,P-ACO,"K=10, ants=30, q0=0.9, beta=2",21687,7622.2,130.11031217137761
tsp,berlin52,P-ACO,"K=10, ants=30, q0=0.9, beta=2",22048,7621.866666666667,130.3087956441246
tsp,berlin52,P-ACO,"K=10, ants=30, q0=0.9, beta=2",22410,7621.866666666667,130.3087956441246
tsp,berlin52,P-ACO,"K=10, ants=30, q0=0.9, beta=2",22771,7621.866666666667,130.3087956441246
tsp,berlin52,P-ACO,"K=10, ants=30, q0=0.9, beta=2",23133,7621.866666666667,130.3087956441246
tsp,berlin52,P-ACO,"K=10, ants=30, q0=0.9, beta=2",23494,7621.866666666667,130.3087956441246
tsp,berlin52,P-ACO,"K=10, ants=30, q0=0.9, beta=2",23855,7620.6,129.7997431944044
tsp,berlin52,P-ACO,"K=10, ants=30, q0=0.9, beta=2",24217,7617.066666666667,119.04647085160576
tsp,berlin52,P-ACO,"K=10, ants=30, q0=0.9, beta=2",24578,7617.066666666667,119.04647085160576
tsp,berlin52,P-ACO,"K=10, ants=30, q0=0.9, beta=2",24940,7617.066666666667,119.04647085160576
tsp,berlin52,P-ACO,"K=10, ants=30, q0=0.9, beta=2",25301,7616.942168674698,119.12063438938712
tsp,berlin52,P-ACO,"K=10, ants=30, q0=0.9, beta=2",25663,7616.4,119.45029649746934
tsp,berlin52,P-ACO,"K=10, ants=30, q0=0.9, beta=2",26024,7610.666666666667,119.42789549440374
tsp,berlin52,P-ACO,"K=10, ants=30, q0=0.9, beta=2",26386,7610.666666666667,119.42789549440374
tsp,berlin52,P-ACO,"K=10, ants=30, q0=0.9, beta=2",26747,7610.666666666667,119.42789549440374
tsp,berlin52,P-ACO,"K=10, ants=30, q0=0.9, beta=2",27108,7606.066666666667,118.2829752002469
tsp,berlin52,P-ACO,"K=10, ants=30, q0=0.9, beta=2",27470,7606.066666666667,118.2829752002469
tsp,berlin52,P-ACO,"K=10, ants=30, q0=0.9, beta=2",27831,7606.066666666667,118.2829752002469
tsp,berlin52,P-ACO,"K=10, ants=30, q0=0.9, beta=2",28193,7602.1702811244995,118.59029195040165
tsp,berlin52,P-ACO,"K=10, ants=30, q0=0.9, beta=2",28554,7600.933333333333,119.06159003735094
tsp,berlin52,P-ACO,"K=10, ants=30, q0=0.9, beta=2",28916,7599.8,118.43997073060542
tsp,berlin52,P-ACO,"K=10, ants=30, q0=0.9, beta=2",29277,7599.333333333333,117.0012345613878
tsp,berlin52,P-ACO,"K=10, ants=30, q0=0.9, beta=2",29639,7599.333333333333,117.0012345613878
tsp,berlin52,P-ACO,"K=10, ants=30, q0=0.9, beta=2",30000,7599.333333333333,117.0012345613878
tsp,berlin52,P-ACO,"K=10, ants=30, q0=0.9, beta=2",30361,7599.333333333333,117.0012345613878
tsp,berlin52,P-ACO,"K=10, ants=30, q0=0.9, beta=2",30723,7599.333333333333,117.0012345613878
tsp,berlin52,P-ACO,"K=10, ants=30, q0=0.9, beta=2",31084,7599.333333333333,117.0012345613878
tsp,berlin52,P-ACO,"K=10, ants=30, q0=0.9, beta=2",31446,7599.333333333333,117.0012345613878
tsp,berlin52,P-ACO,"K=10, ants=30, q0=0.9, beta=2",31807,7599.333333333333,117.0012345613878
tsp,berlin52,P-ACO,"K=10, ants=30, q0=0.9, beta=2",32169,7599.333333333333,117.0012345613878
tsp,berlin52,P-ACO,"K=10, ants=30, q0=0.9, beta=2",32530,7599.333333333333,117.0012345613878
tsp,berlin52,P-ACO,"K=10, ants=30, q0=0.9, beta=2",32892,7599.333333333333,117.0012345613878
tsp,berlin52,P-ACO,"K=10, ants=30, q0=0.9, beta=2",33253,7597.133333333333,116.203767389683
tsp,berlin52,P-ACO,"K=10, ants=30, q0=0.9, beta=2",33614,7597.133333333333,116.203767389683
tsp,berlin52,P-ACO,"K=10, ants=30, q0=0.9, beta=2",33976,7597.133333333333,116.203767389683
tsp,berlin52,P-ACO,"K=10, ants=30, q0=0.9, beta=2",34337,7597.133333333333,116.203767389683
tsp,berlin52,P-ACO,"K=10, ants=30, q0=0.9, beta=2",34699,7593.6,116.13888237795298
tsp,berlin52,P-ACO,"K=10, ants=30, q0=0.9, beta=2",35060,7593.6,116.13888237795298
tsp,berlin52,P-ACO,"K=10, ants=30, q0=0.9, beta=2",35422,7593.6,116.13888237795298
tsp,berlin52,P-ACO,"K=10, ants=30, q0=0.9, beta=2",35783,7593.6,116.13888237795298
tsp,berlin52,P-ACO,"K=10, ants=30, q0=0.9, beta=2",36145,7593.6,116.13888237795298
tsp,berlin52,P-ACO,"K=10, ants=30, q0=0.9, beta=2",36506,7590.333333333333,116.7131336035305
tsp,berlin52,P-ACO,"K=10, ants=30, q0=0.9, beta=2",36867,7590.333333333333,116.7131336035305
tsp,berlin52,P-ACO,"K=10, ants=30, q0=0.9, beta=2",37229,7590.333333333333,116.7131336035305
tsp,berlin52,P-ACO,"K=10, ants=30, q0=0.9, beta=2",37590,7588.733333333334,117.13096184281174
tsp,berlin52,P-ACO,"K=10, ants=30, q0=0.9, beta=2",37952,7588.713253012048,117.13814026514048
tsp,berlin52,P-ACO,"K=10, ants=30, q0=0.9, beta=2",38313,7588.4,117.25630047037984
tsp,berlin52,P-ACO,"K=10, ants=30, q0=0.9, beta=2",38675,7588.4,117.25630047037984
tsp,berlin52,P-ACO,"K=10, ants=30, q0=0.9, beta=2",39036,7588.4,117.25630047037984
tsp,berlin52,P-ACO,"K=10, ants=30, q0=0.9, beta=2",39398,7588.315662650603,117.2864984197634
tsp,berlin52,P-ACO,"K=10, ants=30, q0=0.9, beta=2",39759,7588.066666666667,117.3805586779836
tsp,berlin52,P-ACO,"K=10, ants=30, q0=0.9, beta=2",40120,7588.066666666667,117.3805586779836
tsp,berlin52,P-ACO,"K=10, ants=30, q0=0.9, beta=2",40482,7588.066666666667,117.3805586779836
tsp,berlin52,P-ACO,"K=10, ants=30, q0=0.9, beta=2",40843,7588.066666666667,117.3805586779836
tsp,berlin52,P-ACO,"K=10, ants=30, q0=0.9, beta=2",41205,7588.066666666667,117.3805586779836
tsp,berlin52,P-ACO,"K=10, ants=30, q0=0.9, beta=2",41566,7588.066666666667,117.3805586779836
tsp,berlin52,P-ACO,"K=10, ants=30, q0=0.9, beta=2",41928,7588.066666666667,117.3805586779836
tsp,berlin52,P-ACO,"K=10, ants=30, q0=0.9, beta=2",42289,7588.066666666667,117.3805586779836
tsp,berlin52,P-ACO,"K=10, ants=30, q0=0.9, beta=2",42651,7588.066666666667,117.3805586779836
tsp,berlin52,P-ACO,"K=10, ants=30, q0=0.9, beta=2",43012,7587.733333333334,117.50373989320036
tsp,berlin52,P-ACO,"K=10, ants=30, q0=0.9, beta=2",43373,7587.733333333334,117.50373989320036
tsp,berlin52,P-ACO,"K=10, ants=30, q0=0.9, beta=2",43735,7587.733333333334,117.50373989320036
tsp,berlin52,P-ACO,"K=10, ants=30, q0=0.9, beta=2",44096,7587.733333333334,117.50373989320036
tsp,berlin52,P-ACO,"K=10, ants=30, q0=0.9, beta=2",44458,7587.733333333334,117.50373989320036
tsp,berlin52,P-ACO,"K=10, ants=30, q0=0.9, beta=2",44819,7587.733333333334,117.50373989320036
tsp,berlin52,P-ACO,"K=10, ants=30, q0=0.9, beta=2",45181,7587.733333333334,117.50373989320036
tsp,berlin52,P-ACO,"K=10, ants=30, q0=0.9, beta=2",45542,7587.733333333334,117.50373989320036
tsp,berlin52,P-ACO,"K=10, ants=30, q0=0.9, beta=2",45904,7586.733333333334,114.3616874462578
tsp,berlin52,P-ACO,"K=10, ants=30, q0=0.9, beta=2",46265,7586.733333333334,114.3616874462578
tsp,berlin52,P-ACO,"K=10, ants=30, q0=0.9, beta=2",46627,7586.4,114.48423472251537
tsp,berlin52,P-ACO,"K=10, ants=30, q0=0.9, beta=2",46988,7586.4,114.48423472251537
tsp,berlin52,P-ACO,"K=10, ants=30, q0=0.9, beta=2",47349,7586.4,114.48423472251537
tsp,berlin52,P-ACO,"K=10, ants=30, q0=0.9, beta=2",47711,7586.4,114.48423472251537
tsp,berlin52,P-ACO,"K=10, ants=30, q0=0.9, beta=2",48072,7586.4,114.48423472251537
tsp,berlin52,P-ACO,"K=10, ants=30, q0=0.9, beta=2",48434,7586.4,114.48423472251537
tsp,berlin52,P-ACO,"K=10, ants=30, q0=0.9, beta=2",48795,7586.4,114.48423472251537
tsp,berlin52,P-ACO,"K=10, ants=30, q0=0.9, beta=2",49157,7586.4,114.48423472251537
tsp,berlin52,P-ACO,"K=10, ants=30, q0=0.9, beta=2",49518,7586.4,114.48423472251537
tsp,berlin52,P-ACO,"K=10, ants=30, q0=0.9, beta=2",49880,7586.4,114.48423472251537
tsp,berlin52,P-ACO,"K=10, ants=30, q0=0.9, beta=2",50241,7586.4,114.48423472251537
tsp,berlin52,P-ACO,"K=10, ants=30, q0=0.9, beta=2",50602,7586.4,114.48423472251537
tsp,berlin52,P-ACO,"K=10, ants=30, q0=0.9, beta=2",50964,7586.4,114.48423472251537
tsp,berlin52,P-ACO,"K=10, ants=30, q0=0.9, beta=2",51325,7586.4,114.48423472251537
tsp,berlin52,P-ACO,"K=10, ants=30, q0=0.9, beta=2",51687,7586.4,114.48423472251537
tsp,berlin52,P-ACO,"K=10, ants=30, q0=0.9, beta=2",52048,7586.4,114.48423472251537
tsp,berlin52,P-ACO,"K=10, ants=30, q0=0.9, beta=2",52410,7586.4,114.48423472251537
tsp,berlin52,P-ACO,"K=10, ants=30, q0=0.9, beta=2",52771,7586.4,114.48423472251537
tsp,berlin52,P-ACO,"K=10, ants=30, q0=0.9, beta=2",53133,7586.4,114.48423472251537
tsp,berlin52,P-ACO,"K=10, ants=30, q0=0.9, beta=2",53494,7586.4,114.48423472251537
tsp,berlin52,P-ACO,"K=10, ants=30, q0=0.9, beta=2",53855,7586.4,114.48423472251537
tsp,berlin52,P-ACO,"K=10, ants=30, q0=0.9, beta=2",54217,7586.4,114.48423472251537
tsp,berlin52,P-ACO,"K=10, ants=30, q0=0.9, beta=2",54578,7586.4,114.48423472251537
tsp,berlin52,P-ACO,"K=10, ants=30, q0=0.9, beta=2",54940,7586.4,114.48423472251537
tsp,berlin52,P-ACO,"K=10, ants=30, q0=0.9, beta=2",55301,7586.4,114.48423472251537
tsp,berlin52,P-ACO,"K=10, ants=30, q0=0.9, beta=2",55663,7586.4,114.48423472251537
tsp,berlin52,P-ACO,"K=10, ants=30, q0=0.9, beta=2",56024,7586.4,114.48423472251537
tsp,berlin52,P-ACO,"K=10, ants=30, q0=0.9, beta=2",56386,7586.4,114.48423472251537
tsp,berlin52,P-ACO,"K=10, ants=30, q0=0.9, beta=2",56747,7586.4,114.48423472251537
tsp,berlin52,P-ACO,"K=10, ants=30, q0=0.9, beta=2",57108,7586.4,114.48423472251537
tsp,berlin52,P-ACO,"K=10, ants=30, q0=0.9, beta=2",57470,7586.4,114.48423472251537
tsp,berlin52,P-ACO,"K=10, ants=30, q0=0.9, beta=2",57831,7586.4,114.48423472251537
tsp,berlin52,P-ACO,"K=10, ants=30, q0=0.9, beta=2",58193,7586.4,114.48423472251537
tsp,berlin52,P-ACO,"K=10, ants=30, q0=0.9, beta=2",58554,7586.4,114.48423472251537
tsp,berlin52,P-ACO,"K=10, ants=30, q0=0.9, beta=2",58916,7586.4,114.48423472251537
tsp,berlin52,P-ACO,"K=10, ants=30, q0=0.9, beta=2",59277,7586.4,114.48423472251537
tsp,berlin52,P-ACO,"K=10, ants=30, q0=0.9, beta=2",59639,7586.066666666667,114.60568145699506
tsp,berlin52,P-ACO,"K=10, ants=30, q0=0.9, beta=2",60000,7586.066666666667,114.60568145699506
tsp,berlin52,P-ACO,"K=10, ants=30, q0=0.9, beta=2",60361,7586.066666666667,114.60568145699506
tsp,berlin52,P-ACO,"K=10, ants=30, q0=0.9, beta=2",60723,7586.066666666667,114.60568145699506
tsp,berlin52,P-ACO,"K=10, ants=30, q0=0.9, beta=2",61084,7586.066666666667,114.60568145699506
tsp,berlin52,P-ACO,"K=10, ants=30, q0=0.9, beta=2",61446,7586.066666666667,114.60568145699506
tsp,berlin52,P-ACO,"K=10, ants=30, q0=0.9, beta=2",61807,7586.066666666667,114.60568145699506
tsp,berlin52,P-ACO,"K=10, ants=30, q0=0.9, beta=2",62169,7586.066666666667,114.60568145699506
tsp,berlin52,P-ACO,"K=10, ants=30, q0=0.9, beta=2",62530,7586.066666666667,114.60568145699506
tsp,berlin52,P-ACO,"K=10, ants=30, q0=0.9, beta=2",62892,7586.066666666667,114.60568145699506
tsp,berlin52,P-ACO,"K=10, ants=30, q0=0.9, beta=2",63253,7586.066666666667,114.60568145699506
tsp,berlin52,P-ACO,"K=10, ants=30, q0=0.9, beta=2",63614,7586.066666666667,114.60568145699506
tsp,berlin52,P-ACO,"K=10, ants=30, q0=0.9, beta=2",63976,7586.066666666667,114.60568145699506
tsp,berlin52,P-ACO,"K=10, ants=30, q0=0.9, beta=2",64337,7586.066666666667,114.60568145699506
tsp,berlin52,P-ACO,"K=10, ants=30, q0=0.9, beta=2",64699,7586.066666666667,114.60568145699506
tsp,berlin52,P-ACO,"K=10, ants=30, q0=0.9, beta=2",65060,7586.066666666667,114.60568145699506
tsp,berlin52,P-ACO,"K=10, ants=30, q0=0.9, beta=2",65422,7586.066666666667,114.60568145699506
tsp,berlin52,P-ACO,"K=10, ants=30, q0=0.9, beta=2",65783,7586.066666666667,114.60568145699506
tsp,berlin52,P-ACO,"K=10, ants=30, q0=0.9, beta=2",66145,7586.066666666667,114.60568145699506
tsp,berlin52,P-ACO,"K=10, ants=30, q0=0.9, beta=2",66506,7586.066666666667,114.60568145699506
tsp,berlin52,P-ACO,"K=10, ants=30, q0=0.9, beta=2",66867,7586.066666666667,114.60568145699506
tsp,berlin52,P-ACO,"K=10, ants=30, q0=0.9, beta=2",67229,7586.066666666667,114.60568145699506
tsp,berlin52,P-ACO,"K=10, ants=30, q0=0.9, beta=2",67590,7586.066666666667,114.60568145699506
tsp,berlin52,P-ACO,"K=10, ants=30, q0=0.9, beta=2",67952,7586.066666666667,114.60568145699506
tsp,berlin52,P-ACO,"K=10, ants=30, q0=0.9, beta=2",68313,7586.066666666667,114.60568145699506
tsp,berlin52,P-ACO,"K=10, ants=30, q0=0.9, beta=2",68675,7586.066666666667,114.60568145699506
tsp,berlin52,P-ACO,"K=10, ants=30, q0=0.9, beta=2",69036,7586.066666666667,114.60568145699506
tsp,berlin52,P-ACO,"K=10, ants=30, q0=0.9, beta=2",69398,7586.066666666667,114.60568145699506
tsp,berlin52,P-ACO,"K=10, ants=30, q0=0.9, beta=2",69759,7586.066666666667,114.60568145699506
tsp,berlin52,P-ACO,"K=10, ants=30, q0=0.9, beta=2",70120,7586.066666666667,114.60568145699506
tsp,berlin52,P-ACO,"K=10, ants=30, q0=0.9, beta=2",70482,7586.066666666667,114.60568145699506
tsp,berlin52,P-ACO,"K=10, ants=30, q0=0.9, beta=2",70843,7586.066666666667,114.60568145699506
tsp,berlin52,P-ACO,"K=10, ants=30, q0=0.9, beta=2",71205,7586.066666666667,114.60568145699506
tsp,berlin52,P-ACO,"K=10, ants=30, q0=0.9, beta=2",71566,7586.066666666667,114.60568145699506
tsp,berlin52,P-ACO,"K=10, ants=30, q0=0.9, beta=2",71928,7586.066666666667,114.60568145699506
tsp,berlin52,P-ACO,"K=10, ants=30, q0=0.9, beta=2",72289,7586.066666666667,114.60568145699506
tsp,berlin52,P-ACO,"K=10, ants=30, q0=0.9, beta=2",72651,7586.066666666667,114.60568145699506
tsp,berlin52,P-ACO,"K=10, ants=30, q0=0.9, beta=2",73012,7586.066666666667,114.60568145699506
tsp,berlin52,P-ACO,"K=10, ants=30, q0=0.9, beta=2",73373,7586.066666666667,114.60568145699506
tsp,berlin52,P-ACO,"K=10, ants=30, q0=0.9, beta=2",73735,7586.066666666667,114.60568145699506
tsp,berlin52,P-ACO,"K=10, ants=30, q0=0.9, beta=2",74096,7586.066666666667,114.60568145699506
tsp,berlin52,P-ACO,"K=10, ants=30, q0=0.9, beta=2",74458,7586.066666666667,114.60568145699506
tsp,berlin52,P-ACO,"K=10, ants=30, q0=0.9, beta=2",74819,7586.066666666667,114.60568145699506
tsp,berlin52,P-ACO,"K=10, ants=30, q0=0.9, beta=2",75181,7586.066666666667,114.60568145699506
tsp,berlin52,P-ACO,"K=10, ants=30, q0=0.9, beta=2",75542,7586.066666666667,114.60568145699506
tsp,berlin52,P-ACO,"K=10, ants=30, q0=0.9, beta=2",75904,7586.066666666667,114.60568145699506
tsp,berlin52,P-ACO,"K=10, ants=30, q0=0.9, beta=2",76265,7586.066666666667,114.60568145699506
tsp,berlin52,P-ACO,"K=10, ants=30, q0=0.9, beta=2",76627,7586.066666666667,114.60568145699506
tsp,berlin52,P-ACO,"K=10, ants=30, q0=0.9, beta=2",76988,7586.066666666667,114.60568145699506
tsp,berlin52,P-ACO,"K=10, ants=30, q0=0.9, beta=2",77349,7586.066666666667,114.60568145699506
tsp,berlin52,P-ACO,"K=10, ants=30, q0=0.9, beta=2",77711,7586.066666666667,114.60568145699506
tsp,berlin52,P-ACO,"K=10, ants=30, q0=0.9, beta=2",78072,7586.066666666667,114.60568145699506
tsp,berlin52,P-ACO,"K=10, ants=30, q0=0.9, beta=2",78434,7586.066666666667,114.60568145699506
tsp,berlin52,P-ACO,"K=10, ants=30, q0=0.9, beta=2",78795,7586.066666666667,114.60568145699506
tsp,berlin52,P-ACO,"K=10, ants=30, q0=0.9, beta=2",79157,7586.066666666667,114.60568145699506
tsp,berlin52,P-ACO,"K=10, ants=30, q0=0.9, beta=2",79518,7585.865863453815,114.676571947414
tsp,berlin52,P-ACO,"K=10, ants=30, q0=0.9, beta=2",79880,7585.733333333334,114.7260311447329
tsp,berlin52,P-ACO,"K=10, ants=30, q0=0.9, beta=2",80241,7585.733333333334,114.7260311447329
tsp,berlin52,P-ACO,"K=10, ants=30, q0=0.9, beta=2",80602,7585.733333333334,114.7260311447329
tsp,berlin52,P-ACO,"K=10, ants=30, q0=0.9, beta=2",80964,7585.733333333334,114.7260311447329
tsp,berlin52,P-ACO,"K=10, ants=30, q0=0.9, beta=2",81325,7585.733333333334,114.7260311447329
tsp,berlin52,P-ACO,"K=10, ants=30, q0=0.9, beta=2",81687,7585.733333333334,114.7260311447329
tsp,berlin52,P-ACO,"K=10, ants=30, q0=0.9, beta=2",82048,7585.733333333334,114.7260311447329
tsp,berlin52,P-ACO,"K=10, ants=30, q0=0.9, beta=2",82410,7585.733333333334,114.7260311447329
tsp,berlin52,P-ACO,"K=10, ants=30, q0=0.9, beta=2",82771,7585.733333333334,114.7260311447329
tsp,berlin52,P-ACO,"K=10, ants=30, q0=0.9, beta=2",83133,7585.733333333334,114.7260311447329
tsp,berlin52,P-ACO,"K=10, ants=30, q0=0.9, beta=2",83494,7585.733333333334,114.7260311447329
tsp,berlin52,P-ACO,"K=10, ants=30, q0=0.9, beta=2",83855,7585.733333333334,114.7260311447329
tsp,berlin52,P-ACO,"K=10, ants=30, q0=0.9, beta=2",84217,7585.733333333334,114.7260311447329
tsp,berlin52,P-ACO,"K=10, ants=30, q0=0.9, beta=2",84578,7585.733333333334,114.7260311447329
tsp,berlin52,P-ACO,"K=10, ants=30, q0=0.9, beta=2",84940,7585.733333333334,114.7260311447329
tsp,berlin52,P-ACO,"K=10, ants=30, q0=0.9, beta=2",85301,7585.733333333334,114.7260311447329
tsp,berlin52,P-ACO,"K=10, ants=30, q0=0.9, beta=2",85663,7585.733333333334,114.7260311447329
tsp,berlin52,P-ACO,"K=10, ants=30, q0=0.9, beta=2",86024,7585.733333333334,114.7260311447329
tsp,berlin52,P-ACO,"K=10, ants=30, q0=0.9, beta=2",86386,7585.733333333334,114.7260311447329
tsp,berlin52,P-ACO,"K=10, ants=30, q0=0.9, beta=2",86747,7585.733333333334,114.7260311447329
tsp,berlin52,P-ACO,"K=10, ants=30, q0=0.9, beta=2",87108,7585.733333333334,114.7260311447329
tsp,berlin52,P-ACO,"K=10, ants=30, q0=0.9, beta=2",87470,7585.733333333334,114.7260311447329
tsp,berlin52,P-ACO,"K=10, ants=30, q0=0.9, beta=2",87831,7585.733333333334,114.7260311447329
tsp,berlin52,P-ACO,"K=10, ants=30, q0=0.9, beta=2",88193,7585.733333333334,114.7260311447329
tsp,berlin52,P-ACO,"K=10, ants=30, q0=0.9, beta=2",88554,7585.733333333334,114.7260311447329
tsp,berlin52,P-ACO,"K=10, ants=30, q0=0.9, beta=2",88916,7585.733333333334,114.7260311447329
tsp,berlin52,P-ACO,"K=10, ants=30, q0=0.9, beta=2",89277,7585.733333333334,114.7260311447329
tsp,berlin52,P-ACO,"K=10, ants=30, q0=0.9, beta=2",89639,7585.733333333334,114.7260311447329
tsp,berlin52,P-ACO,"K=10, ants=30, q0=0.9, beta=2",90000,7585.733333333334,114.7260311447329
tsp,berlin52,P-ACO,"K=10, ants=30, q0=0.9, beta=3",0,8352.133333333333,286.3757128125374
tsp,berlin52,P-ACO,"K=10, ants=30, q0=0.9, beta=3",361,7958.229718875502,131.01650711282994
tsp,berlin52,P-ACO,"K=10, ants=30, q0=0.9, beta=3",723,7851.077108433734,136.16175211012003
tsp,berlin52,P-ACO,"K=10, ants=30, q0=0.9, beta=3",1084,7776.2,127.44054823066847
tsp,berlin52,P-ACO,"K=10, ants=30, q0=0.9, beta=3",1446,7760.933333333333,136.3179942471116
tsp,berlin52,P-ACO,"K=10, ants=30, q0=0.9, beta=3",1807,7727.183935742972,149.5604314282007
tsp,berlin52,P-ACO,"K=10, ants=30, q0=0.9, beta=3",2169,7703.893975903615,111.18028317779238
tsp,berlin52,P-ACO,"K=10, ants=30, q0=0.9, beta=3",2530,7676.2,106.10447681412882
tsp,berlin52,P-ACO,"K=10, ants=30, q0=0.9, beta=3",2892,7668.1108433734935,111.0806507154669
tsp,berlin52,P-ACO,"K=10, ants=30, q0=0.9, beta=3",3253,7656.6,107.9152754093074
tsp,berlin52,P-ACO,"K=10, ants=30, q0=0.9, beta=3",3614,7654.533333333334,107.12538862888148
tsp,berlin52,P-ACO,"K=10, ants=30, q0=0.9, beta=3",3976,7653.733333333334,106.38136846062639
tsp,berlin52,P-ACO,"K=10, ants=30, q0=0.9, beta=3",4337,7652.8072289156635,105.65082182968504
tsp,berlin52,P-ACO,"K=10, ants=30, q0=0.9, beta=3",4699,7645.0,108.40664186294121
tsp,berlin52,P-ACO,"K=10, ants=30, q0=0.9, beta=3",5060,7637.666666666667,111.03552984918335
tsp,berlin52,P-ACO,"K=10, ants=30, q0=0.9, beta=3",5422,7630.733333333334,109.66583586311444
tsp,berlin52,P-ACO,"K=10, ants=30, q0=0.9, beta=3",5783,7630.733333333334,109.66583586311444
tsp,berlin52,P-ACO,"K=10, ants=30, q0=0.9, beta=3",6145,7630.733333333334,109.66583586311444
tsp,berlin52,P-ACO,"K=10, ants=30, q0=0.9, beta=3",6506,7628.4,109.1786303876969
tsp,berlin52,P-ACO,"K=10, ants=30, q0=0.9, beta=3",6867,7619.333333333333,96.82814099676234
tsp,berlin52,P-ACO,"K=10, ants=30, q0=0.9, beta=3",7229,7610.533333333334,97.45622379076441
tsp,berlin52,P-ACO,"K=10, ants=30, q0=0.9, beta=3",7590,7610.449799196786,97.42203318944499
tsp,berlin52,P-ACO,"K=10, ants=30, q0=0.9, beta=3",7952,7602.2,94.12913116210802
tsp,berlin52,P-ACO,"K=10, ants=30, q0=0.9, beta=3",8313,7599.226506024096,90.63536658130664
tsp,berlin52,P-ACO,"K=10, ants=30, q0=0.9, beta=3",8675,7589.0,84.62702484037433
tsp,berlin52,P-ACO,"K=10, ants=30, q0=0.9, beta=3",9036,7589.0,84.62702484037433
tsp,berlin52,P-ACO,"K=10, ants=30, q0=0.9, beta=3",9398,7589.0,84.62702484037433
tsp,berlin52,P-ACO,"K=10, ants=30, q0=0.9, beta=3",9759,7584.466666666666,81.57112778973261
tsp,berlin52,P-ACO,"K=10, ants=30, q0=0.9, beta=3",10120,7581.666666666667,73.90143586035538
tsp,berlin52,P-ACO,"K=10, ants=30, q0=0.9, beta=3",10482,7580.866666666667,71.84044048367807
tsp,berlin52,P-ACO,"K=10, ants=30, q0=0.9, beta=3",10843,7580.866666666667,71.84044048367807
tsp,berlin52,P-ACO,"K=10, ants=30, q0=0.9, beta=3",11205,7580.866666666667,71.84044048367807
tsp,berlin52,P-ACO,"K=10, ants=30, q0=0.9, beta=3",11566,7580.866666666667,71.84044048367807
tsp,berlin52,P-ACO,"K=10, ants=30, q0=0.9, beta=3",11928,7578.2,69.40624371529313
tsp,berlin52,P-ACO,"K=10, ants=30, q0=0.9, beta=3",12289,7573.066666666667,68.67262110105372
tsp,berlin52,P-ACO,"K=10, ants=30, q0=0.9, beta=3",12651,7572.733333333334,68.81033514103984
tsp,berlin52,P-ACO,"K=10, ants=30, q0=0.9, beta=3",13012,7572.733333333334,68.81033514103984
tsp,berlin52,P-ACO,"K=10, ants=30, q0=0.9, beta=3",13373,7572.733333333334,68.81033514103984
tsp,berlin52,P-ACO,"K=10, ants=30, q0=0.9, beta=3",13735,7572.266666666666,67.53020723268135
tsp,berlin52,P-ACO,"K=10, ants=30, q0=0.9, beta=3",14096,7570.533333333334,62.97181027165162
tsp,berlin52,P-ACO,"K=10, ants=30, q0=0.9, beta=3",14458,7570.533333333334,62.97181027165162
tsp,berlin52,P-ACO,"K=10, ants=30, q0=0.9, beta=3",14819,7570.533333333334,62.97181027165162
tsp,berlin52,P-ACO,"K=10, ants=30, q0=0.9, beta=3",15181,7570.533333333334,62.97181027165162
tsp,berlin52,P-ACO,"K=10, ants=30, q0=0.9, beta=3",15542,7570.533333333334,62.97181027165162
tsp,berlin52,P-ACO,"K=10, ants=30, q0=0.9, beta=3",15904,7569.4,60.14515774357899
tsp,berlin52,P-ACO,"K=10, ants=30, q0=0.9, beta=3",16265,7569.4,60.14515774357899
tsp,berlin52,P-ACO,"K=10, ants=30, q0=0.9, beta=3",16627,7569.4,60.14515774357899
tsp,berlin52,P-ACO,"K=10, ants=30, q0=0.9, beta=3",16988,7569.4,60.14515774357899
tsp,berlin52,P-ACO,"K=10, ants=30, q0=0.9, beta=3",17349,7569.4,60.14515774357899
tsp,berlin52,P-ACO,"K=10, ants=30, q0=0.9, beta=3",17711,7569.4,60.14515774357899
tsp,berlin52,P-ACO,"K=10, ants=30, q0=0.9, beta=3",18072,7569.4,60.14515774357899
tsp,berlin52,P-ACO,"K=10, ants=30, q0=0.9, beta=3",18434,7569.4,60.14515774357899
tsp,berlin52,P-ACO,"K=10, ants=30, q0=0.9, beta=3",18795,7569.4,60.14515774357899
tsp,berlin52,P-ACO,"K=10, ants=30, q0=0.9, beta=3",19157,7569.4,60.14515774357899
tsp,berlin52,P-ACO,"K=10, ants=30, q0=0.9, beta=3",19518,7569.199196787148,60.22458377572917
tsp,berlin52,P-ACO,"K=10, ants=30, q0=0.9, beta=3",19880,7568.733333333334,60.41684827558912
tsp,berlin52,P-ACO,"K=10, ants=30, q0=0.9, beta=3",20241,7568.4,60.54948389540575
tsp,berlin52,P-ACO,"K=10, ants=30, q0=0.9, beta=3",20602,7568.4,60.54948389540575
tsp,berlin52,P-ACO,"K=10, ants=30, q0=0.9, beta=3",20964,7568.4,60.54948389540575
tsp,berlin52,P-ACO,"K=10, ants=30, q0=0.9, beta=3",21325,7568.4,60.54948389540575
tsp,berlin52,P-ACO,"K=10, ants=30, q0=0.9, beta=3",21687,7568.4,60.54948389540575
tsp,berlin52,P-ACO,"K=10, ants=30, q0=0.9, beta=3",22048,7567.933333333333,60.32519282098391
tsp,berlin52,P-ACO,"K=10, ants=30, q0=0.9, beta=3",22410,7567.933333333333,60.32519282098391
tsp,berlin52,P-ACO,"K=10, ants=30, q0=0.9, beta=3",22771,7567.9140562248995,60.27406445898368
tsp,berlin52,P-ACO,"K=10, ants=30, q0=0.9, beta=3",23133,7567.4,58.92684730522525
tsp,berlin52,P-ACO,"K=10, ants=30, q0=0.9, beta=3",23494,7567.4,58.92684730522525
tsp,berlin52,P-ACO,"K=10, ants=30, q0=0.9, beta=3",23855,7567.4,58.92684730522525
tsp,berlin52,P-ACO,"K=10, ants=30, q0=0.9, beta=3",24217,7567.4,58.92684730522525
tsp,berlin52,P-ACO,"K=10, ants=30, q0=0.9, beta=3",24578,7567.4,58.92684730522525
tsp,berlin52,P-ACO,"K=10, ants=30, q0=0.9, beta=3",24940,7567.4,58.92684730522525
tsp,berlin52,P-ACO,"K=10, ants=30, q0=0.9, beta=3",25301,7566.942168674698,59.0994281258281
tsp,berlin52,P-ACO,"K=10, ants=30, q0=0.9, beta=3",25663,7566.733333333334,59.18160374831204
tsp,berlin52,P-ACO,"K=10, ants=30, q0=0.9, beta=3",26024,7555.2,42.77101822496163
tsp,berlin52,P-ACO,"K=10, ants=30, q0=0.9, beta=3",26386,7555.2,42.77101822496163
tsp,berlin52,P-ACO,"K=10, ants=30, q0=0.9, beta=3",26747,7555.2,42.77101822496163
tsp,berlin52,P-ACO,"K=10, ants=30, q0=0.9, beta=3",27108,7555.2,42.77101822496163
tsp,berlin52,P-ACO,"K=10, ants=30, q0=0.9, beta=3",27470,7555.2,42.77101822496163
tsp,berlin52,P-ACO,"K=10, ants=30, q0=0.9, beta=3",27831,7555.2,42.77101822496163
tsp,berlin52,P-ACO,"K=10, ants=30, q0=0.9, beta=3",28193,7555.2,42.77101822496163
tsp,berlin52,P-ACO,"K=10, ants=30, q0=0.9, beta=3",28554,7555.2,42.77101822496163
tsp,berlin52,P-ACO,"K=10, ants=30, q0=0.9, beta=3",28916,7555.2,42.77101822496163
tsp,berlin52,P-ACO,"K=10, ants=30, q0=0.9, beta=3",29277,7555.2,42.77101822496163
tsp,berlin52,P-ACO,"K=10, ants=30, q0=0.9, beta=3",29639,7555.2,42.77101822496163
tsp,berlin52,P-ACO,"K=10, ants=30, q0=0.9, beta=3",30000,7555.2,42.77101822496163
tsp,berlin52,P-ACO,"K=10, ants=30, q0=0.9, beta=3",30361,7555.2,42.77101822496163
tsp,berlin52,P-ACO,"K=10, ants=30, q0=0.9, beta=3",30723,7555.2,42.77101822496163
tsp,berlin52,P-ACO,"K=10, ants=30, q0=0.9, beta=3",31084,7555.2,42.77101822496163
tsp,berlin52,P-ACO,"K=10, ants=30, q0=0.9, beta=3",31446,7555.2,42.77101822496163
tsp,berlin52,P-ACO,"K=10, ants=30, q0=0.9, beta=3",31807,7555.2,42.77101822496163
tsp,berlin52,P-ACO,"K=10, ants=30, q0=0.9, beta=3",32169,7555.2,42.77101822496163
tsp,berlin52,P-ACO,"K=10, ants=30, q0=0.9, beta=3",32530,7555.087550200803,42.794639922653616
tsp,berlin52,P-ACO,"K=10, ants=30, q0=0.9, beta=3",32892,7554.866666666667,42.853030490529164
tsp,berlin52,P-ACO,"K=10, ants=30, q0=0.9, beta=3",33253,7554.866666666667,42.853030490529164
tsp,berlin52,P-ACO,"K=10, ants=30, q0=0.9, beta=3",33614,7554.866666666667,42.853030490529164
tsp,berlin52,P-ACO,"K=10, ants=30, q0=0.9, beta=3",33976,7554.866666666667,42.853030490529164
tsp,berlin52,P-ACO,"K=10, ants=30, q0=0.9, beta=3",34337,7554.866666666667,42.853030490529164
tsp,berlin52,P-ACO,"K=10, ants=30, q0=0.9, beta=3",34699,7554.866666666667,42.853030490529164
tsp,berlin52,P-ACO,"K=10, ants=30, q0=0.9, beta=3",35060,7554.866666666667,42.853030490529164
tsp,berlin52,P-ACO,"K=10, ants=30, q0=0.9, beta=3",35422,7554.866666666667,42.853030490529164
tsp,berlin52,P-ACO,"K=10, ants=30, q0=0.9, beta=3",35783,7554.866666666667,42.853030490529164
tsp,berlin52,P-ACO,"K=10, ants=30, q0=0.9, beta=3",36145,7554.866666666667,42.853030490529164
tsp,berlin52,P-ACO,"K=10, ants=30, q0=0.9, beta=3",36506,7554.866666666667,42.853030490529164
tsp,berlin52,P-ACO,"K=10, ants=30, q0=0.9, beta=3",36867,7554.866666666667,42.853030490529164
tsp,berlin52,P-ACO,"K=10, ants=30, q0=0.9, beta=3",37229,7554.866666666667,42.853030490529164
tsp,berlin52,P-ACO,"K=10, ants=30, q0=0.9, beta=3",37590,7554.866666666667,42.853030490529164
tsp,berlin52,P-ACO,"K=10, ants=30, q0=0.9, beta=3",37952,7554.866666666667,42.853030490529164
tsp,berlin52,P-ACO,"K=10, ants=30, q0=0.9, beta=3",38313,7554.866666666667,42.853030490529164
tsp,berlin52,P-ACO,"K=10, ants=30, q0=0.9, beta=3",38675,7554.866666666667,42.853030490529164
tsp,berlin52,P-ACO,"K=10, ants=30, q0=0.9, beta=3",39036,7554.866666666667,42.853030490529164
tsp,berlin52,P-ACO,"K=10, ants=30, q0=0.9, beta=3",39398,7554.866666666667,42.853030490529164
tsp,berlin52,P-ACO,"K=10, ants=30, q0=0.9, beta=3",39759,7554.866666666667,42.853030490529164
tsp,berlin52,P-ACO,"K=10, ants=30, q0=0.9, beta=3",40120,7554.866666666667,42.853030490529164
tsp,berlin52,P-ACO,"K=10, ants=30, q0=0.9, beta=3",40482,7554.866666666667,42.853030490529164
tsp,berlin52,P-ACO,"K=10, ants=30, q0=0.9, beta=3",40843,7554.866666666667,42.853030490529164
tsp,berlin52,P-ACO,"K=10, ants=30, q0=0.9, beta=3",41205,7554.866666666667,42.853030490529164
tsp,berlin52,P-ACO,"K=10, ants=30, q0=0.9, beta=3",41566,7554.866666666667,42.853030490529164
tsp,berlin52,P-ACO,"K=10, ants=30, q0=0.9, beta=3",41928,7554.866666666667,42.853030490529164
tsp,berlin52,P-ACO,"K=10, ants=30, q0=0.9, beta=3",42289,7554.866666666667,42.853030490529164
tsp,berlin52,P-ACO,"K=10, ants=30, q0=0.9, beta=3",42651,7554.866666666667,42.853030490529164
tsp,berlin52,P-ACO,"K=10, ants=30, q0=0.9, beta=3",43012,7554.533333333334,42.93229812416547
tsp,berlin52,P-ACO,"K=10, ants=30, q0=0.9, beta=3",43373,7554.533333333334,42.93229812416547
tsp,berlin52,P-ACO,"K=10, ants=30, q0=0.9, beta=3",43735,7554.533333333334,42.93229812416547
tsp,berlin52,P-ACO,"K=10, ants=30, q0=0.9, beta=3",44096,7554.533333333334,42.93229812416547
tsp,berlin52,P-ACO,"K=10, ants=30, q0=0.9, beta=3",44458,7554.533333333334,42.93229812416547
tsp,berlin52,P-ACO,"K=10, ants=30, q0=0.9, beta=3",44819,7554.533333333334,42.93229812416547
tsp,berlin52,P-ACO,"K=10, ants=30, q0=0.9, beta=3",45181,7554.533333333334,42.93229812416547
tsp,berlin52,P-ACO,"K=10, ants=30, q0=0.9, beta=3",45542,7554.533333333334,42.93229812416547
tsp,berlin52,P-ACO,"K=10, ants=30, q0=0.9, beta=3",45904,7554.533333333334,42.93229812416547
tsp,berlin52,P-ACO,"K=10, ants=30, q0=0.9, beta=3",46265,7554.533333333334,42.93229812416547
tsp,berlin52,P-ACO,"K=10, ants=30, q0=0.9, beta=3",46627,7554.533333333334,42.93229812416547
tsp,berlin52,P-ACO,"K=10, ants=30, q0=0.9, beta=3",46988,7554.533333333334,42.93229812416547
tsp,berlin52,P-ACO,"K=10, ants=30, q0=0.9, beta=3",47349,7554.2,43.00883630139276
tsp,berlin52,P-ACO,"K=10, ants=30, q0=0.9, beta=3",47711,7554.2,43.00883630139276
tsp,berlin52,P-ACO,"K=10, ants=30, q0=0.9, beta=3",48072,7554.2,43.00883630139276
tsp,berlin52,P-ACO,"K=10, ants=30, q0=0.9, beta=3",48434,7554.2,43.00883630139276
tsp,berlin52,P-ACO,"K=10, ants=30, q0=0.9, beta=3",48795,7554.2,43.00883630139276
tsp,berlin52,P-ACO,"K=10, ants=30, q0=0.9, beta=3",49157,7554.2,43.00883630139276
tsp,berlin52,P-ACO,"K=10, ants=30, q0=0.9, beta=3",49518,7554.2,43.00883630139276
tsp,berlin52,P-ACO,"K=10, ants=30, q0=0.9, beta=3",49880,7554.2,43.00883630139276
tsp,berlin52,P-ACO,"K=10, ants=30, q0=0.9, beta=3",50241,7554.2,43.00883630139276
tsp,berlin52,P-ACO,"K=10, ants=30, q0=0.9, beta=3",50602,7554.2,43.00883630139276
tsp,berlin52,P-ACO,"K=10, ants=30, q0=0.9, beta=3",50964,7554.2,43.00883630139276
tsp,berlin52,P-ACO,"K=10, ants=30, q0=0.9, beta=3",51325,7554.2,43.00883630139276
tsp,berlin52,P-ACO,"K=10, ants=30, q0=0.9, beta=3",51687,7554.2,43.00883630139276
tsp,berlin52,P-ACO,"K=10, ants=30, q0=0.9, beta=3",52048,7554.2,43.00883630139276
tsp,berlin52,P-ACO,"K=10, ants=30, q0=0.9, beta=3",52410,7554.2,43.00883630139276
tsp,berlin52,P-ACO,"K=10, ants=30, q0=0.9, beta=3",52771,7554.2,43.00883630139276
tsp,berlin52,P-ACO,"K=10, ants=30, q0=0.9, beta=3",53133,7554.2,43.00883630139276
tsp,berlin52,P-ACO,"K=10, ants=30, q0=0.9, beta=3",53494,7554.2,43.00883630139276
tsp,berlin52,P-ACO,"K=10, ants=30, q0=0.9, beta=3",53855,7554.2,43.00883630139276
tsp,berlin52,P-ACO,"K=10, ants=30, q0=0.9, beta=3",54217,7554.2,43.00883630139276
tsp,berlin52,P-ACO,"K=10, ants=30, q0=0.9, beta=3",54578,7554.2,43.00883630139276
tsp,berlin52,P-ACO,"K=10, ants=30, q0=0.9, beta=3",54940,7553.866666666667,43.08265956919971
tsp,berlin52,P-ACO,"K=10, ants=30, q0=0.9, beta=3",55301,7553.866666666667,43.08265956919971
tsp,berlin52,P-ACO,"K=10, ants=30, q0=0.9, beta=3",55663,7553.866666666667,43.08265956919971
tsp,berlin52,P-ACO,"K=10, ants=30, q0=0.9, beta=3",56024,7553.866666666667,43.08265956919971
tsp,berlin52,P-ACO,"K=10, ants=30, q0=0.9, beta=3",56386,7553.866666666667,43.08265956919971
tsp,berlin52,P-ACO,"K=10, ants=30, q0=0.9, beta=3",56747,7553.866666666667,43.08265956919971
tsp,berlin52,P-ACO,"K=10, ants=30, q0=0.9, beta=3",57108,7553.866666666667,43.08265956919971
tsp,berlin52,P-ACO,"K=10, ants=30, q0=0.9, beta=3",57470,7553.866666666667,43.08265956919971
tsp,berlin52,P-ACO,"K=10, ants=30, q0=0.9, beta=3",57831,7553.866666666667,43.08265956919971
tsp,berlin52,P-ACO,"K=10, ants=30, q0=0.9, beta=3",58193,7553.866666666667,43.08265956919971
tsp,berlin52,P-ACO,"K=10, ants=30, q0=0.9, beta=3",58554,7553.866666666667,43.08265956919971
tsp,berlin52,P-ACO,"K=10, ants=30, q0=0.9, beta=3",58916,7553.866666666667,43.08265956919971
tsp,berlin52,P-ACO,"K=10, ants=30, q0=0.9, beta=3",59277,7553.866666666667,43.08265956919971
tsp,berlin52,P-ACO,"K=10, ants=30, q0=0.9, beta=3",59639,7553.866666666667,43.08265956919971
tsp,berlin52,P-ACO,"K=10, ants=30, q0=0.9, beta=3",60000,7553.866666666667,43.08265956919971
tsp,berlin52,P-ACO,"K=10, ants=30, q0=0.9, beta=3",60361,7553.866666666667,43.08265956919971
tsp,berlin52,P-ACO,"K=10, ants=30, q0=0.9, beta=3",60723,7553.866666666667,43.08265956919971
tsp,berlin52,P-ACO,"K=10, ants=30, q0=0.9, beta=3",61084,7553.866666666667,43.08265956919971
tsp,berlin52,P-ACO,"K=10, ants=30, q0=0.9, beta=3",61446,7553.866666666667,43.08265956919971
tsp,berlin52,P-ACO,"K=10, ants=30, q0=0.9, beta=3",61807,7553.866666666667,43.08265956919971
tsp,berlin52,P-ACO,"K=10, ants=30, q0=0.9, beta=3",62169,7553.866666666667,43.08265956919971
tsp,berlin52,P-ACO,"K=10, ants=30, q0=0.9, beta=3",62530,7553.866666666667,43.08265956919971
tsp,berlin52,P-ACO,"K=10, ants=30, q0=0.9, beta=3",62892,7553.866666666667,43.08265956919971
tsp,berlin52,P-ACO,"K=10, ants=30, q0=0.9, beta=3",63253,7553.866666666667,43.08265956919971
tsp,berlin52,P-ACO,"K=10, ants=30, q0=0.9, beta=3",63614,7553.866666666667,43.08265956919971
tsp,berlin52,P-ACO,"K=10, ants=30, q0=0.9, beta=3",63976,7553.866666666667,43.08265956919971
tsp,berlin52,P-ACO,"K=10, ants=30, q0=0.9, beta=3",64337,7553.866666666667,43.08265956919971
tsp,berlin52,P-ACO,"K=10, ants=30, q0=0.9, beta=3",64699,7553.866666666667,43.08265956919971
tsp,berlin52,P-ACO,"K=10, ants=30, q0=0.9, beta=3",65060,7553.866666666667,43.08265956919971
tsp,berlin52,P-ACO,"K=10, ants=30, q0=0.9, beta=3",65422,7553.866666666667,43.08265956919971
tsp,berlin52,P-ACO,"K=10, ants=30, q0=0.9, beta=3",65783,7553.866666666667,43.08265956919971
tsp,berlin52,P-ACO,"K=10, ants=30, q0=0.9, beta=3",66145,7553.866666666667,43.08265956919971
tsp,berlin52,P-ACO,"K=10, ants=30, q0=0.9, beta=3",66506,7553.866666666667,43.08265956919971
tsp,berlin52,P-ACO,"K=10, ants=30, q0=0.9, beta=3",66867,7553.866666666667,43.08265956919971
tsp,berlin52,P-ACO,"K=10, ants=30, q0=0.9, beta=3",67229,7553.866666666667,43.08265956919971
tsp,berlin52,P-ACO,"K=10, ants=30, q0=0.9, beta=3",67590,7553.866666666667,43.08265956919971
tsp,berlin52,P-ACO,"K=10, ants=30, q0=0.9, beta=3",67952,7553.866666666667,43.08265956919971
tsp,berlin52,P-ACO,"K=10, ants=30, q0=0.9, beta=3",68313,7553.866666666667,43.08265956919971
tsp,berlin52,P-ACO,"K=10, ants=30, q0=0.9, beta=3",68675,7553.866666666667,43.08265956919971
tsp,berlin52,P-ACO,"K=10, ants=30, q0=0.9, beta=3",69036,7553.866666666667,43.08265956919971
tsp,berlin52,P-ACO,"K=10, ants=30, q0=0.9, beta=3",69398,7553.866666666667,43.08265956919971
tsp,berlin52,P-ACO,"K=10, ants=30, q0=0.9, beta=3",69759,7553.866666666667,43.08265956919971
tsp,berlin52,P-ACO,"K=10, ants=30, q0=0.9, beta=3",70120,7553.866666666667,43.08265956919971
tsp,berlin52,P-ACO,"K=10, ants=30, q0=0.9, beta=3",70482,7553.866666666667,43.08265956919971
tsp,berlin52,P-ACO,"K=10, ants=30, q0=0.9, beta=3",70843,7553.866666666667,43.08265956919971
tsp,berlin52,P-ACO,"K=10, ants=30, q0=0.9, beta=3",71205,7553.866666666667,43.08265956919971
tsp,berlin52,P-ACO,"K=10, ants=30, q0=0.9, beta=3",71566,7553.866666666667,43.08265956919971
tsp,berlin52,P-ACO,"K=10, ants=30, q0=0.9, beta=3",71928,7553.866666666667,43.08265956919971
tsp,berlin52,P-ACO,"K=10, ants=30, q0=0.9, beta=3",72289,7553.866666666667,43.08265956919971
tsp,berlin52,P-ACO,"K=10, ants=30, q0=0.9, beta=3",72651,7553.866666666667,43.08265956919971
tsp,berlin52,P-ACO,"K=10, ants=30, q0=0.9, beta=3",73012,7553.866666666667,43.08265956919971
tsp,berlin52,P-ACO,"K=10, ants=30, q0=0.9, beta=3",73373,7553.866666666667,43.08265956919971
tsp,berlin52,P-ACO,"K=10, ants=30, q0=0.9, beta=3",73735,7553.866666666667,43.08265956919971
tsp,berlin52,P-ACO,"K=10, ants=30, q0=0.9, beta=3",74096,7553.866666666667,43.08265956919971
tsp,berlin52,P-ACO,"K=10, ants=30, q0=0.9, beta=3",74458,7553.866666666667,43.08265956919971
tsp,berlin52,P-ACO,"K=10, ants=30, q0=0.9, beta=3",74819,7553.866666666667,43.08265956919971
tsp,berlin52,P-ACO,"K=10, ants=30, q0=0.9, beta=3",75181,7553.866666666667,43.08265956919971
tsp,berlin52,P-ACO,"K=10, ants=30, q0=0.9, beta=3",75542,7553.866666666667,43.08265956919971
tsp,berlin52,P-ACO,"K=10, ants=30, q0=0.9, beta=3",75904,7553.866666666667,43.08265956919971
tsp,berlin52,P-ACO,"K=10, ants=30, q0=0.9, beta=3",76265,7553.866666666667,43.08265956919971
tsp,berlin52,P-ACO,"K=10, ants=30, q0=0.9, beta=3",76627,7553.866666666667,43.08265956919971
tsp,berlin52,P-ACO,"K=10, ants=30, q0=0.9, beta=3",76988,7553.866666666667,43.08265956919971
tsp,berlin52,P-ACO,"K=10, ants=30, q0=0.9, beta=3",77349,7553.866666666667,43.08265956919971
tsp,berlin52,P-ACO,"K=10, ants=30, q0=0.9, beta=3",77711,7553.866666666667,43.08265956919971
tsp,berlin52,P-ACO,"K=10, ants=30, q0=0.9, beta=3",78072,7553.866666666667,43.08265956919971
tsp,berlin52,P-ACO,"K=10, ants=30, q0=0.9, beta=3",78434,7553.866666666667,43.08265956919971
tsp,berlin52,P-ACO,"K=10, ants=30, q0=0.9, beta=3",78795,7553.866666666667,43.08265956919971
tsp,berlin52,P-ACO,"K=10, ants=30, q0=0.9, beta=3",79157,7553.866666666667,43.08265956919971
tsp,berlin52,P-ACO,"K=10, ants=30, q0=0.9, beta=3",79518,7553.665863453815,43.12119849953301
tsp,berlin52,P-ACO,"K=10, ants=30, q0=0.9, beta=3",79880,7553.533333333334,43.15378186079279
tsp,berlin52,P-ACO,"K=10, ants=30, q0=0.9, beta=3",80241,7553.533333333334,43.15378186079279
tsp,berlin52,P-ACO,"K=10, ants=30, q0=0.9, beta=3",80602,7553.533333333334,43.15378186079279
tsp,berlin52,P-ACO,"K=10, ants=30, q0=0.9, beta=3",80964,7553.533333333334,43.15378186079279
tsp,berlin52,P-ACO,"K=10, ants=30, q0=0.9, beta=3",81325,7553.533333333334,43.15378186079279
tsp,berlin52,P-ACO,"K=10, ants=30, q0=0.9, beta=3",81687,7553.533333333334,43.15378186079279
tsp,berlin52,P-ACO,"K=10, ants=30, q0=0.9, beta=3",82048,7553.533333333334,43.15378186079279
tsp,berlin52,P-ACO,"K=10, ants=30, q0=0.9, beta=3",82410,7553.533333333334,43.15378186079279
tsp,berlin52,P-ACO,"K=10, ants=30, q0=0.9, beta=3",82771,7553.533333333334,43.15378186079279
tsp,berlin52,P-ACO,"K=10, ants=30, q0=0.9, beta=3",83133,7553.533333333334,43.15378186079279
tsp,berlin52,P-ACO,"K=10, ants=30, q0=0.9, beta=3",83494,7553.533333333334,43.15378186079279
tsp,berlin52,P-ACO,"K=10, ants=30, q0=0.9, beta=3",83855,7553.533333333334,43.15378186079279
tsp,berlin52,P-ACO,"K=10, ants=30, q0=0.9, beta=3",84217,7553.533333333334,43.15378186079279
tsp,berlin52,P-ACO,"K=10, ants=30, q0=0.9, beta=3",84578,7553.533333333334,43.15378186079279
tsp,berlin52,P-ACO,"K=10, ants=30, q0=0.9, beta=3",84940,7553.533333333334,43.15378186079279
tsp,berlin52,P-ACO,"K=10, ants=30, q0=0.9, beta=3",85301,7553.533333333334,43.15378186079279
tsp,berlin52,P-ACO,"K=10, ants=30, q0=0.9, beta=3",85663,7553.533333333334,43.15378186079279
tsp,berlin52,P-ACO,"K=10, ants=30, q0=0.9, beta=3",86024,7553.533333333334,43.15378186079279
tsp,berlin52,P-ACO,"K=10, ants=30, q0=0.9, beta=3",86386,7553.533333333334,43.15378186079279
tsp,berlin52,P-ACO,"K=10, ants=30, q0=0.9, beta=3",86747,7553.533333333334,43.15378186079279
tsp,berlin52,P-ACO,"K=10, ants=30, q0=0.9, beta=3",87108,7553.533333333334,43.15378186079279
tsp,berlin52,P-ACO,"K=10, ants=30, q0=0.9, beta=3",87470,7553.533333333334,43.15378186079279
tsp,berlin52,P-ACO,"K=10, ants=30, q0=0.9, beta=3",87831,7553.533333333334,43.15378186079279
tsp,berlin52,P-ACO,"K=10, ants=30, q0=0.9, beta=3",88193,7553.533333333334,43.15378186079279
tsp,berlin52,P-ACO,"K=10, ants=30, q0=0.9, beta=3",88554,7553.533333333334,43.15378186079279
tsp,berlin52,P-ACO,"K=10, ants=30, q0=0.9, beta=3",88916,7553.533333333334,43.15378186079279
tsp,berlin52,P-ACO,"K=10, ants=30, q0=0.9, beta=3",89277,7553.533333333334,43.15378186079279
tsp,berlin52,P-ACO,"K=10, ants=30, q0=0.9, beta=3",89639,7553.533333333334,43.15378186079279
tsp,berlin52,P-ACO,"K=10, ants=30, q0=0.9, beta=3",90000,7553.533333333334,43.15378186079279
tsp,berlin52,P-ACO,"K=20, ants=30, q0=0.7, beta=2",0,9450.8,387.4274469712577
tsp,berlin52,P-ACO,"K=20, ants=30, q0=0.7, beta=2",361,7879.01686746988,164.09306207085658
tsp,berlin52,P-ACO,"K=20, ants=30, q0=0.7, beta=2",723,7785.333333333333,93.38284401085434
tsp,berlin52,P-ACO,"K=20, ants=30, q0=0.7, beta=2",1084,7771.215261044176,95.0482272216365
tsp,berlin52,P-ACO,"K=20, ants=30, q0=0.7, beta=2",1446,7737.533333333334,92.8919563555185
tsp,berlin52,P-ACO,"K=20, ants=30, q0=0.7, beta=2",1807,7721.175100401607,91.451457075025
tsp,berlin52,P-ACO,"K=20, ants=30, q0=0.7, beta=2",2169,7719.6,91.724805805191
tsp,berlin52,P-ACO,"K=20, ants=30, q0=0.7, beta=2",2530,7711.066666666667,82.41882201428398
tsp,berlin52,P-ACO,"K=20, ants=30, q0=0.7, beta=2",2892,7694.0,87.53208935394304
tsp,berlin52,P-ACO,"K=20, ants=30, q0=0.7, beta=2",3253,7672.666666666667,90.87402758153117
tsp,berlin52,P-ACO,"K=20, ants=30, q0=0.7, beta=2",3614,7668.466666666666,89.6986560038047
tsp,berlin52,P-ACO,"K=20, ants=30, q0=0.7, beta=2",3976,7660.8,94.69896162753494
tsp,berlin52,P-ACO,"K=20, ants=30, q0=0.7, beta=2",4337,7648.766265060241,90.0718509984379
tsp,berlin52,P-ACO,"K=20, ants=30, q0=0.7, beta=2",4699,7637.866666666667,95.78160342965425
tsp,berlin52,P-ACO,"K=20, ants=30, q0=0.7, beta=2",5060,7630.533333333334,90.76553433006507
tsp,berlin52,P-ACO,"K=20, ants=30, q0=0.7, beta=2",5422,7629.333333333333,89.82550986341364
tsp,berlin52,P-ACO,"K=20, ants=30, q0=0.7, beta=2",5783,7620.466666666666,76.70364325694632
tsp,berlin52,P-ACO,"K=20, ants=30, q0=0.7, beta=2",6145,7619.4,76.68185356827695
tsp,berlin52,P-ACO,"K=20, ants=30, q0=0.7, beta=2",6506,7617.533333333334,77.22078016239469
tsp,berlin52,P-ACO,"K=20, ants=30, q0=0.7, beta=2",6867,7617.533333333334,77.22078016239469
tsp,berlin52,P-ACO,"K=20, ants=30, q0=0.7, beta=2",7229,7615.333333333333,73.61400832872927
tsp,berlin52,P-ACO,"K=20, ants=30, q0=0.7, beta=2",7590,7588.666666666667,73.67466019979702
tsp,berlin52,P-ACO,"K=20, ants=30, q0=0.7, beta=2",7952,7588.666666666667,73.67466019979702
tsp,berlin52,P-ACO,"K=20, ants=30, q0=0.7, beta=2",8313,7581.733333333334,60.920129860516724
tsp,berlin52,P-ACO,"K=20, ants=30, q0=0.7, beta=2",8675,7581.733333333334,60.920129860516724
tsp,berlin52,P-ACO,"K=20, ants=30, q0=0.7, beta=2",9036,7581.733333333334,60.920129860516724
tsp,berlin52,P-ACO,"K=20, ants=30, q0=0.7, beta=2",9398,7581.733333333334,60.920129860516724
tsp,berlin52,P-ACO,"K=20, ants=30, q0=0.7, beta=2",9759,7581.733333333334,60.920129860516724
tsp,berlin52,P-ACO,"K=20, ants=30, q0=0.7, beta=2",10120,7581.733333333334,60.920129860516724
tsp,berlin52,P-ACO,"K=20, ants=30, q0=0.7, beta=2",10482,7581.733333333334,60.920129860516724
tsp,berlin52,P-ACO,"K=20, ants=30, q0=0.7, beta=2",10843,7581.266666666666,59.908226109237745
tsp,berlin52,P-ACO,"K=20, ants=30, q0=0.7, beta=2",11205,7578.266666666666,54.300971957742675
tsp,berlin52,P-ACO,"K=20, ants=30, q0=0.7, beta=2",11566,7577.533333333334,53.20133665822901
tsp,berlin52,P-ACO,"K=20, ants=30, q0=0.7, beta=2",11928,7569.8,49.97092487970713
tsp,berlin52,P-ACO,"K=20, ants=30, q0=0.7, beta=2",12289,7567.6,46.703033448945625
tsp,berlin52,P-ACO,"K=20, ants=30, q0=0.7, beta=2",12651,7559.0,36.53673950058124
tsp,berlin52,P-ACO,"K=20, ants=30, q0=0.7, beta=2",13012,7559.0,36.53673950058124
tsp,berlin52,P-ACO,"K=20, ants=30, q0=0.7, beta=2",13373,7559.0,36.53673950058124
tsp,berlin52,P-ACO,"K=20, ants=30, q0=0.7, beta=2",13735,7559.0,36.53673950058124
tsp,berlin52,P-ACO,"K=20, ants=30, q0=0.7, beta=2",14096,7559.0,36.53673950058124
tsp,berlin52,P-ACO,"K=20, ants=30, q0=0.7, beta=2",14458,7555.466666666666,32.40960077233631
tsp,berlin52,P-ACO,"K=20, ants=30, q0=0.7, beta=2",14819,7555.466666666666,32.40960077233631
tsp,berlin52,P-ACO,"K=20, ants=30, q0=0.7, beta=2",15181,7555.133333333333,32.52048926787883
tsp,berlin52,P-ACO,"K=20, ants=30, q0=0.7, beta=2",15542,7555.066666666667,32.48890408876374
tsp,berlin52,P-ACO,"K=20, ants=30, q0=0.7, beta=2",15904,7553.533333333334,32.29007415427981
tsp,berlin52,P-ACO,"K=20, ants=30, q0=0.7, beta=2",16265,7553.533333333334,32.29007415427981
tsp,berlin52,P-ACO,"K=20, ants=30, q0=0.7, beta=2",16627,7553.533333333334,32.29007415427981
tsp,berlin52,P-ACO,"K=20, ants=30, q0=0.7, beta=2",16988,7553.533333333334,32.29007415427981
tsp,berlin52,P-ACO,"K=20, ants=30, q0=0.7, beta=2",17349,7553.533333333334,32.29007415427981
tsp,berlin52,P-ACO,"K=20, ants=30, q0=0.7, beta=2",17711,7553.2,32.37118059838617
tsp,berlin52,P-ACO,"K=20, ants=30, q0=0.7, beta=2",18072,7552.866666666667,32.458931316699605
tsp,berlin52,P-ACO,"K=20, ants=30, q0=0.7, beta=2",18434,7551.733333333334,28.231109711726806
tsp,berlin52,P-ACO,"K=20, ants=30, q0=0.7, beta=2",18795,7547.8538152610445,13.81799300530729
tsp,berlin52,P-ACO,"K=20, ants=30, q0=0.7, beta=2",19157,7544.066666666667,2.407396011369038
tsp,berlin52,P-ACO,"K=20, ants=30, q0=0.7, beta=2",19518,7544.066666666667,2.407396011369038
tsp,berlin52,P-ACO,"K=20, ants=30, q0=0.7, beta=2",19880,7544.066666666667,2.407396011369038
tsp,berlin52,P-ACO,"K=20, ants=30, q0=0.7, beta=2",20241,7544.066666666667,2.407396011369038
tsp,berlin52,P-ACO,"K=20, ants=30, q0=0.7, beta=2",20602,7544.066666666667,2.407396011369038
tsp,berlin52,P-ACO,"K=20, ants=30, q0=0.7, beta=2",20964,7544.066666666667,2.407396011369038
tsp,berlin52,P-ACO,"K=20, ants=30, q0=0.7, beta=2",21325,7544.066666666667,2.407396011369038
tsp,berlin52,P-ACO,"K=20, ants=30, q0=0.7, beta=2",21687,7544.066666666667,2.407396011369038
tsp,berlin52,P-ACO,"K=20, ants=30, q0=0.7, beta=2",22048,7544.066666666667,2.407396011369038
tsp,berlin52,P-ACO,"K=20, ants=30, q0=0.7, beta=2",22410,7544.066666666667,2.407396011369038
tsp,berlin52,P-ACO,"K=20, ants=30, q0=0.7, beta=2",22771,7544.066666666667,2.407396011369038
tsp,berlin52,P-ACO,"K=20, ants=30, q0=0.7, beta=2",23133,7543.733333333334,2.322833518691246
tsp,berlin52,P-ACO,"K=20, ants=30, q0=0.7, beta=2",23494,7543.733333333334,2.322833518691246
tsp,berlin52,P-ACO,"K=20, ants=30, q0=0.7, beta=2",23855,7543.733333333334,2.322833518691246
tsp,berlin52,P-ACO,"K=20, ants=30, q0=0.7, beta=2",24217,7543.733333333334,2.322833518691246
tsp,berlin52,P-ACO,"K=20, ants=30, q0=0.7, beta=2",24578,7543.733333333334,2.322833518691246
tsp,berlin52,P-ACO,"K=20, ants=30, q0=0.7, beta=2",24940,7543.733333333334,2.322833518691246
tsp,berlin52,P-ACO,"K=20, ants=30, q0=0.7, beta=2",25301,7543.733333333334,2.322833518691246
tsp,berlin52,P-ACO,"K=20, ants=30, q0=0.7, beta=2",25663,7543.4,2.1847959477565255
tsp,berlin52,P-ACO,"K=20, ants=30, q0=0.7, beta=2",26024,7543.243373493976,1.9972652711671333
tsp,berlin52,P-ACO,"K=20, ants=30, q0=0.7, beta=2",26386,7543.066666666667,1.9821424996424677
tsp,berlin52,P-ACO,"K=20, ants=30, q0=0.7, beta=2",26747,7543.066666666667,1.9821424996424677
tsp,berlin52,P-ACO,"K=20, ants=30, q0=0.7, beta=2",27108,7543.066666666667,1.9821424996424677
tsp,berlin52,P-ACO,"K=20, ants=30, q0=0.7, beta=2",27470,7543.066666666667,1.9821424996424677
tsp,berlin52,P-ACO,"K=20, ants=30, q0=0.7, beta=2",27831,7543.066666666667,1.9821424996424677
tsp,berlin52,P-ACO,"K=20, ants=30, q0=0.7, beta=2",28193,7543.066666666667,1.9821424996424677
tsp,berlin52,P-ACO,"K=20, ants=30, q0=0.7, beta=2",28554,7543.066666666667,1.9821424996424677
tsp,berlin52,P-ACO,"K=20, ants=30, q0=0.7, beta=2",28916,7543.066666666667,1.9821424996424677
tsp,berlin52,P-ACO,"K=20, ants=30, q0=0.7, beta=2",29277,7543.066666666667,1.9821424996424677
tsp,berlin52,P-ACO,"K=20, ants=30, q0=0.7, beta=2",29639,7543.066666666667,1.9821424996424677
tsp,berlin52,P-ACO,"K=20, ants=30, q0=0.7, beta=2",30000,7543.066666666667,1.9821424996424677
tsp,berlin52,P-ACO,"K=20, ants=30, q0=0.7, beta=2",30361,7542.733333333334,1.6918103387266024
tsp,berlin52,P-ACO,"K=20, ants=30, q0=0.7, beta=2",30723,7542.733333333334,1.6918103387266024
tsp,berlin52,P-ACO,"K=20, ants=30, q0=0.7, beta=2",31084,7542.733333333334,1.6918103387266024
tsp,berlin52,P-ACO,"K=20, ants=30, q0=0.7, beta=2",31446,7542.4,1.2543258481484518
tsp,berlin52,P-ACO,"K=20, ants=30, q0=0.7, beta=2",31807,7542.4,1.2543258481484518
tsp,berlin52,P-ACO,"K=20, ants=30, q0=0.7, beta=2",32169,7542.4,1.2543258481484518
tsp,berlin52,P-ACO,"K=20, ants=30, q0=0.7, beta=2",32530,7542.4,1.2543258481484518
tsp,berlin52,P-ACO,"K=20, ants=30, q0=0.7, beta=2",32892,7542.4,1.2543258481484518
tsp,berlin52,P-ACO,"K=20, ants=30, q0=0.7, beta=2",33253,7542.4,1.2543258481484518
tsp,berlin52,P-ACO,"K=20, ants=30, q0=0.7, beta=2",33614,7542.4,1.2543258481484518
tsp,berlin52,P-ACO,"K=20, ants=30, q0=0.7, beta=2",33976,7542.4,1.2543258481484518
tsp,berlin52,P-ACO,"K=20, ants=30, q0=0.7, beta=2",34337,7542.333333333333,1.2472191289246468
tsp,berlin52,P-ACO,"K=20, ants=30, q0=0.7, beta=2",34699,7542.333333333333,1.2472191289246468
tsp,berlin52,P-ACO,"K=20, ants=30, q0=0.7, beta=2",35060,7542.333333333333,1.2472191289246468
tsp,berlin52,P-ACO,"K=20, ants=30, q0=0.7, beta=2",35422,7542.333333333333,1.2472191289246468
tsp,berlin52,P-ACO,"K=20, ants=30, q0=0.7, beta=2",35783,7542.333333333333,1.2472191289246468
tsp,berlin52,P-ACO,"K=20, ants=30, q0=0.7, beta=2",36145,7542.333333333333,1.2472191289246468
tsp,berlin52,P-ACO,"K=20, ants=30, q0=0.7, beta=2",36506,7542.333333333333,1.2472191289246468
tsp,berlin52,P-ACO,"K=20, ants=30, q0=0.7, beta=2",36867,7542.333333333333,1.2472191289246468
tsp,berlin52,P-ACO,"K=20, ants=30, q0=0.7, beta=2",37229,7542.333333333333,1.2472191289246468
tsp,berlin52,P-ACO,"K=20, ants=30, q0=0.7, beta=2",37590,7542.333333333333,1.2472191289246468
tsp,berlin52,P-ACO,"K=20, ants=30, q0=0.7, beta=2",37952,7542.333333333333,1.2472191289246468
tsp,berlin52,P-ACO,"K=20, ants=30, q0=0.7, beta=2",38313,7542.333333333333,1.2472191289246468
tsp,berlin52,P-ACO,"K=20, ants=30, q0=0.7, beta=2",38675,7542.333333333333,1.2472191289246468
tsp,berlin52,P-ACO,"K=20, ants=30, q0=0.7, beta=2",39036,7542.333333333333,1.2472191289246468
tsp,berlin52,P-ACO,"K=20, ants=30, q0=0.7, beta=2",39398,7542.333333333333,1.2472191289246468
tsp,berlin52,P-ACO,"K=20, ants=30, q0=0.7, beta=2",39759,7542.0,0.0
tsp,berlin52,P-ACO,"K=20, ants=30, q0=0.7, beta=2",40120,7542.0,0.0
tsp,berlin52,P-ACO,"K=20, ants=30, q0=0.7, beta=2",40482,7542.0,0.0
tsp,berlin52,P-ACO,"K=20, ants=30, q0=0.7, beta=2",40843,7542.0,0.0
tsp,berlin52,P-ACO,"K=20, ants=30, q0=0.7, beta=2",41205,7542.0,0.0
tsp,berlin52,P-ACO,"K=20, ants=30, q0=0.7, beta=2",41566,7542.0,0.0
tsp,berlin52,P-ACO,"K=20, ants=30, q0=0.7, beta=2",41928,7542.0,0.0
tsp,berlin52,P-ACO,"K=20, ants=30, q0=0.7, beta=2",42289,7542.0,0.0
tsp,berlin52,P-ACO,"K=20, ants=30, q0=0.7, beta=2",42651,7542.0,0.0
tsp,berlin52,P-ACO,"K=20, ants=30, q0=0.7, beta=2",43012,7542.0,0.0
tsp,berlin52,P-ACO,"K=20, ants=30, q0=0.7, beta=2",43373,7542.0,0.0
tsp,berlin52,P-ACO,"K=20, ants=30, q0=0.7, beta=2",43735,7542.0,0.0
tsp,berlin52,P-ACO,"K=20, ants=30, q0=0.7, beta=2",44096,7542.0,0.0
tsp,berlin52,P-ACO,"K=20, ants=30, q0=0.7, beta=2",44458,7542.0,0.0
tsp,berlin52,P-ACO,"K=20, ants=30, q0=0.7, beta=2",44819,7542.0,0.0
tsp,berlin52,P-ACO,"K=20, ants=30, q0=0.7, beta=2",45181,7542.0,0.0
tsp,berlin52,P-ACO,"K=20, ants=30, q0=0.7, beta=2",45542,7542.0,0.0
tsp,berlin52,P-ACO,"K=20, ants=30, q0=0.7, beta=2",45904,7542.0,0.0
tsp,berlin52,P-ACO,"K=20, ants=30, q0=0.7, beta=2",46265,7542.0,0.0
tsp,berlin52,P-ACO,"K=20, ants=30, q0=0.7, beta=2",46627,7542.0,0.0
tsp,berlin52,P-ACO,"K=20, ants=30, q0=0.7, beta=2",46988,7542.0,0.0
tsp,berlin52,P-ACO,"K=20, ants=30, q0=0.7, beta=2",47349,7542.0,0.0
tsp,berlin52,P-ACO,"K=20, ants=30, q0=0.7, beta=2",47711,7542.0,0.0
tsp,berlin52,P-ACO,"K=20, ants=30, q0=0.7, beta=2",48072,7542.0,0.0
tsp,berlin52,P-ACO,"K=20, ants=30, q0=0.7, beta=2",48434,7542.0,0.0
tsp,berlin52,P-ACO,"K=20, ants=30, q0=0.7, beta=2",48795,7542.0,0.0
tsp,berlin52,P-ACO,"K=20, ants=30, q0=0.7, beta=2",49157,7542.0,0.0
tsp,berlin52,P-ACO,"K=20, ants=30, q0=0.7, beta=2",49518,7542.0,0.0
tsp,berlin52,P-ACO,"K=20, ants=30, q0=0.7, beta=2",49880,7542.0,0.0
tsp,berlin52,P-ACO,"K=20, ants=30, q0=0.7, beta=2",50241,7542.0,0.0
tsp,berlin52,P-ACO,"K=20, ants=30, q0=0.7, beta=2",50602,7542.0,0.0
tsp,berlin52,P-ACO,"K=20, ants=30, q0=0.7, beta=2",50964,7542.0,0.0
tsp,berlin52,P-ACO,"K=20, ants=30, q0=0.7, beta=2",51325,7542.0,0.0
tsp,berlin52,P-ACO,"K=20, ants=30, q0=0.7, beta=2",51687,7542.0,0.0
tsp,berlin52,P-ACO,"K=20, ants=30, q0=0.7, beta=2",52048,7542.0,0.0
tsp,berlin52,P-ACO,"K=20, ants=30, q0=0.7, beta=2",52410,7542.0,0.0
tsp,berlin52,P-ACO,"K=20, ants=30, q0=0.7, beta=2",52771,7542.0,0.0
tsp,berlin52,P-ACO,"K=20, ants=30, q0=0.7, beta=2",53133,7542.0,0.0
tsp,berlin52,P-ACO,"K=20, ants=30, q0=0.7, beta=2",53494,7542.0,0.0
tsp,berlin52,P-ACO,"K=20, ants=30, q0=0.7, beta=2",53855,7542.0,0.0
tsp,berlin52,P-ACO,"K=20, ants=30, q0=0.7, beta=2",54217,7542.0,0.0
tsp,berlin52,P-ACO,"K=20, ants=30, q0=0.7, beta=2",54578,7542.0,0.0
tsp,berlin52,P-ACO,"K=20, ants=30, q0=0.7, beta=2",54940,7542.0,0.0
tsp,berlin52,P-ACO,"K=20, ants=30, q0=0.7, beta=2",55301,7542.0,0.0
tsp,berlin52,P-ACO,"K=20, ants=30, q0=0.7, beta=2",55663,7542.0,0.0
tsp,berlin52,P-ACO,"K=20, ants=30, q0=0.7, beta=2",56024,7542.0,0.0
tsp,berlin52,P-ACO,"K=20, ants=30, q0=0.7, beta=2",56386,7542.0,0.0
tsp,berlin52,P-ACO,"K=20, ants=30, q0=0.7, beta=2",56747,7542.0,0.0
tsp,berlin52,P-ACO,"K=20, ants=30, q0=0.7, beta=2",57108,7542.0,0.0
tsp,berlin52,P-ACO,"K=20, ants=30, q0=0.7, beta=2",57470,7542.0,0.0
tsp,berlin52,P-ACO,"K=20, ants=30, q0=0.7, beta=2",57831,7542.0,0.0
tsp,berlin52,P-ACO,"K=20, ants=30, q0=0.7, beta=2",58193,7542.0,0.0
tsp,berlin52,P-ACO,"K=20, ants=30, q0=0.7, beta=2",58554,7542.0,0.0
tsp,berlin52,P-ACO,"K=20, ants=30, q0=0.7, beta=2",58916,7542.0,0.0
tsp,berlin52,P-ACO,"K=20, ants=30, q0=0.7, beta=2",59277,7542.0,0.0
tsp,berlin52,P-ACO,"K=20, ants=30, q0=0.7, beta=2",59639,7542.0,0.0
tsp,berlin52,P-ACO,"K=20, ants=30, q0=0.7, beta=2",60000,7542.0,0.0
tsp,berlin52,P-ACO,"K=20, ants=30, q0=0.7, beta=2",60361,7542.0,0.0
tsp,berlin52,P-ACO,"K=20, ants=30, q0=0.7, beta=2",60723,7542.0,0.0
tsp,berlin52,P-ACO,"K=20, ants=30, q0=0.7, beta=2",61084,7542.0,0.0
tsp,berlin52,P-ACO,"K=20, ants=30, q0=0.7, beta=2",61446,7542.0,0.0
tsp,berlin52,P-ACO,"K=20, ants=30, q0=0.7, beta=2",61807,7542.0,0.0
tsp,berlin52,P-ACO,"K=20, ants=30, q0=0.7, beta=2",62169,7542.0,0.0
tsp,berlin52,P-ACO,"K=20, ants=30, q0=0.7, beta=2",62530,7542.0,0.0
tsp,berlin52,P-ACO,"K=20, ants=30, q0=0.7, beta=2",62892,7542.0,0.0
tsp,berlin52,P-ACO,"K=20, ants=30, q0=0.7, beta=2",63253,7542.0,0.0
tsp,berlin52,P-ACO,"K=20, ants=30, q0=0.7, beta=2",63614,7542.0,0.0
tsp,berlin52,P-ACO,"K=20, ants=30, q0=0.7, beta=2",63976,7542.0,0.0
tsp,berlin52,P-ACO,"K=20, ants=30, q0=0.7, beta=2",64337,7542.0,0.0
tsp,berlin52,P-ACO,"K=20, ants=30, q0=0.7, beta=2",64699,7542.0,0.0
tsp,berlin52,P-ACO,"K=20, ants=30, q0=0.7, beta=2",65060,7542.0,0.0
tsp,berlin52,P-ACO,"K=20, ants=30, q0=0.7, beta=2",65422,7542.0,0.0
tsp,berlin52,P-ACO,"K=20, ants=30, q0=0.7, beta=2",65783,7542.0,0.0
tsp,berlin52,P-ACO,"K=20, ants=30, q0=0.7, beta=2",66145,7542.0,0.0
tsp,berlin52,P-ACO,"K=20, ants=30, q0=0.7, beta=2",66506,7542.0,0.0
tsp,berlin52,P-ACO,"K=20, ants=30, q0=0.7, beta=2",66867,7542.0,0.0
tsp,berlin52,P-ACO,"K=20, ants=30, q0=0.7, beta=2",67229,7542.0,0.0
tsp,berlin52,P-ACO,"K=20, ants=30, q0=0.7, beta=2",67590,7542.0,0.0
tsp,berlin52,P-ACO,"K=20, ants=30, q0=0.7, beta=2",67952,7542.0,0.0
tsp,berlin52,P-ACO,"K=20, ants=30, q0=0.7, beta=2",68313,7542.0,0.0
tsp,berlin52,P-ACO,"K=20, ants=30, q0=0.7, beta=2",68675,7542.0,0.0
tsp,berlin52,P-ACO,"K=20, ants=30, q0=0.7, beta=2",69036,7542.0,0.0
tsp,berlin52,P-ACO,"K=20, ants=30, q0=0.7, beta=2",69398,7542.0,0.0
tsp,berlin52,P-ACO,"K=20, ants=30, q0=0.7, beta=2",69759,7542.0,0.0
tsp,berlin52,P-ACO,"K=20, ants=30, q0=0.7, beta=2",70120,7542.0,0.0
tsp,berlin52,P-ACO,"K=20, ants=30, q0=0.7, beta=2",70482,7542.0,0.0
tsp,berlin52,P-ACO,"K=20, ants=30, q0=0.7, beta=2",70843,7542.0,0.0
tsp,berlin52,P-ACO,"K=20, ants=30, q0=0.7, beta=2",71205,7542.0,0.0
tsp,berlin52,P-ACO,"K=20, ants=30, q0=0.7, beta=2",71566,7542.0,0.0
tsp,berlin52,P-ACO,"K=20, ants=30, q0=0.7, beta=2",71928,7542.0,0.0
tsp,berlin52,P-ACO,"K=20, ants=30, q0=0.7, beta=2",72289,7542.0,0.0
tsp,berlin52,P-ACO,"K=20, ants=30, q0=0.7, beta=2",72651,7542.0,0.0
tsp,berlin52,P-ACO,"K=20, ants=30, q0=0.7, beta=2",73012,7542.0,0.0
tsp,berlin52,P-ACO,"K=20, ants=30, q0=0.7, beta=2",73373,7542.0,0.0
tsp,berlin52,P-ACO,"K=20, ants=30, q0=0.7, beta=2",73735,7542.0,0.0
tsp,berlin52,P-ACO,"K=20, ants=30, q0=0.7, beta=2",74096,7542.0,0.0
tsp,berlin52,P-ACO,"K=20, ants=30, q0=0.7, beta=2",74458,7542.0,0.0
tsp,berlin52,P-ACO,"K=20, ants=30, q0=0.7, beta=2",74819,7542.0,0.0
tsp,berlin52,P-ACO,"K=20, ants=30, q0=0.7, beta=2",75181,7542.0,0.0
tsp,berlin52,P-ACO,"K=20, ants=30, q0=0.7, beta=2",75542,7542.0,0.0
tsp,berlin52,P-ACO,"K=20, ants=30, q0=0.7, beta=2",75904,7542.0,0.0
tsp,berlin52,P-ACO,"K=20, ants=30, q0=0.7, beta=2",76265,7542.0,0.0
tsp,berlin52,P-ACO,"K=20, ants=30, q0=0.7, beta=2",76627,7542.0,0.0
tsp,berlin52,P-ACO,"K=20, ants=30, q0=0.7, beta=2",76988,7542.0,0.0
tsp,berlin52,P-ACO,"K=20, ants=30, q0=0.7, beta=2",77349,7542.0,0.0
tsp,berlin52,P-ACO,"K=20, ants=30, q0=0.7, beta=2",77711,7542.0,0.0
tsp,berlin52,P-ACO,"K=20, ants=30, q0=0.7, beta=2",78072,7542.0,0.0
tsp,berlin52,P-ACO,"K=20, ants=30, q0=0.7, beta=2",78434,7542.0,0.0
tsp,berlin52,P-ACO,"K=20, ants=30, q0=0.7, beta=2",78795,7542.0,0.0
tsp,berlin52,P-ACO,"K=20, ants=30, q0=0.7, beta=2",79157,7542.0,0.0
tsp,berlin52,P-ACO,"K=20, ants=30, q0=0.7, beta=2",79518,7542.0,0.0
tsp,berlin52,P-ACO,"K=20, ants=30, q0=0.7, beta=2",79880,7542.0,0.0
tsp,berlin52,P-ACO,"K=20, ants=30, q0=0.7, beta=2",80241,7542.0,0.0
tsp,berlin52,P-ACO,"K=20, ants=30, q0=0.7, beta=2",80602,7542.0,0.0
tsp,berlin52,P-ACO,"K=20, ants=30, q0=0.7, beta=2",80964,7542.0,0.0
tsp,berlin52,P-ACO,"K=20, ants=30, q0=0.7, beta=2",81325,7542.0,0.0
tsp,berlin52,P-ACO,"K=20, ants=30, q0=0.7, beta=2",81687,7542.0,0.0
tsp,berlin52,P-ACO,"K=20, ants=30, q0=0.7, beta=2",82048,7542.0,0.0
tsp,berlin52,P-ACO,"K=20, ants=30, q0=0.7, beta=2",82410,7542.0,0.0
tsp,berlin52,P-ACO,"K=20, ants=30, q0=0.7, beta=2",82771,7542.0,0.0
tsp,berlin52,P-ACO,"K=20, ants=30, q0=0.7, beta=2",83133,7542.0,0.0
tsp,berlin52,P-ACO,"K=20, ants=30, q0=0.7, beta=2",83494,7542.0,0.0
tsp,berlin52,P-ACO,"K=20, ants=30, q0=0.7, beta=2",83855,7542.0,0.0
tsp,berlin52,P-ACO,"K=20, ants=30, q0=0.7, beta=2",84217,7542.0,0.0
tsp,berlin52,P-ACO,"K=20, ants=30, q0=0.7, beta=2",84578,7542.0,0.0
tsp,berlin52,P-ACO,"K=20, ants=30, q0=0.7, beta=2",84940,7542.0,0.0
tsp,berlin52,P-ACO,"K=20, ants=30, q0=0.7, beta=2",85301,7542.0,0.0
tsp,berlin52,P-ACO,"K=20, ants=30, q0=0.7, beta=2",85663,7542.0,0.0
tsp,berlin52,P-ACO,"K=20, ants=30, q0=0.7, beta=2",86024,7542.0,0.0
tsp,berlin52,P-ACO,"K=20, ants=30, q0=0.7, beta=2",86386,7542.0,0.0
tsp,berlin52,P-ACO,"K=20, ants=30, q0=0.7, beta=2",86747,7542.0,0.0
tsp,berlin52,P-ACO,"K=20, ants=30, q0=0.7, beta=2",87108,7542.0,0.0
tsp,berlin52,P-ACO,"K=20, ants=30, q0=0.7, beta=2",87470,7542.0,0.0
tsp,berlin52,P-ACO,"K=20, ants=30, q0=0.7, beta=2",87831,7542.0,0.0
tsp,berlin52,P-ACO,"K=20, ants=30, q0=0.7, beta=2",88193,7542.0,0.0
tsp,berlin52,P-ACO,"K=20, ants=30, q0=0.7, beta=2",88554,7542.0,0.0
tsp,berlin52,P-ACO,"K=20, ants=30, q0=0.7, beta=2",88916,7542.0,0.0
tsp,berlin52,P-ACO,"K=20, ants=30, q0=0.7, beta=2",89277,7542.0,0.0
tsp,berlin52,P-ACO,"K=20, ants=30, q0=0.7, beta=2",89639,7542.0,0.0
tsp,berlin52,P-ACO,"K=20, ants=30, q0=0.7, beta=2",90000,7542.0,0.0
tsp,berlin52,P-ACO,"K=20, ants=30, q0=0.7, beta=3",0,9128.866666666667,265.7201200929697
tsp,berlin52,P-ACO,"K=20, ants=30, q0=0.7, beta=3",361,7929.563052208835,149.4304313862916
tsp,berlin52,P-ACO,"K=20, ants=30, q0=0.7, beta=3",723,7829.4,113.4611827895338
tsp,berlin52,P-ACO,"K=20, ants=30, q0=0.7, beta=3",1084,7801.0,100.75316372203902
tsp,berlin52,P-ACO,"K=20, ants=30, q0=0.7, beta=3",1446,7777.4,97.43702239566504
tsp,berlin52,P-ACO,"K=20, ants=30, q0=0.7, beta=3",1807,7746.39437751004,100.32400102432781
tsp,berlin52,P-ACO,"K=20, ants=30, q0=0.7, beta=3",2169,7732.933333333333,112.59571730556875
tsp,berlin52,P-ACO,"K=20, ants=30, q0=0.7, beta=3",2530,7719.133333333333,97.82015243405738
tsp,berlin52,P-ACO,"K=20, ants=30, q0=0.7, beta=3",2892,7688.466666666666,110.3182467026899
tsp,berlin52,P-ACO,"K=20, ants=30, q0=0.7, beta=3",3253,7685.333333333333,111.3832223551744
tsp,berlin52,P-ACO,"K=20, ants=30, q0=0.7, beta=3",3614,7674.37670682731,104.64522376606925
tsp,berlin52,P-ACO,"K=20, ants=30, q0=0.7, beta=3",3976,7660.375100401607,97.05464202859005
tsp,berlin52,P-ACO,"K=20, ants=30, q0=0.7, beta=3",4337,7647.390361445783,99.3813959595717
tsp,berlin52,P-ACO,"K=20, ants=30, q0=0.7, beta=3",4699,7643.333333333333,101.11159951041995
tsp,berlin52,P-ACO,"K=20, ants=30, q0=0.7, beta=3",5060,7640.169477911647,100.16187956840419
tsp,berlin52,P-ACO,"K=20, ants=30, q0=0.7, beta=3",5422,7628.0,100.72536919763562
tsp,berlin52,P-ACO,"K=20, ants=30, q0=0.7, beta=3",5783,7623.933333333333,102.14791018692236
tsp,berlin52,P-ACO,"K=20, ants=30, q0=0.7, beta=3",6145,7616.266666666666,103.31212685621932
tsp,berlin52,P-ACO,"K=20, ants=30, q0=0.7, beta=3",6506,7597.2,85.78826648596336
tsp,berlin52,P-ACO,"K=20, ants=30, q0=0.7, beta=3",6867,7596.933333333333,85.45834592881428
tsp,berlin52,P-ACO,"K=20, ants=30, q0=0.7, beta=3",7229,7596.1598393574295,84.87775907682446
tsp,berlin52,P-ACO,"K=20, ants=30, q0=0.7, beta=3",7590,7589.098795180723,84.31324844390416
tsp,berlin52,P-ACO,"K=20, ants=30, q0=0.7, beta=3",7952,7580.533333333334,84.46290441502839
tsp,berlin52,P-ACO,"K=20, ants=30, q0=0.7, beta=3",8313,7577.266666666666,84.7486217521494
tsp,berlin52,P-ACO,"K=20, ants=30, q0=0.7, beta=3",8675,7577.266666666666,84.7486217521494
tsp,berlin52,P-ACO,"K=20, ants=30, q0=0.7, beta=3",9036,7577.266666666666,84.7486217521494
tsp,berlin52,P-ACO,"K=20, ants=30, q0=0.7, beta=3",9398,7577.266666666666,84.7486217521494
tsp,berlin52,P-ACO,"K=20, ants=30, q0=0.7, beta=3",9759,7577.266666666666,84.7486217521494
tsp,berlin52,P-ACO,"K=20, ants=30, q0=0.7, beta=3",10120,7577.266666666666,84.7486217521494
tsp,berlin52,P-ACO,"K=20, ants=30, q0=0.7, beta=3",10482,7577.266666666666,84.7486217521494
tsp,berlin52,P-ACO,"K=20, ants=30, q0=0.7, beta=3",10843,7577.266666666666,84.7486217521494
tsp,berlin52,P-ACO,"K=20, ants=30, q0=0.7, beta=3",11205,7577.266666666666,84.7486217521494
tsp,berlin52,P-ACO,"K=20, ants=30, q0=0.7, beta=3",11566,7577.266666666666,84.7486217521494
tsp,berlin52,P-ACO,"K=20, ants=30, q0=0.7, beta=3",11928,7577.266666666666,84.7486217521494
tsp,berlin52,P-ACO,"K=20, ants=30, q0=0.7, beta=3",12289,7576.933333333333,84.87674724105668
tsp,berlin52,P-ACO,"K=20, ants=30, q0=0.7, beta=3",12651,7576.933333333333,84.87674724105668
tsp,berlin52,P-ACO,"K=20, ants=30, q0=0.7, beta=3",13012,7576.933333333333,84.87674724105668
tsp,berlin52,P-ACO,"K=20, ants=30, q0=0.7, beta=3",13373,7575.4,82.89656205175218
tsp,berlin52,P-ACO,"K=20, ants=30, q0=0.7, beta=3",13735,7575.4,82.89656205175218
tsp,berlin52,P-ACO,"K=20, ants=30, q0=0.7, beta=3",14096,7575.4,82.89656205175218
tsp,berlin52,P-ACO,"K=20, ants=30, q0=0.7, beta=3",14458,7575.4,82.89656205175218
tsp,berlin52,P-ACO,"K=20, ants=30, q0=0.7, beta=3",14819,7575.4,82.89656205175218
tsp,berlin52,P-ACO,"K=20, ants=30, q0=0.7, beta=3",15181,7575.4,82.89656205175218
tsp,berlin52,P-ACO,"K=20, ants=30, q0=0.7, beta=3",15542,7575.4,82.89656205175218
tsp,berlin52,P-ACO,"K=20, ants=30, q0=0.7, beta=3",15904,7575.4,82.89656205175218
tsp,berlin52,P-ACO,"K=20, ants=30, q0=0.7, beta=3",16265,7575.4,82.89656205175218
tsp,berlin52,P-ACO,"K=20, ants=30, q0=0.7, beta=3",16627,7575.4,82.89656205175218
tsp,berlin52,P-ACO,"K=20, ants=30, q0=0.7, beta=3",16988,7575.4,82.89656205175218
tsp,berlin52,P-ACO,"K=20, ants=30, q0=0.7, beta=3",17349,7575.4,82.89656205175218
tsp,berlin52,P-ACO,"K=20, ants=30, q0=0.7, beta=3",17711,7575.066666666667,83.02005112554971
tsp,berlin52,P-ACO,"K=20, ants=30, q0=0.7, beta=3",18072,7574.733333333334,83.14202039616043
tsp,berlin52,P-ACO,"K=20, ants=30, q0=0.7, beta=3",18434,7574.733333333334,83.14202039616043
tsp,berlin52,P-ACO,"K=20, ants=30, q0=0.7, beta=3",18795,7574.733333333334,83.14202039616043
tsp,berlin52,P-ACO,"K=20, ants=30, q0=0.7, beta=3",19157,7574.733333333334,83.14202039616043
tsp,berlin52,P-ACO,"K=20, ants=30, q0=0.7, beta=3",19518,7574.733333333334,83.14202039616043
tsp,berlin52,P-ACO,"K=20, ants=30, q0=0.7, beta=3",19880,7574.4,83.26247654255788
tsp,berlin52,P-ACO,"K=20, ants=30, q0=0.7, beta=3",20241,7574.4,83.26247654255788
tsp,berlin52,P-ACO,"K=20, ants=30, q0=0.7, beta=3",20602,7574.4,83.26247654255788
tsp,berlin52,P-ACO,"K=20, ants=30, q0=0.7, beta=3",20964,7574.066666666667,83.3814261225018
tsp,berlin52,P-ACO,"K=20, ants=30, q0=0.7, beta=3",21325,7574.066666666667,83.3814261225018
tsp,berlin52,P-ACO,"K=20, ants=30, q0=0.7, beta=3",21687,7574.066666666667,83.3814261225018
tsp,berlin52,P-ACO,"K=20, ants=30, q0=0.7, beta=3",22048,7574.066666666667,83.3814261225018
tsp,berlin52,P-ACO,"K=20, ants=30, q0=0.7, beta=3",22410,7574.066666666667,83.3814261225018
tsp,berlin52,P-ACO,"K=20, ants=30, q0=0.7, beta=3",22771,7574.066666666667,83.3814261225018
tsp,berlin52,P-ACO,"K=20, ants=30, q0=0.7, beta=3",23133,7574.066666666667,83.3814261225018
tsp,berlin52,P-ACO,"K=20, ants=30, q0=0.7, beta=3",23494,7574.066666666667,83.3814261225018
tsp,berlin52,P-ACO,"K=20, ants=30, q0=0.7, beta=3",23855,7574.066666666667,83.3814261225018
tsp,berlin52,P-ACO,"K=20, ants=30, q0=0.7, beta=3",24217,7574.066666666667,83.3814261225018
tsp,berlin52,P-ACO,"K=20, ants=30, q0=0.7, beta=3",24578,7574.066666666667,83.3814261225018
tsp,berlin52,P-ACO,"K=20, ants=30, q0=0.7, beta=3",24940,7574.066666666667,83.3814261225018
tsp,berlin52,P-ACO,"K=20, ants=30, q0=0.7, beta=3",25301,7574.066666666667,83.3814261225018
tsp,berlin52,P-ACO,"K=20, ants=30, q0=0.7, beta=3",25663,7573.733333333334,83.49887557459815
tsp,berlin52,P-ACO,"K=20, ants=30, q0=0.7, beta=3",26024,7573.733333333334,83.49887557459815
tsp,berlin52,P-ACO,"K=20, ants=30, q0=0.7, beta=3",26386,7573.733333333334,83.49887557459815
tsp,berlin52,P-ACO,"K=20, ants=30, q0=0.7, beta=3",26747,7573.733333333334,83.49887557459815
tsp,berlin52,P-ACO,"K=20, ants=30, q0=0.7, beta=3",27108,7573.733333333334,83.49887557459815
tsp,berlin52,P-ACO,"K=20, ants=30, q0=0.7, beta=3",27470,7573.733333333334,83.49887557459815
tsp,berlin52,P-ACO,"K=20, ants=30, q0=0.7, beta=3",27831,7573.733333333334,83.49887557459815
tsp,berlin52,P-ACO,"K=20, ants=30, q0=0.7, beta=3",28193,7573.733333333334,83.49887557459815
tsp,berlin52,P-ACO,"K=20, ants=30, q0=0.7, beta=3",28554,7573.733333333334,83.49887557459815
tsp,berlin52,P-ACO,"K=20, ants=30, q0=0.7, beta=3",28916,7573.733333333334,83.49887557459815
tsp,berlin52,P-ACO,"K=20, ants=30, q0=0.7, beta=3",29277,7573.733333333334,83.49887557459815
tsp,berlin52,P-ACO,"K=20, ants=30, q0=0.7, beta=3",29639,7573.4,83.61483122030445
tsp,berlin52,P-ACO,"K=20, ants=30, q0=0.7, beta=3",30000,7573.4,83.61483122030445
tsp,berlin52,P-ACO,"K=20, ants=30, q0=0.7, beta=3",30361,7573.066666666667,83.72929926588155
tsp,berlin52,P-ACO,"K=20, ants=30, q0=0.7, beta=3",30723,7573.066666666667,83.72929926588155
tsp,berlin52,P-ACO,"K=20, ants=30, q0=0.7, beta=3",31084,7573.066666666667,83.72929926588155
tsp,berlin52,P-ACO,"K=20, ants=30, q0=0.7, beta=3",31446,7572.733333333334,83.84228580429382
tsp,berlin52,P-ACO,"K=20, ants=30, q0=0.7, beta=3",31807,7572.733333333334,83.84228580429382
tsp,berlin52,P-ACO,"K=20, ants=30, q0=0.7, beta=3",32169,7570.933333333333,81.93856777421051
tsp,berlin52,P-ACO,"K=20, ants=30, q0=0.7, beta=3",32530,7565.666666666667,79.44529914070156
tsp,berlin52,P-ACO,"K=20, ants=30, q0=0.7, beta=3",32892,7564.4,79.56531907810084
tsp,berlin52,P-ACO,"K=20, ants=30, q0=0.7, beta=3",33253,7564.066666666667,79.64794759160812
tsp,berlin52,P-ACO,"K=20, ants=30, q0=0.7, beta=3",33614,7564.066666666667,79.64794759160812
tsp,berlin52,P-ACO,"K=20, ants=30, q0=0.7, beta=3",33976,7564.066666666667,79.64794759160812
tsp,berlin52,P-ACO,"K=20, ants=30, q0=0.7, beta=3",34337,7564.066666666667,79.64794759160812
tsp,berlin52,P-ACO,"K=20, ants=30, q0=0.7, beta=3",34699,7564.066666666667,79.64794759160812
tsp,berlin52,P-ACO,"K=20, ants=30, q0=0.7, beta=3",35060,7564.066666666667,79.64794759160812
tsp,berlin52,P-ACO,"K=20, ants=30, q0=0.7, beta=3",35422,7564.066666666667,79.64794759160812
tsp,berlin52,P-ACO,"K=20, ants=30, q0=0.7, beta=3",35783,7564.066666666667,79.64794759160812
tsp,berlin52,P-ACO,"K=20, ants=30, q0=0.7, beta=3",36145,7564.066666666667,79.64794759160812
tsp,berlin52,P-ACO,"K=20, ants=30, q0=0.7, beta=3",36506,7563.733333333334,79.72909687741917
tsp,berlin52,P-ACO,"K=20, ants=30, q0=0.7, beta=3",36867,7563.733333333334,79.72909687741917
tsp,berlin52,P-ACO,"K=20, ants=30, q0=0.7, beta=3",37229,7563.733333333334,79.72909687741917
tsp,berlin52,P-ACO,"K=20, ants=30, q0=0.7, beta=3",37590,7563.733333333334,79.72909687741917
tsp,berlin52,P-ACO,"K=20, ants=30, q0=0.7, beta=3",37952,7563.733333333334,79.72909687741917
tsp,berlin52,P-ACO,"K=20, ants=30, q0=0.7, beta=3",38313,7563.733333333334,79.72909687741917
tsp,berlin52,P-ACO,"K=20, ants=30, q0=0.7, beta=3",38675,7563.733333333334,79.72909687741917
tsp,berlin52,P-ACO,"K=20, ants=30, q0=0.7, beta=3",39036,7563.733333333334,79.72909687741917
tsp,berlin52,P-ACO,"K=20, ants=30, q0=0.7, beta=3",39398,7563.733333333334,79.72909687741917
tsp,berlin52,P-ACO,"K=20, ants=30, q0=0.7, beta=3",39759,7563.733333333334,79.72909687741917
tsp,berlin52,P-ACO,"K=20, ants=30, q0=0.7, beta=3",40120,7563.733333333334,79.72909687741917
tsp,berlin52,P-ACO,"K=20, ants=30, q0=0.7, beta=3",40482,7563.733333333334,79.72909687741917
tsp,berlin52,P-ACO,"K=20, ants=30, q0=0.7, beta=3",40843,7563.733333333334,79.72909687741917
tsp,berlin52,P-ACO,"K=20, ants=30, q0=0.7, beta=3",41205,7563.733333333334,79.72909687741917
tsp,berlin52,P-ACO,"K=20, ants=30, q0=0.7, beta=3",41566,7563.733333333334,79.72909687741917
tsp,berlin52,P-ACO,"K=20, ants=30, q0=0.7, beta=3",41928,7563.733333333334,79.72909687741917
tsp,berlin52,P-ACO,"K=20, ants=30, q0=0.7, beta=3",42289,7563.733333333334,79.72909687741917
tsp,berlin52,P-ACO,"K=20, ants=30, q0=0.7, beta=3",42651,7563.733333333334,79.72909687741917
tsp,berlin52,P-ACO,"K=20, ants=30, q0=0.7, beta=3",43012,7563.733333333334,79.72909687741917
tsp,berlin52,P-ACO,"K=20, ants=30, q0=0.7, beta=3",43373,7563.733333333334,79.72909687741917
tsp,berlin52,P-ACO,"K=20, ants=30, q0=0.7, beta=3",43735,7563.733333333334,79.72909687741917
tsp,berlin52,P-ACO,"K=20, ants=30, q0=0.7, beta=3",44096,7563.733333333334,79.72909687741917
tsp,berlin52,P-ACO,"K=20, ants=30, q0=0.7, beta=3",44458,7563.733333333334,79.72909687741917
tsp,berlin52,P-ACO,"K=20, ants=30, q0=0.7, beta=3",44819,7563.733333333334,79.72909687741917
tsp,berlin52,P-ACO,"K=20, ants=30, q0=0.7, beta=3",45181,7563.733333333334,79.72909687741917
tsp,berlin52,P-ACO,"K=20, ants=30, q0=0.7, beta=3",45542,7563.733333333334,79.72909687741917
tsp,berlin52,P-ACO,"K=20, ants=30, q0=0.7, beta=3",45904,7563.733333333334,79.72909687741917
tsp,berlin52,P-ACO,"K=20, ants=30, q0=0.7, beta=3",46265,7563.733333333334,79.72909687741917
tsp,berlin52,P-ACO,"K=20, ants=30, q0=0.7, beta=3",46627,7563.733333333334,79.72909687741917
tsp,berlin52,P-ACO,"K=20, ants=30, q0=0.7, beta=3",46988,7563.733333333334,79.72909687741917
tsp,berlin52,P-ACO,"K=20, ants=30, q0=0.7, beta=3",47349,7563.733333333334,79.72909687741917
tsp,berlin52,P-ACO,"K=20, ants=30, q0=0.7, beta=3",47711,7563.733333333334,79.72909687741917
tsp,berlin52,P-ACO,"K=20, ants=30, q0=0.7, beta=3",48072,7563.733333333334,79.72909687741917
tsp,berlin52,P-ACO,"K=20, ants=30, q0=0.7, beta=3",48434,7563.733333333334,79.72909687741917
tsp,berlin52,P-ACO,"K=20, ants=30, q0=0.7, beta=3",48795,7563.733333333334,79.72909687741917
tsp,berlin52,P-ACO,"K=20, ants=30, q0=0.7, beta=3",49157,7563.733333333334,79.72909687741917
tsp,berlin52,P-ACO,"K=20, ants=30, q0=0.7, beta=3",49518,7563.733333333334,79.72909687741917
tsp,berlin52,P-ACO,"K=20, ants=30, q0=0.7, beta=3",49880,7563.733333333334,79.72909687741917
tsp,berlin52,P-ACO,"K=20, ants=30, q0=0.7, beta=3",50241,7563.733333333334,79.72909687741917
tsp,berlin52,P-ACO,"K=20, ants=30, q0=0.7, beta=3",50602,7563.733333333334,79.72909687741917
tsp,berlin52,P-ACO,"K=20, ants=30, q0=0.7, beta=3",50964,7563.733333333334,79.72909687741917
tsp,berlin52,P-ACO,"K=20, ants=30, q0=0.7, beta=3",51325,7563.666666666667,79.7426415971335
tsp,berlin52,P-ACO,"K=20, ants=30, q0=0.7, beta=3",51687,7563.666666666667,79.7426415971335
tsp,berlin52,P-ACO,"K=20, ants=30, q0=0.7, beta=3",52048,7563.666666666667,79.7426415971335
tsp,berlin52,P-ACO,"K=20, ants=30, q0=0.7, beta=3",52410,7563.666666666667,79.7426415971335
tsp,berlin52,P-ACO,"K=20, ants=30, q0=0.7, beta=3",52771,7563.666666666667,79.7426415971335
tsp,berlin52,P-ACO,"K=20, ants=30, q0=0.7, beta=3",53133,7563.666666666667,79.7426415971335
tsp,berlin52,P-ACO,"K=20, ants=30, q0=0.7, beta=3",53494,7563.666666666667,79.7426415971335
tsp,berlin52,P-ACO,"K=20, ants=30, q0=0.7, beta=3",53855,7563.666666666667,79.7426415971335
tsp,berlin52,P-ACO,"K=20, ants=30, q0=0.7, beta=3",54217,7563.666666666667,79.7426415971335
tsp,berlin52,P-ACO,"K=20, ants=30, q0=0.7, beta=3",54578,7563.666666666667,79.7426415971335
tsp,berlin52,P-ACO,"K=20, ants=30, q0=0.7, beta=3",54940,7563.666666666667,79.7426415971335
tsp,berlin52,P-ACO,"K=20, ants=30, q0=0.7, beta=3",55301,7563.666666666667,79.7426415971335
tsp,berlin52,P-ACO,"K=20, ants=30, q0=0.7, beta=3",55663,7563.666666666667,79.7426415971335
tsp,berlin52,P-ACO,"K=20, ants=30, q0=0.7, beta=3",56024,7563.666666666667,79.7426415971335
tsp,berlin52,P-ACO,"K=20, ants=30, q0=0.7, beta=3",56386,7563.666666666667,79.7426415971335
tsp,berlin52,P-ACO,"K=20, ants=30, q0=0.7, beta=3",56747,7563.333333333333,79.8220242511774
tsp,berlin52,P-ACO,"K=20, ants=30, q0=0.7, beta=3",57108,7563.333333333333,79.8220242511774
tsp,berlin52,P-ACO,"K=20, ants=30, q0=0.7, beta=3",57470,7563.333333333333,79.8220242511774
tsp,berlin52,P-ACO,"K=20, ants=30, q0=0.7, beta=3",57831,7563.333333333333,79.8220242511774
tsp,berlin52,P-ACO,"K=20, ants=30, q0=0.7, beta=3",58193,7563.333333333333,79.8220242511774
tsp,berlin52,P-ACO,"K=20, ants=30, q0=0.7, beta=3",58554,7563.333333333333,79.8220242511774
tsp,berlin52,P-ACO,"K=20, ants=30, q0=0.7, beta=3",58916,7563.333333333333,79.8220242511774
tsp,berlin52,P-ACO,"K=20, ants=30, q0=0.7, beta=3",59277,7563.333333333333,79.8220242511774
tsp,berlin52,P-ACO,"K=20, ants=30, q0=0.7, beta=3",59639,7563.333333333333,79.8220242511774
tsp,berlin52,P-ACO,"K=20, ants=30, q0=0.7, beta=3",60000,7563.333333333333,79.8220242511774
tsp,berlin52,P-ACO,"K=20, ants=30, q0=0.7, beta=3",60361,7563.333333333333,79.8220242511774
tsp,berlin52,P-ACO,"K=20, ants=30, q0=0.7, beta=3",60723,7563.333333333333,79.8220242511774
tsp,berlin52,P-ACO,"K=20, ants=30, q0=0.7, beta=3",61084,7563.333333333333,79.8220242511774
tsp,berlin52,P-ACO,"K=20, ants=30, q0=0.7, beta=3",61446,7563.333333333333,79.8220242511774
tsp,berlin52,P-ACO,"K=20, ants=30, q0=0.7, beta=3",61807,7563.333333333333,79.8220242511774
tsp,berlin52,P-ACO,"K=20, ants=30, q0=0.7, beta=3",62169,7563.333333333333,79.8220242511774
tsp,berlin52,P-ACO,"K=20, ants=30, q0=0.7, beta=3",62530,7563.333333333333,79.8220242511774
tsp,berlin52,P-ACO,"K=20, ants=30, q0=0.7, beta=3",62892,7563.333333333333,79.8220242511774
tsp,berlin52,P-ACO,"K=20, ants=30, q0=0.7, beta=3",63253,7563.333333333333,79.8220242511774
tsp,berlin52,P-ACO,"K=20, ants=30, q0=0.7, beta=3",63614,7563.333333333333,79.8220242511774
tsp,berlin52,P-ACO,"K=20, ants=30, q0=0.7, beta=3",63976,7563.333333333333,79.8220242511774
tsp,berlin52,P-ACO,"K=20, ants=30, q0=0.7, beta=3",64337,7563.333333333333,79.8220242511774
tsp,berlin52,P-ACO,"K=20, ants=30, q0=0.7, beta=3",64699,7563.333333333333,79.8220242511774
tsp,berlin52,P-ACO,"K=20, ants=30, q0=0.7, beta=3",65060,7563.333333333333,79.8220242511774
tsp,berlin52,P-ACO,"K=20, ants=30, q0=0.7, beta=3",65422,7563.333333333333,79.8220242511774
tsp,berlin52,P-ACO,"K=20, ants=30, q0=0.7, beta=3",65783,7563.333333333333,79.8220242511774
tsp,berlin52,P-ACO,"K=20, ants=30, q0=0.7, beta=3",66145,7563.333333333333,79.8220242511774
tsp,berlin52,P-ACO,"K=20, ants=30, q0=0.7, beta=3",66506,7563.333333333333,79.8220242511774
tsp,berlin52,P-ACO,"K=20, ants=30, q0=0.7, beta=3",66867,7563.333333333333,79.8220242511774
tsp,berlin52,P-ACO,"K=20, ants=30, q0=0.7, beta=3",67229,7563.333333333333,79.8220242511774
tsp,berlin52,P-ACO,"K=20, ants=30, q0=0.7, beta=3",67590,7563.333333333333,79.8220242511774
tsp,berlin52,P-ACO,"K=20, ants=30, q0=0.7, beta=3",67952,7563.333333333333,79.8220242511774
tsp,berlin52,P-ACO,"K=20, ants=30, q0=0.7, beta=3",68313,7563.333333333333,79.8220242511774
tsp,berlin52,P-ACO,"K=20, ants=30, q0=0.7, beta=3",68675,7563.333333333333,79.8220242511774
tsp,berlin52,P-ACO,"K=20, ants=30, q0=0.7, beta=3",69036,7563.333333333333,79.8220242511774
tsp,berlin52,P-ACO,"K=20, ants=30, q0=0.7, beta=3",69398,7563.333333333333,79.8220242511774
tsp,berlin52,P-ACO,"K=20, ants=30, q0=0.7, beta=3",69759,7563.333333333333,79.8220242511774
tsp,berlin52,P-ACO,"K=20, ants=30, q0=0.7, beta=3",70120,7563.333333333333,79.8220242511774
tsp,berlin52,P-ACO,"K=20, ants=30, q0=0.7, beta=3",70482,7563.333333333333,79.8220242511774
tsp,berlin52,P-ACO,"K=20, ants=30, q0=0.7, beta=3",70843,7563.333333333333,79.8220242511774
tsp,berlin52,P-ACO,"K=20, ants=30, q0=0.7, beta=3",71205,7563.333333333333,79.8220242511774
tsp,berlin52,P-ACO,"K=20, ants=30, q0=0.7, beta=3",71566,7563.333333333333,79.8220242511774
tsp,berlin52,P-ACO,"K=20, ants=30, q0=0.7, beta=3",71928,7563.333333333333,79.8220242511774
tsp,berlin52,P-ACO,"K=20, ants=30, q0=0.7, beta=3",72289,7563.333333333333,79.8220242511774
tsp,berlin52,P-ACO,"K=20, ants=30, q0=0.7, beta=3",72651,7563.333333333333,79.8220242511774
tsp,berlin52,P-ACO,"K=20, ants=30, q0=0.7, beta=3",73012,7563.333333333333,79.8220242511774
tsp,berlin52,P-ACO,"K=20, ants=30, q0=0.7, beta=3",73373,7563.333333333333,79.8220242511774
tsp,berlin52,P-ACO,"K=20, ants=30, q0=0.7, beta=3",73735,7563.333333333333,79.8220242511774
tsp,berlin52,P-ACO,"K=20, ants=30, q0=0.7, beta=3",74096,7563.333333333333,79.8220242511774
tsp,berlin52,P-ACO,"K=20, ants=30, q0=0.7, beta=3",74458,7563.333333333333,79.8220242511774
tsp,berlin52,P-ACO,"K=20, ants=30, q0=0.7, beta=3",74819,7563.333333333333,79.8220242511774
tsp,berlin52,P-ACO,"K=20, ants=30, q0=0.7, beta=3",75181,7563.333333333333,79.8220242511774
tsp,berlin52,P-ACO,"K=20, ants=30, q0=0.7, beta=3",75542,7563.333333333333,79.8220242511774
tsp,berlin52,P-ACO,"K=20, ants=30, q0=0.7, beta=3",75904,7563.333333333333,79.8220242511774
tsp,berlin52,P-ACO,"K=20, ants=30, q0=0.7, beta=3",76265,7563.333333333333,79.8220242511774
tsp,berlin52,P-ACO,"K=20, ants=30, q0=0.7, beta=3",76627,7563.333333333333,79.8220242511774
tsp,berlin52,P-ACO,"K=20, ants=30, q0=0.7, beta=3",76988,7563.333333333333,79.8220242511774
tsp,berlin52,P-ACO,"K=20, ants=30, q0=0.7, beta=3",77349,7563.333333333333,79.8220242511774
tsp,berlin52,P-ACO,"K=20, ants=30, q0=0.7, beta=3",77711,7563.333333333333,79.8220242511774
tsp,berlin52,P-ACO,"K=20, ants=30, q0=0.7, beta=3",78072,7563.333333333333,79.8220242511774
tsp,berlin52,P-ACO,"K=20, ants=30, q0=0.7, beta=3",78434,7563.333333333333,79.8220242511774
tsp,berlin52,P-ACO,"K=20, ants=30, q0=0.7, beta=3",78795,7563.333333333333,79.8220242511774
tsp,berlin52,P-ACO,"K=20, ants=30, q0=0.7, beta=3",79157,7563.333333333333,79.8220242511774
tsp,berlin52,P-ACO,"K=20, ants=30, q0=0.7, beta=3",79518,7563.333333333333,79.8220242511774
tsp,berlin52,P-ACO,"K=20, ants=30, q0=0.7, beta=3",79880,7563.333333333333,79.8220242511774
tsp,berlin52,P-ACO,"K=20, ants=30, q0=0.7, beta=3",80241,7563.333333333333,79.8220242511774
tsp,berlin52,P-ACO,"K=20, ants=30, q0=0.7, beta=3",80602,7563.333333333333,79.8220242511774
tsp,berlin52,P-ACO,"K=20, ants=30, q0=0.7, beta=3",80964,7563.333333333333,79.8220242511774
tsp,berlin52,P-ACO,"K=20, ants=30, q0=0.7, beta=3",81325,7563.333333333333,79.8220242511774
tsp,berlin52,P-ACO,"K=20, ants=30, q0=0.7, beta=3",81687,7563.333333333333,79.8220242511774
tsp,berlin52,P-ACO,"K=20, ants=30, q0=0.7, beta=3",82048,7563.333333333333,79.8220242511774
tsp,berlin52,P-ACO,"K=20, ants=30, q0=0.7, beta=3",82410,7563.333333333333,79.8220242511774
tsp,berlin52,P-ACO,"K=20, ants=30, q0=0.7, beta=3",82771,7563.333333333333,79.8220242511774
tsp,berlin52,P-ACO,"K=20, ants=30, q0=0.7, beta=3",83133,7563.333333333333,79.8220242511774
tsp,berlin52,P-ACO,"K=20, ants=30, q0=0.7, beta=3",83494,7563.333333333333,79.8220242511774
tsp,berlin52,P-ACO,"K=20, ants=30, q0=0.7, beta=3",83855,7563.333333333333,79.8220242511774
tsp,berlin52,P-ACO,"K=20, ants=30, q0=0.7, beta=3",84217,7563.333333333333,79.8220242511774
tsp,berlin52,P-ACO,"K=20, ants=30, q0=0.7, beta=3",84578,7563.333333333333,79.8220242511774
tsp,berlin52,P-ACO,"K=20, ants=30, q0=0.7, beta=3",84940,7563.333333333333,79.8220242511774
tsp,berlin52,P-ACO,"K=20, ants=30, q0=0.7, beta=3",85301,7563.333333333333,79.8220242511774
tsp,berlin52,P-ACO,"K=20, ants=30, q0=0.7, beta=3",85663,7563.333333333333,79.8220242511774
tsp,berlin52,P-ACO,"K=20, ants=30, q0=0.7, beta=3",86024,7563.333333333333,79.8220242511774
tsp,berlin52,P-ACO,"K=20, ants=30, q0=0.7, beta=3",86386,7563.333333333333,79.8220242511774
tsp,berlin52,P-ACO,"K=20, ants=30, q0=0.7, beta=3",86747,7563.333333333333,79.8220242511774
tsp,berlin52,P-ACO,"K=20, ants=30, q0=0.7, beta=3",87108,7563.333333333333,79.8220242511774
tsp,berlin52,P-ACO,"K=20, ants=30, q0=0.7, beta=3",87470,7563.333333333333,79.8220242511774
tsp,berlin52,P-ACO,"K=20, ants=30, q0=0.7, beta=3",87831,7563.333333333333,79.8220242511774
tsp,berlin52,P-ACO,"K=20, ants=30, q0=0.7, beta=3",88193,7563.333333333333,79.8220242511774
tsp,berlin52,P-ACO,"K=20, ants=30, q0=0.7, beta=3",88554,7563.333333333333,79.8220242511774
tsp,berlin52,P-ACO,"K=20, ants=30, q0=0.7, beta=3",88916,7563.333333333333,79.8220242511774
tsp,berlin52,P-ACO,"K=20, ants=30, q0=0.7, beta=3",89277,7563.333333333333,79.8220242511774
tsp,berlin52,P-ACO,"K=20, ants=30, q0=0.7, beta=3",89639,7563.333333333333,79.8220242511774
tsp,berlin52,P-ACO,"K=20, ants=30, q0=0.7, beta=3",90000,7563.333333333333,79.8220242511774
tsp,berlin52,P-ACO,"K=20, ants=30, q0=0.9, beta=2",0,8555.066666666668,337.69660281909194
tsp,berlin52,P-ACO,"K=20, ants=30, q0=0.9, beta=2",361,7996.511646586345,147.8950373056655
tsp,berlin52,P-ACO,"K=20, ants=30, q0=0.9, beta=2",723,7864.333333333333,126.5968228493731
tsp,berlin52,P-ACO,"K=20, ants=30, q0=0.9, beta=2",1084,7846.333333333333,109.69027101596366
tsp,berlin52,P-ACO,"K=20, ants=30, q0=0.9, beta=2",1446,7802.4,137.31802503677366
tsp,berlin52,P-ACO,"K=20, ants=30, q0=0.9, beta=2",1807,7783.876305220883,108.60038639182105
tsp,berlin52,P-ACO,"K=20, ants=30, q0=0.9, beta=2",2169,7750.204016064256,114.77178151544273
tsp,berlin52,P-ACO,"K=20, ants=30, q0=0.9, beta=2",2530,7736.066666666667,103.67350459763361
tsp,berlin52,P-ACO,"K=20, ants=30, q0=0.9, beta=2",2892,7711.266666666666,120.26995560913052
tsp,berlin52,P-ACO,"K=20, ants=30, q0=0.9, beta=2",3253,7711.266666666666,120.26995560913052
tsp,berlin52,P-ACO,"K=20, ants=30, q0=0.9, beta=2",3614,7702.466666666666,126.95241453220004
tsp,berlin52,P-ACO,"K=20, ants=30, q0=0.9, beta=2",3976,7699.179919678715,125.27072122757764
tsp,berlin52,P-ACO,"K=20, ants=30, q0=0.9, beta=2",4337,7687.324497991968,122.50423055719834
tsp,berlin52,P-ACO,"K=20, ants=30, q0=0.9, beta=2",4699,7686.2,122.80836019316166
tsp,berlin52,P-ACO,"K=20, ants=30, q0=0.9, beta=2",5060,7685.066666666667,122.94793839489768
tsp,berlin52,P-ACO,"K=20, ants=30, q0=0.9, beta=2",5422,7669.8,110.40905759945603
tsp,berlin52,P-ACO,"K=20, ants=30, q0=0.9, beta=2",5783,7669.066666666667,110.49492698259449
tsp,berlin52,P-ACO,"K=20, ants=30, q0=0.9, beta=2",6145,7655.133333333333,109.67458937947092
tsp,berlin52,P-ACO,"K=20, ants=30, q0=0.9, beta=2",6506,7652.533333333334,109.05770134301484
tsp,berlin52,P-ACO,"K=20, ants=30, q0=0.9, beta=2",6867,7637.784738955824,110.17472672617322
tsp,berlin52,P-ACO,"K=20, ants=30, q0=0.9, beta=2",7229,7636.733333333334,109.77763382806576
tsp,berlin52,P-ACO,"K=20, ants=30, q0=0.9, beta=2",7590,7635.266666666666,109.69744249019158
tsp,berlin52,P-ACO,"K=20, ants=30, q0=0.9, beta=2",7952,7632.4,107.21430252847178
tsp,berlin52,P-ACO,"K=20, ants=30, q0=0.9, beta=2",8313,7632.4,107.21430252847178
tsp,berlin52,P-ACO,"K=20, ants=30, q0=0.9, beta=2",8675,7632.4,107.21430252847178
tsp,berlin52,P-ACO,"K=20, ants=30, q0=0.9, beta=2",9036,7632.4,107.21430252847178
tsp,berlin52,P-ACO,"K=20, ants=30, q0=0.9, beta=2",9398,7632.4,107.21430252847178
tsp,berlin52,P-ACO,"K=20, ants=30, q0=0.9, beta=2",9759,7631.0,103.15748478257245
tsp,berlin52,P-ACO,"K=20, ants=30, q0=0.9, beta=2",10120,7631.0,103.15748478257245
tsp,berlin52,P-ACO,"K=20, ants=30, q0=0.9, beta=2",10482,7631.0,103.15748478257245
tsp,berlin52,P-ACO,"K=20, ants=30, q0=0.9, beta=2",10843,7631.0,103.15748478257245
tsp,berlin52,P-ACO,"K=20, ants=30, q0=0.9, beta=2",11205,7631.0,103.15748478257245
tsp,berlin52,P-ACO,"K=20, ants=30, q0=0.9, beta=2",11566,7631.0,103.15748478257245
tsp,berlin52,P-ACO,"K=20, ants=30, q0=0.9, beta=2",11928,7629.466666666666,102.67675275131931
tsp,berlin52,P-ACO,"K=20, ants=30, q0=0.9, beta=2",12289,7624.066666666667,103.52871850629445
tsp,berlin52,P-ACO,"K=20, ants=30, q0=0.9, beta=2",12651,7622.533333333334,104.4840445022854
tsp,berlin52,P-ACO,"K=20, ants=30, q0=0.9, beta=2",13012,7621.8,104.2427935159069
tsp,berlin52,P-ACO,"K=20, ants=30, q0=0.9, beta=2",13373,7614.866666666667,105.52084575518191
tsp,berlin52,P-ACO,"K=20, ants=30, q0=0.9, beta=2",13735,7614.866666666667,105.52084575518191
tsp,berlin52,P-ACO,"K=20, ants=30, q0=0.9, beta=2",14096,7614.866666666667,105.52084575518191
tsp,berlin52,P-ACO,"K=20, ants=30, q0=0.9, beta=2",14458,7614.866666666667,105.52084575518191
tsp,berlin52,P-ACO,"K=20, ants=30, q0=0.9, beta=2",14819,7613.733333333334,104.89389347759425
tsp,berlin52,P-ACO,"K=20, ants=30, q0=0.9, beta=2",15181,7613.733333333334,104.89389347759425
tsp,berlin52,P-ACO,"K=20, ants=30, q0=0.9, beta=2",15542,7613.733333333334,104.89389347759425
tsp,berlin52,P-ACO,"K=20, ants=30, q0=0.9, beta=2",15904,7613.733333333334,104.89389347759425
tsp,berlin52,P-ACO,"K=20, ants=30, q0=0.9, beta=2",16265,7613.733333333334,104.89389347759425
tsp,berlin52,P-ACO,"K=20, ants=30, q0=0.9, beta=2",16627,7608.933333333333,97.74556540097129
tsp,berlin52,P-ACO,"K=20, ants=30, q0=0.9, beta=2",16988,7608.499598393575,97.3541561987246
tsp,berlin52,P-ACO,"K=20, ants=30, q0=0.9, beta=2",17349,7607.666666666667,96.67448244265678
tsp,berlin52,P-ACO,"K=20, ants=30, q0=0.9, beta=2",17711,7607.666666666667,96.67448244265678
tsp,berlin52,P-ACO,"K=20, ants=30, q0=0.9, beta=2",18072,7607.666666666667,96.67448244265678
tsp,berlin52,P-ACO,"K=20, ants=30, q0=0.9, beta=2",18434,7607.666666666667,96.67448244265678
tsp,berlin52,P-ACO,"K=20, ants=30, q0=0.9, beta=2",18795,7605.0,95.15461102857812
tsp,berlin52,P-ACO,"K=20, ants=30, q0=0.9, beta=2",19157,7605.0,95.15461102857812
tsp,berlin52,P-ACO,"K=20, ants=30, q0=0.9, beta=2",19518,7605.0,95.15461102857812
tsp,berlin52,P-ACO,"K=20, ants=30, q0=0.9, beta=2",19880,7604.666666666667,95.36572876155365
tsp,berlin52,P-ACO,"K=20, ants=30, q0=0.9, beta=2",20241,7604.333333333333,95.57521761535372
tsp,berlin52,P-ACO,"K=20, ants=30, q0=0.9, beta=2",20602,7604.333333333333,95.57521761535372
tsp,berlin52,P-ACO,"K=20, ants=30, q0=0.9, beta=2",20964,7604.333333333333,95.57521761535372
tsp,berlin52,P-ACO,"K=20, ants=30, q0=0.9, beta=2",21325,7598.066666666667,96.04614631635265
tsp,berlin52,P-ACO,"K=20, ants=30, q0=0.9, beta=2",21687,7598.066666666667,96.04614631635265
tsp,berlin52,P-ACO,"K=20, ants=30, q0=0.9, beta=2",22048,7597.733333333334,96.23129544083993
tsp,berlin52,P-ACO,"K=20, ants=30, q0=0.9, beta=2",22410,7597.733333333334,96.23129544083993
tsp,berlin52,P-ACO,"K=20, ants=30, q0=0.9, beta=2",22771,7592.6,96.74557698761566
tsp,berlin52,P-ACO,"K=20, ants=30, q0=0.9, beta=2",23133,7592.6,96.74557698761566
tsp,berlin52,P-ACO,"K=20, ants=30, q0=0.9, beta=2",23494,7592.6,96.74557698761566
tsp,berlin52,P-ACO,"K=20, ants=30, q0=0.9, beta=2",23855,7592.6,96.74557698761566
tsp,berlin52,P-ACO,"K=20, ants=30, q0=0.9, beta=2",24217,7583.866666666667,71.85435887187978
tsp,berlin52,P-ACO,"K=20, ants=30, q0=0.9, beta=2",24578,7583.866666666667,71.85435887187978
tsp,berlin52,P-ACO,"K=20, ants=30, q0=0.9, beta=2",24940,7583.866666666667,71.85435887187978
tsp,berlin52,P-ACO,"K=20, ants=30, q0=0.9, beta=2",25301,7583.742168674698,71.91971591524846
tsp,berlin52,P-ACO,"K=20, ants=30, q0=0.9, beta=2",25663,7583.533333333334,72.03597866498534
tsp,berlin52,P-ACO,"K=20, ants=30, q0=0.9, beta=2",26024,7583.533333333334,72.03597866498534
tsp,berlin52,P-ACO,"K=20, ants=30, q0=0.9, beta=2",26386,7583.533333333334,72.03597866498534
tsp,berlin52,P-ACO,"K=20, ants=30, q0=0.9, beta=2",26747,7583.533333333334,72.03597866498534
tsp,berlin52,P-ACO,"K=20, ants=30, q0=0.9, beta=2",27108,7583.533333333334,72.03597866498534
tsp,berlin52,P-ACO,"K=20, ants=30, q0=0.9, beta=2",27470,7583.533333333334,72.03597866498534
tsp,berlin52,P-ACO,"K=20, ants=30, q0=0.9, beta=2",27831,7582.866666666667,71.28428220083924
tsp,berlin52,P-ACO,"K=20, ants=30, q0=0.9, beta=2",28193,7582.866666666667,71.28428220083924
tsp,berlin52,P-ACO,"K=20, ants=30, q0=0.9, beta=2",28554,7582.866666666667,71.28428220083924
tsp,berlin52,P-ACO,"K=20, ants=30, q0=0.9, beta=2",28916,7582.866666666667,71.28428220083924
tsp,berlin52,P-ACO,"K=20, ants=30, q0=0.9, beta=2",29277,7580.2,69.10108537497803
tsp,berlin52,P-ACO,"K=20, ants=30, q0=0.9, beta=2",29639,7580.2,69.10108537497803
tsp,berlin52,P-ACO,"K=20, ants=30, q0=0.9, beta=2",30000,7580.2,69.10108537497803
tsp,berlin52,P-ACO,"K=20, ants=30, q0=0.9, beta=2",30361,7579.866666666667,69.27228081194446
tsp,berlin52,P-ACO,"K=20, ants=30, q0=0.9, beta=2",30723,7579.866666666667,69.27228081194446
tsp,berlin52,P-ACO,"K=20, ants=30, q0=0.9, beta=2",31084,7579.866666666667,69.27228081194446
tsp,berlin52,P-ACO,"K=20, ants=30, q0=0.9, beta=2",31446,7579.866666666667,69.27228081194446
tsp,berlin52,P-ACO,"K=20, ants=30, q0=0.9, beta=2",31807,7579.866666666667,69.27228081194446
tsp,berlin52,P-ACO,"K=20, ants=30, q0=0.9, beta=2",32169,7579.866666666667,69.27228081194446
tsp,berlin52,P-ACO,"K=20, ants=30, q0=0.9, beta=2",32530,7579.866666666667,69.27228081194446
tsp,berlin52,P-ACO,"K=20, ants=30, q0=0.9, beta=2",32892,7579.866666666667,69.27228081194446
tsp,berlin52,P-ACO,"K=20, ants=30, q0=0.9, beta=2",33253,7579.866666666667,69.27228081194446
tsp,berlin52,P-ACO,"K=20, ants=30, q0=0.9, beta=2",33614,7579.866666666667,69.27228081194446
tsp,berlin52,P-ACO,"K=20, ants=30, q0=0.9, beta=2",33976,7579.866666666667,69.27228081194446
tsp,berlin52,P-ACO,"K=20, ants=30, q0=0.9, beta=2",34337,7579.866666666667,69.27228081194446
tsp,berlin52,P-ACO,"K=20, ants=30, q0=0.9, beta=2",34699,7579.866666666667,69.27228081194446
tsp,berlin52,P-ACO,"K=20, ants=30, q0=0.9, beta=2",35060,7579.866666666667,69.27228081194446
tsp,berlin52,P-ACO,"K=20, ants=30, q0=0.9, beta=2",35422,7579.866666666667,69.27228081194446
tsp,berlin52,P-ACO,"K=20, ants=30, q0=0.9, beta=2",35783,7579.866666666667,69.27228081194446
tsp,berlin52,P-ACO,"K=20, ants=30, q0=0.9, beta=2",36145,7574.733333333334,69.03474165632515
tsp,berlin52,P-ACO,"K=20, ants=30, q0=0.9, beta=2",36506,7574.733333333334,69.03474165632515
tsp,berlin52,P-ACO,"K=20, ants=30, q0=0.9, beta=2",36867,7574.733333333334,69.03474165632515
tsp,berlin52,P-ACO,"K=20, ants=30, q0=0.9, beta=2",37229,7574.733333333334,69.03474165632515
tsp,berlin52,P-ACO,"K=20, ants=30, q0=0.9, beta=2",37590,7574.733333333334,69.03474165632515
tsp,berlin52,P-ACO,"K=20, ants=30, q0=0.9, beta=2",37952,7574.713253012048,69.04284893537547
tsp,berlin52,P-ACO,"K=20, ants=30, q0=0.9, beta=2",38313,7574.4,69.17976582787774
tsp,berlin52,P-ACO,"K=20, ants=30, q0=0.9, beta=2",38675,7574.4,69.17976582787774
tsp,berlin52,P-ACO,"K=20, ants=30, q0=0.9, beta=2",39036,7574.4,69.17976582787774
tsp,berlin52,P-ACO,"K=20, ants=30, q0=0.9, beta=2",39398,7574.4,69.17976582787774
tsp,berlin52,P-ACO,"K=20, ants=30, q0=0.9, beta=2",39759,7574.4,69.17976582787774
tsp,berlin52,P-ACO,"K=20, ants=30, q0=0.9, beta=2",40120,7574.4,69.17976582787774
tsp,berlin52,P-ACO,"K=20, ants=30, q0=0.9, beta=2",40482,7574.4,69.17976582787774
tsp,berlin52,P-ACO,"K=20, ants=30, q0=0.9, beta=2",40843,7574.4,69.17976582787774
tsp,berlin52,P-ACO,"K=20, ants=30, q0=0.9, beta=2",41205,7574.4,69.17976582787774
tsp,berlin52,P-ACO,"K=20, ants=30, q0=0.9, beta=2",41566,7574.4,69.17976582787774
tsp,berlin52,P-ACO,"K=20, ants=30, q0=0.9, beta=2",41928,7574.4,69.17976582787774
tsp,berlin52,P-ACO,"K=20, ants=30, q0=0.9, beta=2",42289,7574.4,69.17976582787774
tsp,berlin52,P-ACO,"K=20, ants=30, q0=0.9, beta=2",42651,7574.4,69.17976582787774
tsp,berlin52,P-ACO,"K=20, ants=30, q0=0.9, beta=2",43012,7574.066666666667,69.32288382794114
tsp,berlin52,P-ACO,"K=20, ants=30, q0=0.9, beta=2",43373,7574.066666666667,69.32288382794114
tsp,berlin52,P-ACO,"K=20, ants=30, q0=0.9, beta=2",43735,7574.066666666667,69.32288382794114
tsp,berlin52,P-ACO,"K=20, ants=30, q0=0.9, beta=2",44096,7574.066666666667,69.32288382794114
tsp,berlin52,P-ACO,"K=20, ants=30, q0=0.9, beta=2",44458,7574.066666666667,69.32288382794114
tsp,berlin52,P-ACO,"K=20, ants=30, q0=0.9, beta=2",44819,7574.066666666667,69.32288382794114
tsp,berlin52,P-ACO,"K=20, ants=30, q0=0.9, beta=2",45181,7574.066666666667,69.32288382794114
tsp,berlin52,P-ACO,"K=20, ants=30, q0=0.9, beta=2",45542,7574.066666666667,69.32288382794114
tsp,berlin52,P-ACO,"K=20, ants=30, q0=0.9, beta=2",45904,7574.066666666667,69.32288382794114
tsp,berlin52,P-ACO,"K=20, ants=30, q0=0.9, beta=2",46265,7574.066666666667,69.32288382794114
tsp,berlin52,P-ACO,"K=20, ants=30, q0=0.9, beta=2",46627,7574.066666666667,69.32288382794114
tsp,berlin52,P-ACO,"K=20, ants=30, q0=0.9, beta=2",46988,7574.066666666667,69.32288382794114
tsp,berlin52,P-ACO,"K=20, ants=30, q0=0.9, beta=2",47349,7574.066666666667,69.32288382794114
tsp,berlin52,P-ACO,"K=20, ants=30, q0=0.9, beta=2",47711,7574.066666666667,69.32288382794114
tsp,berlin52,P-ACO,"K=20, ants=30, q0=0.9, beta=2",48072,7574.066666666667,69.32288382794114
tsp,berlin52,P-ACO,"K=20, ants=30, q0=0.9, beta=2",48434,7574.066666666667,69.32288382794114
tsp,berlin52,P-ACO,"K=20, ants=30, q0=0.9, beta=2",48795,7574.066666666667,69.32288382794114
tsp,berlin52,P-ACO,"K=20, ants=30, q0=0.9, beta=2",49157,7574.066666666667,69.32288382794114
tsp,berlin52,P-ACO,"K=20, ants=30, q0=0.9, beta=2",49518,7574.066666666667,69.32288382794114
tsp,berlin52,P-ACO,"K=20, ants=30, q0=0.9, beta=2",49880,7574.066666666667,69.32288382794114
tsp,berlin52,P-ACO,"K=20, ants=30, q0=0.9, beta=2",50241,7574.066666666667,69.32288382794114
tsp,berlin52,P-ACO,"K=20, ants=30, q0=0.9, beta=2",50602,7574.0,69.14140100788624
tsp,berlin52,P-ACO,"K=20, ants=30, q0=0.9, beta=2",50964,7574.0,69.14140100788624
tsp,berlin52,P-ACO,"K=20, ants=30, q0=0.9, beta=2",51325,7574.0,69.14140100788624
tsp,berlin52,P-ACO,"K=20, ants=30, q0=0.9, beta=2",51687,7574.0,69.14140100788624
tsp,berlin52,P-ACO,"K=20, ants=30, q0=0.9, beta=2",52048,7574.0,69.14140100788624
tsp,berlin52,P-ACO,"K=20, ants=30, q0=0.9, beta=2",52410,7574.0,69.14140100788624
tsp,berlin52,P-ACO,"K=20, ants=30, q0=0.9, beta=2",52771,7574.0,69.14140100788624
tsp,berlin52,P-ACO,"K=20, ants=30, q0=0.9, beta=2",53133,7574.0,69.14140100788624
tsp,berlin52,P-ACO,"K=20, ants=30, q0=0.9, beta=2",53494,7574.0,69.14140100788624
tsp,berlin52,P-ACO,"K=20, ants=30, q0=0.9, beta=2",53855,7574.0,69.14140100788624
tsp,berlin52,P-ACO,"K=20, ants=30, q0=0.9, beta=2",54217,7574.0,69.14140100788624
tsp,berlin52,P-ACO,"K=20, ants=30, q0=0.9, beta=2",54578,7574.0,69.14140100788624
tsp,berlin52,P-ACO,"K=20, ants=30, q0=0.9, beta=2",54940,7572.666666666667,67.09263910610628
tsp,berlin52,P-ACO,"K=20, ants=30, q0=0.9, beta=2",55301,7572.666666666667,67.09263910610628
tsp,berlin52,P-ACO,"K=20, ants=30, q0=0.9, beta=2",55663,7572.666666666667,67.09263910610628
tsp,berlin52,P-ACO,"K=20, ants=30, q0=0.9, beta=2",56024,7572.666666666667,67.09263910610628
tsp,berlin52,P-ACO,"K=20, ants=30, q0=0.9, beta=2",56386,7572.666666666667,67.09263910610628
tsp,berlin52,P-ACO,"K=20, ants=30, q0=0.9, beta=2",56747,7572.666666666667,67.09263910610628
tsp,berlin52,P-ACO,"K=20, ants=30, q0=0.9, beta=2",57108,7572.666666666667,67.09263910610628
tsp,berlin52,P-ACO,"K=20, ants=30, q0=0.9, beta=2",57470,7572.666666666667,67.09263910610628
tsp,berlin52,P-ACO,"K=20, ants=30, q0=0.9, beta=2",57831,7572.666666666667,67.09263910610628
tsp,berlin52,P-ACO,"K=20, ants=30, q0=0.9, beta=2",58193,7572.666666666667,67.09263910610628
tsp,berlin52,P-ACO,"K=20, ants=30, q0=0.9, beta=2",58554,7572.666666666667,67.09263910610628
tsp,berlin52,P-ACO,"K=20, ants=30, q0=0.9, beta=2",58916,7572.666666666667,67.09263910610628
tsp,berlin52,P-ACO,"K=20, ants=30, q0=0.9, beta=2",59277,7572.666666666667,67.09263910610628
tsp,berlin52,P-ACO,"K=20, ants=30, q0=0.9, beta=2",59639,7572.666666666667,67.09263910610628
tsp,berlin52,P-ACO,"K=20, ants=30, q0=0.9, beta=2",60000,7572.666666666667,67.09263910610628
tsp,berlin52,P-ACO,"K=20, ants=30, q0=0.9, beta=2",60361,7572.666666666667,67.09263910610628
tsp,berlin52,P-ACO,"K=20, ants=30, q0=0.9, beta=2",60723,7572.666666666667,67.09263910610628
tsp,berlin52,P-ACO,"K=20, ants=30, q0=0.9, beta=2",61084,7572.666666666667,67.09263910610628
tsp,berlin52,P-ACO,"K=20, ants=30, q0=0.9, beta=2",61446,7572.666666666667,67.09263910610628
tsp,berlin52,P-ACO,"K=20, ants=30, q0=0.9, beta=2",61807,7572.666666666667,67.09263910610628
tsp,berlin52,P-ACO,"K=20, ants=30, q0=0.9, beta=2",62169,7572.666666666667,67.09263910610628
tsp,berlin52,P-ACO,"K=20, ants=30, q0=0.9, beta=2",62530,7572.666666666667,67.09263910610628
tsp,berlin52,P-ACO,"K=20, ants=30, q0=0.9, beta=2",62892,7572.666666666667,67.09263910610628
tsp,berlin52,P-ACO,"K=20, ants=30, q0=0.9, beta=2",63253,7572.666666666667,67.09263910610628
tsp,berlin52,P-ACO,"K=20, ants=30, q0=0.9, beta=2",63614,7572.666666666667,67.09263910610628
tsp,berlin52,P-ACO,"K=20, ants=30, q0=0.9, beta=2",63976,7572.666666666667,67.09263910610628
tsp,berlin52,P-ACO,"K=20, ants=30, q0=0.9, beta=2",64337,7572.666666666667,67.09263910610628
tsp,berlin52,P-ACO,"K=20, ants=30, q0=0.9, beta=2",64699,7572.666666666667,67.09263910610628
tsp,berlin52,P-ACO,"K=20, ants=30, q0=0.9, beta=2",65060,7572.666666666667,67.09263910610628
tsp,berlin52,P-ACO,"K=20, ants=30, q0=0.9, beta=2",65422,7572.666666666667,67.09263910610628
tsp,berlin52,P-ACO,"K=20, ants=30, q0=0.9, beta=2",65783,7572.666666666667,67.09263910610628
tsp,berlin52,P-ACO,"K=20, ants=30, q0=0.9, beta=2",66145,7572.666666666667,67.09263910610628
tsp,berlin52,P-ACO,"K=20, ants=30, q0=0.9, beta=2",66506,7572.666666666667,67.09263910610628
tsp,berlin52,P-ACO,"K=20, ants=30, q0=0.9, beta=2",66867,7572.666666666667,67.09263910610628
tsp,berlin52,P-ACO,"K=20, ants=30, q0=0.9, beta=2",67229,7572.666666666667,67.09263910610628
tsp,berlin52,P-ACO,"K=20, ants=30, q0=0.9, beta=2",67590,7572.666666666667,67.09263910610628
tsp,berlin52,P-ACO,"K=20, ants=30, q0=0.9, beta=2",67952,7572.666666666667,67.09263910610628
tsp,berlin52,P-ACO,"K=20, ants=30, q0=0.9, beta=2",68313,7572.666666666667,67.09263910610628
tsp,berlin52,P-ACO,"K=20, ants=30, q0=0.9, beta=2",68675,7572.666666666667,67.09263910610628
tsp,berlin52,P-ACO,"K=20, ants=30, q0=0.9, beta=2",69036,7572.666666666667,67.09263910610628
tsp,berlin52,P-ACO,"K=20, ants=30, q0=0.9, beta=2",69398,7572.666666666667,67.09263910610628
tsp,berlin52,P-ACO,"K=20, ants=30, q0=0.9, beta=2",69759,7572.666666666667,67.09263910610628
tsp,berlin52,P-ACO,"K=20, ants=30, q0=0.9, beta=2",70120,7572.666666666667,67.09263910610628
tsp,berlin52,P-ACO,"K=20, ants=30, q0=0.9, beta=2",70482,7572.333333333333,67.23160632387783
tsp,berlin52,P-ACO,"K=20, ants=30, q0=0.9, beta=2",70843,7572.333333333333,67.23160632387783
tsp,berlin52,P-ACO,"K=20, ants=30, q0=0.9, beta=2",71205,7572.333333333333,67.23160632387783
tsp,berlin52,P-ACO,"K=20, ants=30, q0=0.9, beta=2",71566,7572.333333333333,67.23160632387783
tsp,berlin52,P-ACO,"K=20, ants=30, q0=0.9, beta=2",71928,7572.333333333333,67.23160632387783
tsp,berlin52,P-ACO,"K=20, ants=30, q0=0.9, beta=2",72289,7572.333333333333,67.23160632387783
tsp,berlin52,P-ACO,"K=20, ants=30, q0=0.9, beta=2",72651,7572.333333333333,67.23160632387783
tsp,berlin52,P-ACO,"K=20, ants=30, q0=0.9, beta=2",73012,7572.333333333333,67.23160632387783
tsp,berlin52,P-ACO,"K=20, ants=30, q0=0.9, beta=2",73373,7572.333333333333,67.23160632387783
tsp,berlin52,P-ACO,"K=20, ants=30, q0=0.9, beta=2",73735,7572.333333333333,67.23160632387783
tsp,berlin52,P-ACO,"K=20, ants=30, q0=0.9, beta=2",74096,7572.333333333333,67.23160632387783
tsp,berlin52,P-ACO,"K=20, ants=30, q0=0.9, beta=2",74458,7572.333333333333,67.23160632387783
tsp,berlin52,P-ACO,"K=20, ants=30, q0=0.9, beta=2",74819,7572.333333333333,67.23160632387783
tsp,berlin52,P-ACO,"K=20, ants=30, q0=0.9, beta=2",75181,7572.333333333333,67.23160632387783
tsp,berlin52,P-ACO,"K=20, ants=30, q0=0.9, beta=2",75542,7572.333333333333,67.23160632387783
tsp,berlin52,P-ACO,"K=20, ants=30, q0=0.9, beta=2",75904,7572.333333333333,67.23160632387783
tsp,berlin52,P-ACO,"K=20, ants=30, q0=0.9, beta=2",76265,7570.2,61.43744786366048
tsp,berlin52,P-ACO,"K=20, ants=30, q0=0.9, beta=2",76627,7570.2,61.43744786366048
tsp,berlin52,P-ACO,"K=20, ants=30, q0=0.9, beta=2",76988,7570.2,61.43744786366048
tsp,berlin52,P-ACO,"K=20, ants=30, q0=0.9, beta=2",77349,7570.2,61.43744786366048
tsp,berlin52,P-ACO,"K=20, ants=30, q0=0.9, beta=2",77711,7570.2,61.43744786366048
tsp,berlin52,P-ACO,"K=20, ants=30, q0=0.9, beta=2",78072,7570.2,61.43744786366048
tsp,berlin52,P-ACO,"K=20, ants=30, q0=0.9, beta=2",78434,7570.2,61.43744786366048
tsp,berlin52,P-ACO,"K=20, ants=30, q0=0.9, beta=2",78795,7570.2,61.43744786366048
tsp,berlin52,P-ACO,"K=20, ants=30, q0=0.9, beta=2",79157,7570.2,61.43744786366048
tsp,berlin52,P-ACO,"K=20, ants=30, q0=0.9, beta=2",79518,7570.2,61.43744786366048
tsp,berlin52,P-ACO,"K=20, ants=30, q0=0.9, beta=2",79880,7570.2,61.43744786366048
tsp,berlin52,P-ACO,"K=20, ants=30, q0=0.9, beta=2",80241,7570.2,61.43744786366048
tsp,berlin52,P-ACO,"K=20, ants=30, q0=0.9, beta=2",80602,7570.2,61.43744786366048
tsp,berlin52,P-ACO,"K=20, ants=30, q0=0.9, beta=2",80964,7570.2,61.43744786366048
tsp,berlin52,P-ACO,"K=20, ants=30, q0=0.9, beta=2",81325,7570.2,61.43744786366048
tsp,berlin52,P-ACO,"K=20, ants=30, q0=0.9, beta=2",81687,7570.2,61.43744786366048
tsp,berlin52,P-ACO,"K=20, ants=30, q0=0.9, beta=2",82048,7570.2,61.43744786366048
tsp,berlin52,P-ACO,"K=20, ants=30, q0=0.9, beta=2",82410,7570.2,61.43744786366048
tsp,berlin52,P-ACO,"K=20, ants=30, q0=0.9, beta=2",82771,7570.2,61.43744786366048
tsp,berlin52,P-ACO,"K=20, ants=30, q0=0.9, beta=2",83133,7570.2,61.43744786366048
tsp,berlin52,P-ACO,"K=20, ants=30, q0=0.9, beta=2",83494,7570.2,61.43744786366048
tsp,berlin52,P-ACO,"K=20, ants=30, q0=0.9, beta=2",83855,7570.2,61.43744786366048
tsp,berlin52,P-ACO,"K=20, ants=30, q0=0.9, beta=2",84217,7570.2,61.43744786366048
tsp,berlin52,P-ACO,"K=20, ants=30, q0=0.9, beta=2",84578,7566.4,61.30122347881809
tsp,berlin52,P-ACO,"K=20, ants=30, q0=0.9, beta=2",84940,7566.4,61.30122347881809
tsp,berlin52,P-ACO,"K=20, ants=30, q0=0.9, beta=2",85301,7566.4,61.30122347881809
tsp,berlin52,P-ACO,"K=20, ants=30, q0=0.9, beta=2",85663,7566.4,61.30122347881809
tsp,berlin52,P-ACO,"K=20, ants=30, q0=0.9, beta=2",86024,7566.4,61.30122347881809
tsp,berlin52,P-ACO,"K=20, ants=30, q0=0.9, beta=2",86386,7566.4,61.30122347881809
tsp,berlin52,P-ACO,"K=20, ants=30, q0=0.9, beta=2",86747,7566.4,61.30122347881809
tsp,berlin52,P-ACO,"K=20, ants=30, q0=0.9, beta=2",87108,7566.4,61.30122347881809
tsp,berlin52,P-ACO,"K=20, ants=30, q0=0.9, beta=2",87470,7566.4,61.30122347881809
tsp,berlin52,P-ACO,"K=20, ants=30, q0=0.9, beta=2",87831,7566.4,61.30122347881809
tsp,berlin52,P-ACO,"K=20, ants=30, q0=0.9, beta=2",88193,7566.066666666667,61.41928759672232
tsp,berlin52,P-ACO,"K=20, ants=30, q0=0.9, beta=2",88554,7566.066666666667,61.41928759672232
tsp,berlin52,P-ACO,"K=20, ants=30, q0=0.9, beta=2",88916,7566.066666666667,61.41928759672232
tsp,berlin52,P-ACO,"K=20, ants=30, q0=0.9, beta=2",89277,7566.066666666667,61.41928759672232
tsp,berlin52,P-ACO,"K=20, ants=30, q0=0.9, beta=2",89639,7566.066666666667,61.41928759672232
tsp,berlin52,P-ACO,"K=20, ants=30, q0=0.9, beta=2",90000,7566.066666666667,61.41928759672232
tsp,berlin52,P-ACO,"K=20, ants=30, q0=0.9, beta=3",0,8352.133333333333,286.3757128125374
tsp,berlin52,P-ACO,"K=20, ants=30, q0=0.9, beta=3",361,8052.649799196787,171.83218119589944
tsp,berlin52,P-ACO,"K=20, ants=30, q0=0.9, beta=3",723,7906.933333333333,113.36399585210269
tsp,berlin52,P-ACO,"K=20, ants=30, q0=0.9, beta=3",1084,7859.666666666667,105.59082451720046
tsp,berlin52,P-ACO,"K=20, ants=30, q0=0.9, beta=3",1446,7817.0,93.78343848107369
tsp,berlin52,P-ACO,"K=20, ants=30, q0=0.9, beta=3",1807,7799.866666666667,98.1188848059106
tsp,berlin52,P-ACO,"K=20, ants=30, q0=0.9, beta=3",2169,7781.133333333333,116.38663535341543
tsp,berlin52,P-ACO,"K=20, ants=30, q0=0.9, beta=3",2530,7765.8,130.4971008617944
tsp,berlin52,P-ACO,"K=20, ants=30, q0=0.9, beta=3",2892,7748.066666666667,124.45050778879485
tsp,berlin52,P-ACO,"K=20, ants=30, q0=0.9, beta=3",3253,7737.2,124.81517001817794
tsp,berlin52,P-ACO,"K=20, ants=30, q0=0.9, beta=3",3614,7728.066666666667,133.0080031008995
tsp,berlin52,P-ACO,"K=20, ants=30, q0=0.9, beta=3",3976,7714.866666666667,131.16496822280288
tsp,berlin52,P-ACO,"K=20, ants=30, q0=0.9, beta=3",4337,7690.208032128514,91.9108714612666
tsp,berlin52,P-ACO,"K=20, ants=30, q0=0.9, beta=3",4699,7677.0,83.40903228467926
tsp,berlin52,P-ACO,"K=20, ants=30, q0=0.9, beta=3",5060,7668.4,73.67840027217385
tsp,berlin52,P-ACO,"K=20, ants=30, q0=0.9, beta=3",5422,7658.0,78.8864162366796
tsp,berlin52,P-ACO,"K=20, ants=30, q0=0.9, beta=3",5783,7645.936546184739,69.72547534138482
tsp,berlin52,P-ACO,"K=20, ants=30, q0=0.9, beta=3",6145,7634.866666666667,70.42335471197669
tsp,berlin52,P-ACO,"K=20, ants=30, q0=0.9, beta=3",6506,7634.533333333334,70.30587141594616
tsp,berlin52,P-ACO,"K=20, ants=30, q0=0.9, beta=3",6867,7634.533333333334,70.30587141594616
tsp,berlin52,P-ACO,"K=20, ants=30, q0=0.9, beta=3",7229,7622.533333333334,69.2511050854465
tsp,berlin52,P-ACO,"K=20, ants=30, q0=0.9, beta=3",7590,7612.333333333333,73.15341565656537
tsp,berlin52,P-ACO,"K=20, ants=30, q0=0.9, beta=3",7952,7612.333333333333,73.15341565656537
tsp,berlin52,P-ACO,"K=20, ants=30, q0=0.9, beta=3",8313,7610.133333333333,68.13111542378334
tsp,berlin52,P-ACO,"K=20, ants=30, q0=0.9, beta=3",8675,7610.133333333333,68.13111542378334
tsp,berlin52,P-ACO,"K=20, ants=30, q0=0.9, beta=3",9036,7610.066666666667,68.16985322625308
tsp,berlin52,P-ACO,"K=20, ants=30, q0=0.9, beta=3",9398,7608.533333333334,69.3030703183889
tsp,berlin52,P-ACO,"K=20, ants=30, q0=0.9, beta=3",9759,7596.6,61.621208470244504
tsp,berlin52,P-ACO,"K=20, ants=30, q0=0.9, beta=3",10120,7596.6,61.621208470244504
tsp,berlin52,P-ACO,"K=20, ants=30, q0=0.9, beta=3",10482,7589.666666666667,60.957544424149994
tsp,berlin52,P-ACO,"K=20, ants=30, q0=0.9, beta=3",10843,7582.0,58.56278681893477
tsp,berlin52,P-ACO,"K=20, ants=30, q0=0.9, beta=3",11205,7582.0,58.56278681893477
tsp,berlin52,P-ACO,"K=20, ants=30, q0=0.9, beta=3",11566,7582.0,58.56278681893477
tsp,berlin52,P-ACO,"K=20, ants=30, q0=0.9, beta=3",11928,7582.0,58.56278681893477
tsp,berlin52,P-ACO,"K=20, ants=30, q0=0.9, beta=3",12289,7582.0,58.56278681893477
tsp,berlin52,P-ACO,"K=20, ants=30, q0=0.9, beta=3",12651,7581.333333333333,58.98436704378167
tsp,berlin52,P-ACO,"K=20, ants=30, q0=0.9, beta=3",13012,7579.733333333334,55.907622219355936
tsp,berlin52,P-ACO,"K=20, ants=30, q0=0.9, beta=3",13373,7579.733333333334,55.907622219355936
tsp,berlin52,P-ACO,"K=20, ants=30, q0=0.9, beta=3",13735,7579.733333333334,55.907622219355936
tsp,berlin52,P-ACO,"K=20, ants=30, q0=0.9, beta=3",14096,7579.733333333334,55.907622219355936
tsp,berlin52,P-ACO,"K=20, ants=30, q0=0.9, beta=3",14458,7579.733333333334,55.907622219355936
tsp,berlin52,P-ACO,"K=20, ants=30, q0=0.9, beta=3",14819,7579.733333333334,55.907622219355936
tsp,berlin52,P-ACO,"K=20, ants=30, q0=0.9, beta=3",15181,7570.933333333333,49.62588930073584
tsp,berlin52,P-ACO,"K=20, ants=30, q0=0.9, beta=3",15542,7570.933333333333,49.62588930073584
tsp,berlin52,P-ACO,"K=20, ants=30, q0=0.9, beta=3",15904,7570.933333333333,49.62588930073584
tsp,berlin52,P-ACO,"K=20, ants=30, q0=0.9, beta=3",16265,7570.933333333333,49.62588930073584
tsp,berlin52,P-ACO,"K=20, ants=30, q0=0.9, beta=3",16627,7570.933333333333,49.62588930073584
tsp,berlin52,P-ACO,"K=20, ants=30, q0=0.9, beta=3",16988,7570.049799196787,47.869947860793275
tsp,berlin52,P-ACO,"K=20, ants=30, q0=0.9, beta=3",17349,7567.6,43.94511728660345
tsp,berlin52,P-ACO,"K=20, ants=30, q0=0.9, beta=3",17711,7567.6,43.94511728660345
tsp,berlin52,P-ACO,"K=20, ants=30, q0=0.9, beta=3",18072,7567.6,43.94511728660345
tsp,berlin52,P-ACO,"K=20, ants=30, q0=0.9, beta=3",18434,7567.6,43.94511728660345
tsp,berlin52,P-ACO,"K=20, ants=30, q0=0.9, beta=3",18795,7567.6,43.94511728660345
tsp,berlin52,P-ACO,"K=20, ants=30, q0=0.9, beta=3",19157,7567.6,43.94511728660345
tsp,berlin52,P-ACO,"K=20, ants=30, q0=0.9, beta=3",19518,7567.6,43.94511728660345
tsp,berlin52,P-ACO,"K=20, ants=30, q0=0.9, beta=3",19880,7567.6,43.94511728660345
tsp,berlin52,P-ACO,"K=20, ants=30, q0=0.9, beta=3",20241,7567.6,43.94511728660345
tsp,berlin52,P-ACO,"K=20, ants=30, q0=0.9, beta=3",20602,7562.466666666666,41.48552625782743
tsp,berlin52,P-ACO,"K=20, ants=30, q0=0.9, beta=3",20964,7562.466666666666,41.48552625782743
tsp,berlin52,P-ACO,"K=20, ants=30, q0=0.9, beta=3",21325,7562.466666666666,41.48552625782743
tsp,berlin52,P-ACO,"K=20, ants=30, q0=0.9, beta=3",21687,7562.466666666666,41.48552625782743
tsp,berlin52,P-ACO,"K=20, ants=30, q0=0.9, beta=3",22048,7562.133333333333,40.69703783924438
tsp,berlin52,P-ACO,"K=20, ants=30, q0=0.9, beta=3",22410,7562.133333333333,40.69703783924438
tsp,berlin52,P-ACO,"K=20, ants=30, q0=0.9, beta=3",22771,7562.133333333333,40.69703783924438
tsp,berlin52,P-ACO,"K=20, ants=30, q0=0.9, beta=3",23133,7562.133333333333,40.69703783924438
tsp,berlin52,P-ACO,"K=20, ants=30, q0=0.9, beta=3",23494,7562.133333333333,40.69703783924438
tsp,berlin52,P-ACO,"K=20, ants=30, q0=0.9, beta=3",23855,7562.133333333333,40.69703783924438
tsp,berlin52,P-ACO,"K=20, ants=30, q0=0.9, beta=3",24217,7562.133333333333,40.69703783924438
tsp,berlin52,P-ACO,"K=20, ants=30, q0=0.9, beta=3",24578,7562.133333333333,40.69703783924438
tsp,berlin52,P-ACO,"K=20, ants=30, q0=0.9, beta=3",24940,7562.133333333333,40.69703783924438
tsp,berlin52,P-ACO,"K=20, ants=30, q0=0.9, beta=3",25301,7561.675502008032,40.887595556545484
tsp,berlin52,P-ACO,"K=20, ants=30, q0=0.9, beta=3",25663,7558.374297188755,34.96205533346299
tsp,berlin52,P-ACO,"K=20, ants=30, q0=0.9, beta=3",26024,7554.133333333333,32.1099499982309
tsp,berlin52,P-ACO,"K=20, ants=30, q0=0.9, beta=3",26386,7554.133333333333,32.1099499982309
tsp,berlin52,P-ACO,"K=20, ants=30, q0=0.9, beta=3",26747,7554.133333333333,32.1099499982309
tsp,berlin52,P-ACO,"K=20, ants=30, q0=0.9, beta=3",27108,7553.8,32.20807352202239
tsp,berlin52,P-ACO,"K=20, ants=30, q0=0.9, beta=3",27470,7553.466666666666,32.302459486684434
tsp,berlin52,P-ACO,"K=20, ants=30, q0=0.9, beta=3",27831,7553.466666666666,32.302459486684434
tsp,berlin52,P-ACO,"K=20, ants=30, q0=0.9, beta=3",28193,7553.466666666666,32.302459486684434
tsp,berlin52,P-ACO,"K=20, ants=30, q0=0.9, beta=3",28554,7553.466666666666,32.302459486684434
tsp,berlin52,P-ACO,"K=20, ants=30, q0=0.9, beta=3",28916,7553.466666666666,32.302459486684434
tsp,berlin52,P-ACO,"K=20, ants=30, q0=0.9, beta=3",29277,7553.466666666666,32.302459486684434
tsp,berlin52,P-ACO,"K=20, ants=30, q0=0.9, beta=3",29639,7553.466666666666,32.302459486684434
tsp,berlin52,P-ACO,"K=20, ants=30, q0=0.9, beta=3",30000,7553.466666666666,32.302459486684434
tsp,berlin52,P-ACO,"K=20, ants=30, q0=0.9, beta=3",30361,7553.466666666666,32.302459486684434
tsp,berlin52,P-ACO,"K=20, ants=30, q0=0.9, beta=3",30723,7553.466666666666,32.302459486684434
tsp,berlin52,P-ACO,"K=20, ants=30, q0=0.9, beta=3",31084,7553.466666666666,32.302459486684434
tsp,berlin52,P-ACO,"K=20, ants=30, q0=0.9, beta=3",31446,7553.466666666666,32.302459486684434
tsp,berlin52,P-ACO,"K=20, ants=30, q0=0.9, beta=3",31807,7553.466666666666,32.302459486684434
tsp,berlin52,P-ACO,"K=20, ants=30, q0=0.9, beta=3",32169,7553.466666666666,32.302459486684434
tsp,berlin52,P-ACO,"K=20, ants=30, q0=0.9, beta=3",32530,7553.466666666666,32.302459486684434
tsp,berlin52,P-ACO,"K=20, ants=30, q0=0.9, beta=3",32892,7553.466666666666,32.302459486684434
tsp,berlin52,P-ACO,"K=20, ants=30, q0=0.9, beta=3",33253,7553.466666666666,32.302459486684434
tsp,berlin52,P-ACO,"K=20, ants=30, q0=0.9, beta=3",33614,7553.466666666666,32.302459486684434
tsp,berlin52,P-ACO,"K=20, ants=30, q0=0.9, beta=3",33976,7553.466666666666,32.302459486684434
tsp,berlin52,P-ACO,"K=20, ants=30, q0=0.9, beta=3",34337,7553.466666666666,32.302459486684434
tsp,berlin52,P-ACO,"K=20, ants=30, q0=0.9, beta=3",34699,7553.466666666666,32.302459486684434
tsp,berlin52,P-ACO,"K=20, ants=30, q0=0.9, beta=3",35060,7553.466666666666,32.302459486684434
tsp,berlin52,P-ACO,"K=20, ants=30, q0=0.9, beta=3",35422,7553.466666666666,32.302459486684434
tsp,berlin52,P-ACO,"K=20, ants=30, q0=0.9, beta=3",35783,7553.466666666666,32.302459486684434
tsp,berlin52,P-ACO,"K=20, ants=30, q0=0.9, beta=3",36145,7553.466666666666,32.302459486684434
tsp,berlin52,P-ACO,"K=20, ants=30, q0=0.9, beta=3",36506,7553.466666666666,32.302459486684434
tsp,berlin52,P-ACO,"K=20, ants=30, q0=0.9, beta=3",36867,7553.466666666666,32.302459486684434
tsp,berlin52,P-ACO,"K=20, ants=30, q0=0.9, beta=3",37229,7553.466666666666,32.302459486684434
tsp,berlin52,P-ACO,"K=20, ants=30, q0=0.9, beta=3",37590,7553.466666666666,32.302459486684434
tsp,berlin52,P-ACO,"K=20, ants=30, q0=0.9, beta=3",37952,7553.466666666666,32.302459486684434
tsp,berlin52,P-ACO,"K=20, ants=30, q0=0.9, beta=3",38313,7553.466666666666,32.302459486684434
tsp,berlin52,P-ACO,"K=20, ants=30, q0=0.9, beta=3",38675,7553.466666666666,32.302459486684434
tsp,berlin52,P-ACO,"K=20, ants=30, q0=0.9, beta=3",39036,7553.466666666666,32.302459486684434
tsp,berlin52,P-ACO,"K=20, ants=30, q0=0.9, beta=3",39398,7553.466666666666,32.302459486684434
tsp,berlin52,P-ACO,"K=20, ants=30, q0=0.9, beta=3",39759,7553.466666666666,32.302459486684434
tsp,berlin52,P-ACO,"K=20, ants=30, q0=0.9, beta=3",40120,7553.466666666666,32.302459486684434
tsp,berlin52,P-ACO,"K=20, ants=30, q0=0.9, beta=3",40482,7553.466666666666,32.302459486684434
tsp,berlin52,P-ACO,"K=20, ants=30, q0=0.9, beta=3",40843,7553.466666666666,32.302459486684434
tsp,berlin52,P-ACO,"K=20, ants=30, q0=0.9, beta=3",41205,7553.466666666666,32.302459486684434
tsp,berlin52,P-ACO,"K=20, ants=30, q0=0.9, beta=3",41566,7553.466666666666,32.302459486684434
tsp,berlin52,P-ACO,"K=20, ants=30, q0=0.9, beta=3",41928,7553.466666666666,32.302459486684434
tsp,berlin52,P-ACO,"K=20, ants=30, q0=0.9, beta=3",42289,7553.466666666666,32.302459486684434
tsp,berlin52,P-ACO,"K=20, ants=30, q0=0.9, beta=3",42651,7553.466666666666,32.302459486684434
tsp,berlin52,P-ACO,"K=20, ants=30, q0=0.9, beta=3",43012,7553.133333333333,32.39314056332846
tsp,berlin52,P-ACO,"K=20, ants=30, q0=0.9, beta=3",43373,7553.133333333333,32.39314056332846
tsp,berlin52,P-ACO,"K=20, ants=30, q0=0.9, beta=3",43735,7553.133333333333,32.39314056332846
tsp,berlin52,P-ACO,"K=20, ants=30, q0=0.9, beta=3",44096,7553.133333333333,32.39314056332846
tsp,berlin52,P-ACO,"K=20, ants=30, q0=0.9, beta=3",44458,7553.133333333333,32.39314056332846
tsp,berlin52,P-ACO,"K=20, ants=30, q0=0.9, beta=3",44819,7553.133333333333,32.39314056332846
tsp,berlin52,P-ACO,"K=20, ants=30, q0=0.9, beta=3",45181,7553.133333333333,32.39314056332846
tsp,berlin52,P-ACO,"K=20, ants=30, q0=0.9, beta=3",45542,7553.133333333333,32.39314056332846
tsp,berlin52,P-ACO,"K=20, ants=30, q0=0.9, beta=3",45904,7553.133333333333,32.39314056332846
tsp,berlin52,P-ACO,"K=20, ants=30, q0=0.9, beta=3",46265,7553.133333333333,32.39314056332846
tsp,berlin52,P-ACO,"K=20, ants=30, q0=0.9, beta=3",46627,7553.133333333333,32.39314056332846
tsp,berlin52,P-ACO,"K=20, ants=30, q0=0.9, beta=3",46988,7553.133333333333,32.39314056332846
tsp,berlin52,P-ACO,"K=20, ants=30, q0=0.9, beta=3",47349,7553.133333333333,32.39314056332846
tsp,berlin52,P-ACO,"K=20, ants=30, q0=0.9, beta=3",47711,7553.133333333333,32.39314056332846
tsp,berlin52,P-ACO,"K=20, ants=30, q0=0.9, beta=3",48072,7553.133333333333,32.39314056332846
tsp,berlin52,P-ACO,"K=20, ants=30, q0=0.9, beta=3",48434,7553.133333333333,32.39314056332846
tsp,berlin52,P-ACO,"K=20, ants=30, q0=0.9, beta=3",48795,7553.133333333333,32.39314056332846
tsp,berlin52,P-ACO,"K=20, ants=30, q0=0.9, beta=3",49157,7553.133333333333,32.39314056332846
tsp,berlin52,P-ACO,"K=20, ants=30, q0=0.9, beta=3",49518,7553.133333333333,32.39314056332846
tsp,berlin52,P-ACO,"K=20, ants=30, q0=0.9, beta=3",49880,7553.133333333333,32.39314056332846
tsp,berlin52,P-ACO,"K=20, ants=30, q0=0.9, beta=3",50241,7553.133333333333,32.39314056332846
tsp,berlin52,P-ACO,"K=20, ants=30, q0=0.9, beta=3",50602,7553.133333333333,32.39314056332846
tsp,berlin52,P-ACO,"K=20, ants=30, q0=0.9, beta=3",50964,7553.133333333333,32.39314056332846
tsp,berlin52,P-ACO,"K=20, ants=30, q0=0.9, beta=3",51325,7553.133333333333,32.39314056332846
tsp,berlin52,P-ACO,"K=20, ants=30, q0=0.9, beta=3",51687,7553.133333333333,32.39314056332846
tsp,berlin52,P-ACO,"K=20, ants=30, q0=0.9, beta=3",52048,7553.133333333333,32.39314056332846
tsp,berlin52,P-ACO,"K=20, ants=30, q0=0.9, beta=3",52410,7553.133333333333,32.39314056332846
tsp,berlin52,P-ACO,"K=20, ants=30, q0=0.9, beta=3",52771,7553.133333333333,32.39314056332846
tsp,berlin52,P-ACO,"K=20, ants=30, q0=0.9, beta=3",53133,7553.133333333333,32.39314056332846
tsp,berlin52,P-ACO,"K=20, ants=30, q0=0.9, beta=3",53494,7553.133333333333,32.39314056332846
tsp,berlin52,P-ACO,"K=20, ants=30, q0=0.9, beta=3",53855,7553.133333333333,32.39314056332846
tsp,berlin52,P-ACO,"K=20, ants=30, q0=0.9, beta=3",54217,7553.133333333333,32.39314056332846
tsp,berlin52,P-ACO,"K=20, ants=30, q0=0.9, beta=3",54578,7553.133333333333,32.39314056332846
tsp,berlin52,P-ACO,"K=20, ants=30, q0=0.9, beta=3",54940,7552.8,32.48014778291502
tsp,berlin52,P-ACO,"K=20, ants=30, q0=0.9, beta=3",55301,7552.8,32.48014778291502
tsp,berlin52,P-ACO,"K=20, ants=30, q0=0.9, beta=3",55663,7552.8,32.48014778291502
tsp,berlin52,P-ACO,"K=20, ants=30, q0=0.9, beta=3",56024,7552.8,32.48014778291502
tsp,berlin52,P-ACO,"K=20, ants=30, q0=0.9, beta=3",56386,7550.933333333333,25.51983977657819
tsp,berlin52,P-ACO,"K=20, ants=30, q0=0.9, beta=3",56747,7550.933333333333,25.51983977657819
tsp,berlin52,P-ACO,"K=20, ants=30, q0=0.9, beta=3",57108,7544.0,2.449489742783178
tsp,berlin52,P-ACO,"K=20, ants=30, q0=0.9, beta=3",57470,7544.0,2.449489742783178
tsp,berlin52,P-ACO,"K=20, ants=30, q0=0.9, beta=3",57831,7544.0,2.449489742783178
tsp,berlin52,P-ACO,"K=20, ants=30, q0=0.9, beta=3",58193,7544.0,2.449489742783178
tsp,berlin52,P-ACO,"K=20, ants=30, q0=0.9, beta=3",58554,7544.0,2.449489742783178
tsp,berlin52,P-ACO,"K=20, ants=30, q0=0.9, beta=3",58916,7544.0,2.449489742783178
tsp,berlin52,P-ACO,"K=20, ants=30, q0=0.9, beta=3",59277,7544.0,2.449489742783178
tsp,berlin52,P-ACO,"K=20, ants=30, q0=0.9, beta=3",59639,7544.0,2.449489742783178
tsp,berlin52,P-ACO,"K=20, ants=30, q0=0.9, beta=3",60000,7544.0,2.449489742783178
tsp,berlin52,P-ACO,"K=20, ants=30, q0=0.9, beta=3",60361,7544.0,2.449489742783178
tsp,berlin52,P-ACO,"K=20, ants=30, q0=0.9, beta=3",60723,7544.0,2.449489742783178
tsp,berlin52,P-ACO,"K=20, ants=30, q0=0.9, beta=3",61084,7544.0,2.449489742783178
tsp,berlin52,P-ACO,"K=20, ants=30, q0=0.9, beta=3",61446,7544.0,2.449489742783178
tsp,berlin52,P-ACO,"K=20, ants=30, q0=0.9, beta=3",61807,7544.0,2.449489742783178
tsp,berlin52,P-ACO,"K=20, ants=30, q0=0.9, beta=3",62169,7544.0,2.449489742783178
tsp,berlin52,P-ACO,"K=20, ants=30, q0=0.9, beta=3",62530,7544.0,2.449489742783178
tsp,berlin52,P-ACO,"K=20, ants=30, q0=0.9, beta=3",62892,7544.0,2.449489742783178
tsp,berlin52,P-ACO,"K=20, ants=30, q0=0.9, beta=3",63253,7544.0,2.449489742783178
tsp,berlin52,P-ACO,"K=20, ants=30, q0=0.9, beta=3",63614,7544.0,2.449489742783178
tsp,berlin52,P-ACO,"K=20, ants=30, q0=0.9, beta=3",63976,7544.0,2.449489742783178
tsp,berlin52,P-ACO,"K=20, ants=30, q0=0.9, beta=3",64337,7544.0,2.449489742783178
tsp,berlin52,P-ACO,"K=20, ants=30, q0=0.9, beta=3",64699,7544.0,2.449489742783178
tsp,berlin52,P-ACO,"K=20, ants=30, q0=0.9, beta=3",65060,7544.0,2.449489742783178
tsp,berlin52,P-ACO,"K=20, ants=30, q0=0.9, beta=3",65422,7544.0,2.449489742783178
tsp,berlin52,P-ACO,"K=20, ants=30, q0=0.9, beta=3",65783,7544.0,2.449489742783178
tsp,berlin52,P-ACO,"K=20, ants=30, q0=0.9, beta=3",66145,7544.0,2.449489742783178
tsp,berlin52,P-ACO,"K=20, ants=30, q0=0.9, beta=3",66506,7544.0,2.449489742783178
tsp,berlin52,P-ACO,"K=20, ants=30, q0=0.9, beta=3",66867,7544.0,2.449489742783178
tsp,berlin52,P-ACO,"K=20, ants=30, q0=0.9, beta=3",67229,7544.0,2.449489742783178
tsp,berlin52,P-ACO,"K=20, ants=30, q0=0.9, beta=3",67590,7544.0,2.449489742783178
tsp,berlin52,P-ACO,"K=20, ants=30, q0=0.9, beta=3",67952,7544.0,2.449489742783178
tsp,berlin52,P-ACO,"K=20, ants=30, q0=0.9, beta=3",68313,7544.0,2.449489742783178
tsp,berlin52,P-ACO,"K=20, ants=30, q0=0.9, beta=3",68675,7544.0,2.449489742783178
tsp,berlin52,P-ACO,"K=20, ants=30, q0=0.9, beta=3",69036,7544.0,2.449489742783178
tsp,berlin52,P-ACO,"K=20, ants=30, q0=0.9, beta=3",69398,7544.0,2.449489742783178
tsp,berlin52,P-ACO,"K=20, ants=30, q0=0.9, beta=3",69759,7544.0,2.449489742783178
tsp,berlin52,P-ACO,"K=20, ants=30, q0=0.9, beta=3",70120,7543.883534136547,2.3433106883590953
tsp,berlin52,P-ACO,"K=20, ants=30, q0=0.9, beta=3",70482,7543.666666666667,2.3570226039551585
tsp,berlin52,P-ACO,"K=20, ants=30, q0=0.9, beta=3",70843,7543.666666666667,2.3570226039551585
tsp,berlin52,P-ACO,"K=20, ants=30, q0=0.9, beta=3",71205,7543.666666666667,2.3570226039551585
tsp,berlin52,P-ACO,"K=20, ants=30, q0=0.9, beta=3",71566,7543.666666666667,2.3570226039551585
tsp,berlin52,P-ACO,"K=20, ants=30, q0=0.9, beta=3",71928,7543.666666666667,2.3570226039551585
tsp,berlin52,P-ACO,"K=20, ants=30, q0=0.9, beta=3",72289,7543.666666666667,2.3570226039551585
tsp,berlin52,P-ACO,"K=20, ants=30, q0=0.9, beta=3",72651,7543.666666666667,2.3570226039551585
tsp,berlin52,P-ACO,"K=20, ants=30, q0=0.9, beta=3",73012,7543.666666666667,2.3570226039551585
tsp,berlin52,P-ACO,"K=20, ants=30, q0=0.9, beta=3",73373,7543.666666666667,2.3570226039551585
tsp,berlin52,P-ACO,"K=20, ants=30, q0=0.9, beta=3",73735,7543.666666666667,2.3570226039551585
tsp,berlin52,P-ACO,"K=20, ants=30, q0=0.9, beta=3",74096,7543.666666666667,2.3570226039551585
tsp,berlin52,P-ACO,"K=20, ants=30, q0=0.9, beta=3",74458,7543.666666666667,2.3570226039551585
tsp,berlin52,P-ACO,"K=20, ants=30, q0=0.9, beta=3",74819,7543.666666666667,2.3570226039551585
tsp,berlin52,P-ACO,"K=20, ants=30, q0=0.9, beta=3",75181,7543.666666666667,2.3570226039551585
tsp,berlin52,P-ACO,"K=20, ants=30, q0=0.9, beta=3",75542,7543.666666666667,2.3570226039551585
tsp,berlin52,P-ACO,"K=20, ants=30, q0=0.9, beta=3",75904,7543.666666666667,2.3570226039551585
tsp,berlin52,P-ACO,"K=20, ants=30, q0=0.9, beta=3",76265,7543.666666666667,2.3570226039551585
tsp,berlin52,P-ACO,"K=20, ants=30, q0=0.9, beta=3",76627,7543.666666666667,2.3570226039551585
tsp,berlin52,P-ACO,"K=20, ants=30, q0=0.9, beta=3",76988,7543.666666666667,2.3570226039551585
tsp,berlin52,P-ACO,"K=20, ants=30, q0=0.9, beta=3",77349,7543.666666666667,2.3570226039551585
tsp,berlin52,P-ACO,"K=20, ants=30, q0=0.9, beta=3",77711,7543.666666666667,2.3570226039551585
tsp,berlin52,P-ACO,"K=20, ants=30, q0=0.9, beta=3",78072,7543.666666666667,2.3570226039551585
tsp,berlin52,P-ACO,"K=20, ants=30, q0=0.9, beta=3",78434,7543.666666666667,2.3570226039551585
tsp,berlin52,P-ACO,"K=20, ants=30, q0=0.9, beta=3",78795,7543.666666666667,2.3570226039551585
tsp,berlin52,P-ACO,"K=20, ants=30, q0=0.9, beta=3",79157,7543.666666666667,2.3570226039551585
tsp,berlin52,P-ACO,"K=20, ants=30, q0=0.9, beta=3",79518,7543.4658634538155,2.186635427765636
tsp,berlin52,P-ACO,"K=20, ants=30, q0=0.9, beta=3",79880,7543.333333333333,2.211083193570267
tsp,berlin52,P-ACO,"K=20, ants=30, q0=0.9, beta=3",80241,7543.333333333333,2.211083193570267
tsp,berlin52,P-ACO,"K=20, ants=30, q0=0.9, beta=3",80602,7543.333333333333,2.211083193570267
tsp,berlin52,P-ACO,"K=20, ants=30, q0=0.9, beta=3",80964,7543.333333333333,2.211083193570267
tsp,berlin52,P-ACO,"K=20, ants=30, q0=0.9, beta=3",81325,7543.333333333333,2.211083193570267
tsp,berlin52,P-ACO,"K=20, ants=30, q0=0.9, beta=3",81687,7543.333333333333,2.211083193570267
tsp,berlin52,P-ACO,"K=20, ants=30, q0=0.9, beta=3",82048,7543.333333333333,2.211083193570267
tsp,berlin52,P-ACO,"K=20, ants=30, q0=0.9, beta=3",82410,7543.333333333333,2.211083193570267
tsp,berlin52,P-ACO,"K=20, ants=30, q0=0.9, beta=3",82771,7543.333333333333,2.211083193570267
tsp,berlin52,P-ACO,"K=20, ants=30, q0=0.9, beta=3",83133,7543.333333333333,2.211083193570267
tsp,berlin52,P-ACO,"K=20, ants=30, q0=0.9, beta=3",83494,7543.333333333333,2.211083193570267
tsp,berlin52,P-ACO,"K=20, ants=30, q0=0.9, beta=3",83855,7543.333333333333,2.211083193570267
tsp,berlin52,P-ACO,"K=20, ants=30, q0=0.9, beta=3",84217,7543.0,2.0
tsp,berlin52,P-ACO,"K=20, ants=30, q0=0.9, beta=3",84578,7543.0,2.0
tsp,berlin52,P-ACO,"K=20, ants=30, q0=0.9, beta=3",84940,7543.0,2.0
tsp,berlin52,P-ACO,"K=20, ants=30, q0=0.9, beta=3",85301,7543.0,2.0
tsp,berlin52,P-ACO,"K=20, ants=30, q0=0.9, beta=3",85663,7542.666666666667,1.6996731711975948
tsp,berlin52,P-ACO,"K=20, ants=30, q0=0.9, beta=3",86024,7542.666666666667,1.6996731711975948
tsp,berlin52,P-ACO,"K=20, ants=30, q0=0.9, beta=3",86386,7542.666666666667,1.6996731711975948
tsp,berlin52,P-ACO,"K=20, ants=30, q0=0.9, beta=3",86747,7542.666666666667,1.6996731711975948
tsp,berlin52,P-ACO,"K=20, ants=30, q0=0.9, beta=3",87108,7542.666666666667,1.6996731711975948
tsp,berlin52,P-ACO,"K=20, ants=30, q0=0.9, beta=3",87470,7542.666666666667,1.6996731711975948
tsp,berlin52,P-ACO,"K=20, ants=30, q0=0.9, beta=3",87831,7542.666666666667,1.6996731711975948
tsp,berlin52,P-ACO,"K=20, ants=30, q0=0.9, beta=3",88193,7542.666666666667,1.6996731711975948
tsp,berlin52,P-ACO,"K=20, ants=30, q0=0.9, beta=3",88554,7542.666666666667,1.6996731711975948
tsp,berlin52,P-ACO,"K=20, ants=30, q0=0.9, beta=3",88916,7542.666666666667,1.6996731711975948
tsp,berlin52,P-ACO,"K=20, ants=30, q0=0.9, beta=3",89277,7542.666666666667,1.6996731711975948
tsp,berlin52,P-ACO,"K=20, ants=30, q0=0.9, beta=3",89639,7542.666666666667,1.6996731711975948
tsp,berlin52,P-ACO,"K=20, ants=30, q0=0.9, beta=3",90000,7542.666666666667,1.6996731711975948
tsp,berlin52,P-ACO,"K=5, ants=30, q0=0.7, beta=2",0,9450.8,387.4274469712577
tsp,berlin52,P-ACO,"K=5, ants=30, q0=0.7, beta=2",361,8275.187148594378,221.98448963277136
tsp,berlin52,P-ACO,"K=5, ants=30, q0=0.7, beta=2",723,8167.396787148595,213.94511127741578
tsp,berlin52,P-ACO,"K=5, ants=30, q0=0.7, beta=2",1084,8110.447389558233,210.90347948162716
tsp,berlin52,P-ACO,"K=5, ants=30, q0=0.7, beta=2",1446,8056.6,219.05548764335185
tsp,berlin52,P-ACO,"K=5, ants=30, q0=0.7, beta=2",1807,8024.89156626506,227.3512275632248
tsp,berlin52,P-ACO,"K=5, ants=30, q0=0.7, beta=2",2169,7992.066666666667,242.28591007778854
tsp,berlin52,P-ACO,"K=5, ants=30, q0=0.7, beta=2",2530,7958.425702811245,232.310402912218
tsp,berlin52,P-ACO,"K=5, ants=30, q0=0.7, beta=2",2892,7925.2,245.81190641084362
tsp,berlin52,P-ACO,"K=5, ants=30, q0=0.7, beta=2",3253,7905.169477911647,239.5557176894588
tsp,berlin52,P-ACO,"K=5, ants=30, q0=0.7, beta=2",3614,7892.35983935743,244.06480624734508
tsp,berlin52,P-ACO,"K=5, ants=30, q0=0.7, beta=2",3976,7872.866666666667,246.8637590971092
tsp,berlin52,P-ACO,"K=5, ants=30, q0=0.7, beta=2",4337,7864.467469879518,239.61074682836164
tsp,berlin52,P-ACO,"K=5, ants=30, q0=0.7, beta=2",4699,7854.133333333333,238.31040449147176
tsp,berlin52,P-ACO,"K=5, ants=30, q0=0.7, beta=2",5060,7852.333333333333,236.799680930716
tsp,berlin52,P-ACO,"K=5, ants=30, q0=0.7, beta=2",5422,7844.696385542168,227.42308594832176
tsp,berlin52,P-ACO,"K=5, ants=30, q0=0.7, beta=2",5783,7839.667469879519,224.70394506410463
tsp,berlin52,P-ACO,"K=5, ants=30, q0=0.7, beta=2",6145,7829.466666666666,212.11564979720117
tsp,berlin52,P-ACO,"K=5, ants=30, q0=0.7, beta=2",6506,7820.8,216.8748333332693
tsp,berlin52,P-ACO,"K=5, ants=30, q0=0.7, beta=2",6867,7819.866666666667,215.6203041356624
tsp,berlin52,P-ACO,"K=5, ants=30, q0=0.7, beta=2",7229,7800.391164658635,206.46654962236843
tsp,berlin52,P-ACO,"K=5, ants=30, q0=0.7, beta=2",7590,7794.4,200.39886892561708
tsp,berlin52,P-ACO,"K=5, ants=30, q0=0.7, beta=2",7952,7781.0,192.54471342175736
tsp,berlin52,P-ACO,"K=5, ants=30, q0=0.7, beta=2",8313,7760.866666666667,172.75873993006033
tsp,berlin52,P-ACO,"K=5, ants=30, q0=0.7, beta=2",8675,7751.666666666667,178.51672812994929
tsp,berlin52,P-ACO,"K=5, ants=30, q0=0.7, beta=2",9036,7746.031325301205,174.95873777145826
tsp,berlin52,P-ACO,"K=5, ants=30, q0=0.7, beta=2",9398,7736.066666666667,160.9179777264043
tsp,berlin52,P-ACO,"K=5, ants=30, q0=0.7, beta=2",9759,7729.733333333334,165.43940146034004
tsp,berlin52,P-ACO,"K=5, ants=30, q0=0.7, beta=2",10120,7716.866666666667,161.50618839192788
tsp,berlin52,P-ACO,"K=5, ants=30, q0=0.7, beta=2",10482,7716.866666666667,161.50618839192788
tsp,berlin52,P-ACO,"K=5, ants=30, q0=0.7, beta=2",10843,7709.866666666667,158.7462825461504
tsp,berlin52,P-ACO,"K=5, ants=30, q0=0.7, beta=2",11205,7704.603212851405,157.37079785017212
tsp,berlin52,P-ACO,"K=5, ants=30, q0=0.7, beta=2",11566,7701.066666666667,160.2504151494016
tsp,berlin52,P-ACO,"K=5, ants=30, q0=0.7, beta=2",11928,7701.066666666667,160.2504151494016
tsp,berlin52,P-ACO,"K=5, ants=30, q0=0.7, beta=2",12289,7699.066666666667,157.9394258005968
tsp,berlin52,P-ACO,"K=5, ants=30, q0=0.7, beta=2",12651,7699.066666666667,157.9394258005968
tsp,berlin52,P-ACO,"K=5, ants=30, q0=0.7, beta=2",13012,7690.141365461847,156.4138838846665
tsp,berlin52,P-ACO,"K=5, ants=30, q0=0.7, beta=2",13373,7690.0,156.49792330890529
tsp,berlin52,P-ACO,"K=5, ants=30, q0=0.7, beta=2",13735,7689.666666666667,156.5390969978072
tsp,berlin52,P-ACO,"K=5, ants=30, q0=0.7, beta=2",14096,7686.266666666666,158.86365922457605
tsp,berlin52,P-ACO,"K=5, ants=30, q0=0.7, beta=2",14458,7686.266666666666,158.86365922457605
tsp,berlin52,P-ACO,"K=5, ants=30, q0=0.7, beta=2",14819,7686.266666666666,158.86365922457605
tsp,berlin52,P-ACO,"K=5, ants=30, q0=0.7, beta=2",15181,7671.133333333333,161.05852628435693
tsp,berlin52,P-ACO,"K=5, ants=30, q0=0.7, beta=2",15542,7671.133333333333,161.05852628435693
tsp,berlin52,P-ACO,"K=5, ants=30, q0=0.7, beta=2",15904,7670.655421686747,161.00191207762134
tsp,berlin52,P-ACO,"K=5, ants=30, q0=0.7, beta=2",16265,7668.666666666667,158.3543143993522
tsp,berlin52,P-ACO,"K=5, ants=30, q0=0.7, beta=2",16627,7665.8,152.39431310474373
tsp,berlin52,P-ACO,"K=5, ants=30, q0=0.7, beta=2",16988,7662.0,145.57014345897537
tsp,berlin52,P-ACO,"K=5, ants=30, q0=0.7, beta=2",17349,7662.0,145.57014345897537
tsp,berlin52,P-ACO,"K=5, ants=30, q0=0.7, beta=2",17711,7661.266666666666,144.16863582470202
tsp,berlin52,P-ACO,"K=5, ants=30, q0=0.7, beta=2",18072,7655.466666666666,134.54905755481488
tsp,berlin52,P-ACO,"K=5, ants=30, q0=0.7, beta=2",18434,7650.333333333333,128.5154551881688
tsp,berlin52,P-ACO,"K=5, ants=30, q0=0.7, beta=2",18795,7650.0,128.78923350446135
tsp,berlin52,P-ACO,"K=5, ants=30, q0=0.7, beta=2",19157,7650.0,128.78923350446135
tsp,berlin52,P-ACO,"K=5, ants=30, q0=0.7, beta=2",19518,7645.533333333334,120.6426495435544
tsp,berlin52,P-ACO,"K=5, ants=30, q0=0.7, beta=2",19880,7645.533333333334,120.6426495435544
tsp,berlin52,P-ACO,"K=5, ants=30, q0=0.7, beta=2",20241,7645.533333333334,120.6426495435544
tsp,berlin52,P-ACO,"K=5, ants=30, q0=0.7, beta=2",20602,7645.533333333334,120.6426495435544
tsp,berlin52,P-ACO,"K=5, ants=30, q0=0.7, beta=2",20964,7644.4,119.90262716054222
tsp,berlin52,P-ACO,"K=5, ants=30, q0=0.7, beta=2",21325,7644.4,119.90262716054222
tsp,berlin52,P-ACO,"K=5, ants=30, q0=0.7, beta=2",21687,7644.4,119.90262716054222
tsp,berlin52,P-ACO,"K=5, ants=30, q0=0.7, beta=2",22048,7643.4,118.95982515118287
tsp,berlin52,P-ACO,"K=5, ants=30, q0=0.7, beta=2",22410,7643.4,118.95982515118287
tsp,berlin52,P-ACO,"K=5, ants=30, q0=0.7, beta=2",22771,7643.4,118.95982515118287
tsp,berlin52,P-ACO,"K=5, ants=30, q0=0.7, beta=2",23133,7643.4,118.95982515118287
tsp,berlin52,P-ACO,"K=5, ants=30, q0=0.7, beta=2",23494,7643.4,118.95982515118287
tsp,berlin52,P-ACO,"K=5, ants=30, q0=0.7, beta=2",23855,7643.4,118.95982515118287
tsp,berlin52,P-ACO,"K=5, ants=30, q0=0.7, beta=2",24217,7643.066666666667,119.23616155438009
tsp,berlin52,P-ACO,"K=5, ants=30, q0=0.7, beta=2",24578,7640.466666666666,119.0892475788175
tsp,berlin52,P-ACO,"K=5, ants=30, q0=0.7, beta=2",24940,7634.666666666667,121.53554578348215
tsp,berlin52,P-ACO,"K=5, ants=30, q0=0.7, beta=2",25301,7634.666666666667,121.53554578348215
tsp,berlin52,P-ACO,"K=5, ants=30, q0=0.7, beta=2",25663,7634.666666666667,121.53554578348215
tsp,berlin52,P-ACO,"K=5, ants=30, q0=0.7, beta=2",26024,7634.666666666667,121.53554578348215
tsp,berlin52,P-ACO,"K=5, ants=30, q0=0.7, beta=2",26386,7634.666666666667,121.53554578348215
tsp,berlin52,P-ACO,"K=5, ants=30, q0=0.7, beta=2",26747,7634.666666666667,121.53554578348215
tsp,berlin52,P-ACO,"K=5, ants=30, q0=0.7, beta=2",27108,7634.533333333334,121.30230372457437
tsp,berlin52,P-ACO,"K=5, ants=30, q0=0.7, beta=2",27470,7634.533333333334,121.30230372457437
tsp,berlin52,P-ACO,"K=5, ants=30, q0=0.7, beta=2",27831,7634.533333333334,121.30230372457437
tsp,berlin52,P-ACO,"K=5, ants=30, q0=0.7, beta=2",28193,7634.533333333334,121.30230372457437
tsp,berlin52,P-ACO,"K=5, ants=30, q0=0.7, beta=2",28554,7634.533333333334,121.30230372457437
tsp,berlin52,P-ACO,"K=5, ants=30, q0=0.7, beta=2",28916,7634.533333333334,121.30230372457437
tsp,berlin52,P-ACO,"K=5, ants=30, q0=0.7, beta=2",29277,7625.8,109.9473813542945
tsp,berlin52,P-ACO,"K=5, ants=30, q0=0.7, beta=2",29639,7625.8,109.9473813542945
tsp,berlin52,P-ACO,"K=5, ants=30, q0=0.7, beta=2",30000,7625.8,109.9473813542945
tsp,berlin52,P-ACO,"K=5, ants=30, q0=0.7, beta=2",30361,7625.8,109.9473813542945
tsp,berlin52,P-ACO,"K=5, ants=30, q0=0.7, beta=2",30723,7625.8,109.9473813542945
tsp,berlin52,P-ACO,"K=5, ants=30, q0=0.7, beta=2",31084,7625.8,109.9473813542945
tsp,berlin52,P-ACO,"K=5, ants=30, q0=0.7, beta=2",31446,7625.8,109.9473813542945
tsp,berlin52,P-ACO,"K=5, ants=30, q0=0.7, beta=2",31807,7625.8,109.9473813542945
tsp,berlin52,P-ACO,"K=5, ants=30, q0=0.7, beta=2",32169,7625.8,109.9473813542945
tsp,berlin52,P-ACO,"K=5, ants=30, q0=0.7, beta=2",32530,7625.8,109.9473813542945
tsp,berlin52,P-ACO,"K=5, ants=30, q0=0.7, beta=2",32892,7625.8,109.9473813542945
tsp,berlin52,P-ACO,"K=5, ants=30, q0=0.7, beta=2",33253,7625.8,109.9473813542945
tsp,berlin52,P-ACO,"K=5, ants=30, q0=0.7, beta=2",33614,7625.8,109.9473813542945
tsp,berlin52,P-ACO,"K=5, ants=30, q0=0.7, beta=2",33976,7625.8,109.9473813542945
tsp,berlin52,P-ACO,"K=5, ants=30, q0=0.7, beta=2",34337,7625.8,109.9473813542945
tsp,berlin52,P-ACO,"K=5, ants=30, q0=0.7, beta=2",34699,7625.8,109.9473813542945
tsp,berlin52,P-ACO,"K=5, ants=30, q0=0.7, beta=2",35060,7625.8,109.9473813542945
tsp,berlin52,P-ACO,"K=5, ants=30, q0=0.7, beta=2",35422,7625.8,109.9473813542945
tsp,berlin52,P-ACO,"K=5, ants=30, q0=0.7, beta=2",35783,7625.8,109.9473813542945
tsp,berlin52,P-ACO,"K=5, ants=30, q0=0.7, beta=2",36145,7625.8,109.9473813542945
tsp,berlin52,P-ACO,"K=5, ants=30, q0=0.7, beta=2",36506,7625.8,109.9473813542945
tsp,berlin52,P-ACO,"K=5, ants=30, q0=0.7, beta=2",36867,7625.8,109.9473813542945
tsp,berlin52,P-ACO,"K=5, ants=30, q0=0.7, beta=2",37229,7625.8,109.9473813542945
tsp,berlin52,P-ACO,"K=5, ants=30, q0=0.7, beta=2",37590,7624.866666666667,108.394259790616
tsp,berlin52,P-ACO,"K=5, ants=30, q0=0.7, beta=2",37952,7624.866666666667,108.394259790616
tsp,berlin52,P-ACO,"K=5, ants=30, q0=0.7, beta=2",38313,7624.866666666667,108.394259790616
tsp,berlin52,P-ACO,"K=5, ants=30, q0=0.7, beta=2",38675,7624.866666666667,108.394259790616
tsp,berlin52,P-ACO,"K=5, ants=30, q0=0.7, beta=2",39036,7624.866666666667,108.394259790616
tsp,berlin52,P-ACO,"K=5, ants=30, q0=0.7, beta=2",39398,7624.8,108.44488615574886
tsp,berlin52,P-ACO,"K=5, ants=30, q0=0.7, beta=2",39759,7624.8,108.44488615574886
tsp,berlin52,P-ACO,"K=5, ants=30, q0=0.7, beta=2",40120,7624.8,108.44488615574886
tsp,berlin52,P-ACO,"K=5, ants=30, q0=0.7, beta=2",40482,7624.8,108.44488615574886
tsp,berlin52,P-ACO,"K=5, ants=30, q0=0.7, beta=2",40843,7624.8,108.44488615574886
tsp,berlin52,P-ACO,"K=5, ants=30, q0=0.7, beta=2",41205,7617.133333333333,109.9520299443757
tsp,berlin52,P-ACO,"K=5, ants=30, q0=0.7, beta=2",41566,7617.133333333333,109.9520299443757
tsp,berlin52,P-ACO,"K=5, ants=30, q0=0.7, beta=2",41928,7617.133333333333,109.9520299443757
tsp,berlin52,P-ACO,"K=5, ants=30, q0=0.7, beta=2",42289,7617.133333333333,109.9520299443757
tsp,berlin52,P-ACO,"K=5, ants=30, q0=0.7, beta=2",42651,7617.133333333333,109.9520299443757
tsp,berlin52,P-ACO,"K=5, ants=30, q0=0.7, beta=2",43012,7617.133333333333,109.9520299443757
tsp,berlin52,P-ACO,"K=5, ants=30, q0=0.7, beta=2",43373,7617.133333333333,109.9520299443757
tsp,berlin52,P-ACO,"K=5, ants=30, q0=0.7, beta=2",43735,7617.133333333333,109.9520299443757
tsp,berlin52,P-ACO,"K=5, ants=30, q0=0.7, beta=2",44096,7617.133333333333,109.9520299443757
tsp,berlin52,P-ACO,"K=5, ants=30, q0=0.7, beta=2",44458,7617.133333333333,109.9520299443757
tsp,berlin52,P-ACO,"K=5, ants=30, q0=0.7, beta=2",44819,7617.133333333333,109.9520299443757
tsp,berlin52,P-ACO,"K=5, ants=30, q0=0.7, beta=2",45181,7617.133333333333,109.9520299443757
tsp,berlin52,P-ACO,"K=5, ants=30, q0=0.7, beta=2",45542,7617.133333333333,109.9520299443757
tsp,berlin52,P-ACO,"K=5, ants=30, q0=0.7, beta=2",45904,7617.133333333333,109.9520299443757
tsp,berlin52,P-ACO,"K=5, ants=30, q0=0.7, beta=2",46265,7617.133333333333,109.9520299443757
tsp,berlin52,P-ACO,"K=5, ants=30, q0=0.7, beta=2",46627,7617.133333333333,109.9520299443757
tsp,berlin52,P-ACO,"K=5, ants=30, q0=0.7, beta=2",46988,7617.133333333333,109.9520299443757
tsp,berlin52,P-ACO,"K=5, ants=30, q0=0.7, beta=2",47349,7617.133333333333,109.9520299443757
tsp,berlin52,P-ACO,"K=5, ants=30, q0=0.7, beta=2",47711,7617.133333333333,109.9520299443757
tsp,berlin52,P-ACO,"K=5, ants=30, q0=0.7, beta=2",48072,7617.133333333333,109.9520299443757
tsp,berlin52,P-ACO,"K=5, ants=30, q0=0.7, beta=2",48434,7617.133333333333,109.9520299443757
tsp,berlin52,P-ACO,"K=5, ants=30, q0=0.7, beta=2",48795,7617.133333333333,109.9520299443757
tsp,berlin52,P-ACO,"K=5, ants=30, q0=0.7, beta=2",49157,7617.133333333333,109.9520299443757
tsp,berlin52,P-ACO,"K=5, ants=30, q0=0.7, beta=2",49518,7617.133333333333,109.9520299443757
tsp,berlin52,P-ACO,"K=5, ants=30, q0=0.7, beta=2",49880,7617.133333333333,109.9520299443757
tsp,berlin52,P-ACO,"K=5, ants=30, q0=0.7, beta=2",50241,7617.133333333333,109.9520299443757
tsp,berlin52,P-ACO,"K=5, ants=30, q0=0.7, beta=2",50602,7617.133333333333,109.9520299443757
tsp,berlin52,P-ACO,"K=5, ants=30, q0=0.7, beta=2",50964,7617.133333333333,109.9520299443757
tsp,berlin52,P-ACO,"K=5, ants=30, q0=0.7, beta=2",51325,7617.133333333333,109.9520299443757
tsp,berlin52,P-ACO,"K=5, ants=30, q0=0.7, beta=2",51687,7617.133333333333,109.9520299443757
tsp,berlin52,P-ACO,"K=5, ants=30, q0=0.7, beta=2",52048,7617.133333333333,109.9520299443757
tsp,berlin52,P-ACO,"K=5, ants=30, q0=0.7, beta=2",52410,7617.133333333333,109.9520299443757
tsp,berlin52,P-ACO,"K=5, ants=30, q0=0.7, beta=2",52771,7616.533333333334,108.9726979058924
tsp,berlin52,P-ACO,"K=5, ants=30, q0=0.7, beta=2",53133,7616.533333333334,108.9726979058924
tsp,berlin52,P-ACO,"K=5, ants=30, q0=0.7, beta=2",53494,7616.533333333334,108.9726979058924
tsp,berlin52,P-ACO,"K=5, ants=30, q0=0.7, beta=2",53855,7616.533333333334,108.9726979058924
tsp,berlin52,P-ACO,"K=5, ants=30, q0=0.7, beta=2",54217,7616.533333333334,108.9726979058924
tsp,berlin52,P-ACO,"K=5, ants=30, q0=0.7, beta=2",54578,7616.533333333334,108.9726979058924
tsp,berlin52,P-ACO,"K=5, ants=30, q0=0.7, beta=2",54940,7616.533333333334,108.9726979058924
tsp,berlin52,P-ACO,"K=5, ants=30, q0=0.7, beta=2",55301,7616.533333333334,108.9726979058924
tsp,berlin52,P-ACO,"K=5, ants=30, q0=0.7, beta=2",55663,7616.533333333334,108.9726979058924
tsp,berlin52,P-ACO,"K=5, ants=30, q0=0.7, beta=2",56024,7616.533333333334,108.9726979058924
tsp,berlin52,P-ACO,"K=5, ants=30, q0=0.7, beta=2",56386,7616.533333333334,108.9726979058924
tsp,berlin52,P-ACO,"K=5, ants=30, q0=0.7, beta=2",56747,7616.533333333334,108.9726979058924
tsp,berlin52,P-ACO,"K=5, ants=30, q0=0.7, beta=2",57108,7616.533333333334,108.9726979058924
tsp,berlin52,P-ACO,"K=5, ants=30, q0=0.7, beta=2",57470,7616.533333333334,108.9726979058924
tsp,berlin52,P-ACO,"K=5, ants=30, q0=0.7, beta=2",57831,7613.026506024096,104.03638630463855
tsp,berlin52,P-ACO,"K=5, ants=30, q0=0.7, beta=2",58193,7611.6,102.44204865841631
tsp,berlin52,P-ACO,"K=5, ants=30, q0=0.7, beta=2",58554,7608.533333333334,99.89785894713769
tsp,berlin52,P-ACO,"K=5, ants=30, q0=0.7, beta=2",58916,7608.533333333334,99.89785894713769
tsp,berlin52,P-ACO,"K=5, ants=30, q0=0.7, beta=2",59277,7608.533333333334,99.89785894713769
tsp,berlin52,P-ACO,"K=5, ants=30, q0=0.7, beta=2",59639,7608.533333333334,99.89785894713769
tsp,berlin52,P-ACO,"K=5, ants=30, q0=0.7, beta=2",60000,7608.533333333334,99.89785894713769
tsp,berlin52,P-ACO,"K=5, ants=30, q0=0.7, beta=2",60361,7608.533333333334,99.89785894713769
tsp,berlin52,P-ACO,"K=5, ants=30, q0=0.7, beta=2",60723,7608.533333333334,99.89785894713769
tsp,berlin52,P-ACO,"K=5, ants=30, q0=0.7, beta=2",61084,7608.533333333334,99.89785894713769
tsp,berlin52,P-ACO,"K=5, ants=30, q0=0.7, beta=2",61446,7608.533333333334,99.89785894713769
tsp,berlin52,P-ACO,"K=5, ants=30, q0=0.7, beta=2",61807,7608.533333333334,99.89785894713769
tsp,berlin52,P-ACO,"K=5, ants=30, q0=0.7, beta=2",62169,7608.533333333334,99.89785894713769
tsp,berlin52,P-ACO,"K=5, ants=30, q0=0.7, beta=2",62530,7608.533333333334,99.89785894713769
tsp,berlin52,P-ACO,"K=5, ants=30, q0=0.7, beta=2",62892,7608.533333333334,99.89785894713769
tsp,berlin52,P-ACO,"K=5, ants=30, q0=0.7, beta=2",63253,7608.2,99.08662876493477
tsp,berlin52,P-ACO,"K=5, ants=30, q0=0.7, beta=2",63614,7608.2,99.08662876493477
tsp,berlin52,P-ACO,"K=5, ants=30, q0=0.7, beta=2",63976,7607.866666666667,99.3001286784441
tsp,berlin52,P-ACO,"K=5, ants=30, q0=0.7, beta=2",64337,7607.866666666667,99.3001286784441
tsp,berlin52,P-ACO,"K=5, ants=30, q0=0.7, beta=2",64699,7607.866666666667,99.3001286784441
tsp,berlin52,P-ACO,"K=5, ants=30, q0=0.7, beta=2",65060,7607.866666666667,99.3001286784441
tsp,berlin52,P-ACO,"K=5, ants=30, q0=0.7, beta=2",65422,7607.866666666667,99.3001286784441
tsp,berlin52,P-ACO,"K=5, ants=30, q0=0.7, beta=2",65783,7607.866666666667,99.3001286784441
tsp,berlin52,P-ACO,"K=5, ants=30, q0=0.7, beta=2",66145,7607.866666666667,99.3001286784441
tsp,berlin52,P-ACO,"K=5, ants=30, q0=0.7, beta=2",66506,7607.866666666667,99.3001286784441
tsp,berlin52,P-ACO,"K=5, ants=30, q0=0.7, beta=2",66867,7607.866666666667,99.3001286784441
tsp,berlin52,P-ACO,"K=5, ants=30, q0=0.7, beta=2",67229,7606.933333333333,98.76670604116661
tsp,berlin52,P-ACO,"K=5, ants=30, q0=0.7, beta=2",67590,7606.933333333333,98.76670604116661
tsp,berlin52,P-ACO,"K=5, ants=30, q0=0.7, beta=2",67952,7606.933333333333,98.76670604116661
tsp,berlin52,P-ACO,"K=5, ants=30, q0=0.7, beta=2",68313,7606.933333333333,98.76670604116661
tsp,berlin52,P-ACO,"K=5, ants=30, q0=0.7, beta=2",68675,7606.933333333333,98.76670604116661
tsp,berlin52,P-ACO,"K=5, ants=30, q0=0.7, beta=2",69036,7606.933333333333,98.76670604116661
tsp,berlin52,P-ACO,"K=5, ants=30, q0=0.7, beta=2",69398,7606.933333333333,98.76670604116661
tsp,berlin52,P-ACO,"K=5, ants=30, q0=0.7, beta=2",69759,7606.933333333333,98.76670604116661
tsp,berlin52,P-ACO,"K=5, ants=30, q0=0.7, beta=2",70120,7606.933333333333,98.76670604116661
tsp,berlin52,P-ACO,"K=5, ants=30, q0=0.7, beta=2",70482,7606.933333333333,98.76670604116661
tsp,berlin52,P-ACO,"K=5, ants=30, q0=0.7, beta=2",70843,7606.933333333333,98.76670604116661
tsp,berlin52,P-ACO,"K=5, ants=30, q0=0.7, beta=2",71205,7606.933333333333,98.76670604116661
tsp,berlin52,P-ACO,"K=5, ants=30, q0=0.7, beta=2",71566,7606.933333333333,98.76670604116661
tsp,berlin52,P-ACO,"K=5, ants=30, q0=0.7, beta=2",71928,7606.933333333333,98.76670604116661
tsp,berlin52,P-ACO,"K=5, ants=30, q0=0.7, beta=2",72289,7606.933333333333,98.76670604116661
tsp,berlin52,P-ACO,"K=5, ants=30, q0=0.7, beta=2",72651,7606.933333333333,98.76670604116661
tsp,berlin52,P-ACO,"K=5, ants=30, q0=0.7, beta=2",73012,7606.933333333333,98.76670604116661
tsp,berlin52,P-ACO,"K=5, ants=30, q0=0.7, beta=2",73373,7606.933333333333,98.76670604116661
tsp,berlin52,P-ACO,"K=5, ants=30, q0=0.7, beta=2",73735,7606.933333333333,98.76670604116661
tsp,berlin52,P-ACO,"K=5, ants=30, q0=0.7, beta=2",74096,7606.933333333333,98.76670604116661
tsp,berlin52,P-ACO,"K=5, ants=30, q0=0.7, beta=2",74458,7606.933333333333,98.76670604116661
tsp,berlin52,P-ACO,"K=5, ants=30, q0=0.7, beta=2",74819,7606.933333333333,98.76670604116661
tsp,berlin52,P-ACO,"K=5, ants=30, q0=0.7, beta=2",75181,7606.933333333333,98.76670604116661
tsp,berlin52,P-ACO,"K=5, ants=30, q0=0.7, beta=2",75542,7606.933333333333,98.76670604116661
tsp,berlin52,P-ACO,"K=5, ants=30, q0=0.7, beta=2",75904,7606.933333333333,98.76670604116661
tsp,berlin52,P-ACO,"K=5, ants=30, q0=0.7, beta=2",76265,7606.933333333333,98.76670604116661
tsp,berlin52,P-ACO,"K=5, ants=30, q0=0.7, beta=2",76627,7606.933333333333,98.76670604116661
tsp,berlin52,P-ACO,"K=5, ants=30, q0=0.7, beta=2",76988,7606.933333333333,98.76670604116661
tsp,berlin52,P-ACO,"K=5, ants=30, q0=0.7, beta=2",77349,7606.933333333333,98.76670604116661
tsp,berlin52,P-ACO,"K=5, ants=30, q0=0.7, beta=2",77711,7606.933333333333,98.76670604116661
tsp,berlin52,P-ACO,"K=5, ants=30, q0=0.7, beta=2",78072,7606.933333333333,98.76670604116661
tsp,berlin52,P-ACO,"K=5, ants=30, q0=0.7, beta=2",78434,7606.933333333333,98.76670604116661
tsp,berlin52,P-ACO,"K=5, ants=30, q0=0.7, beta=2",78795,7606.933333333333,98.76670604116661
tsp,berlin52,P-ACO,"K=5, ants=30, q0=0.7, beta=2",79157,7606.933333333333,98.76670604116661
tsp,berlin52,P-ACO,"K=5, ants=30, q0=0.7, beta=2",79518,7606.933333333333,98.76670604116661
tsp,berlin52,P-ACO,"K=5, ants=30, q0=0.7, beta=2",79880,7606.933333333333,98.76670604116661
tsp,berlin52,P-ACO,"K=5, ants=30, q0=0.7, beta=2",80241,7606.933333333333,98.76670604116661
tsp,berlin52,P-ACO,"K=5, ants=30, q0=0.7, beta=2",80602,7599.283534136546,99.03602535357315
tsp,berlin52,P-ACO,"K=5, ants=30, q0=0.7, beta=2",80964,7599.266666666666,99.04575822427844
tsp,berlin52,P-ACO,"K=5, ants=30, q0=0.7, beta=2",81325,7599.266666666666,99.04575822427844
tsp,berlin52,P-ACO,"K=5, ants=30, q0=0.7, beta=2",81687,7599.266666666666,99.04575822427844
tsp,berlin52,P-ACO,"K=5, ants=30, q0=0.7, beta=2",82048,7599.266666666666,99.04575822427844
tsp,berlin52,P-ACO,"K=5, ants=30, q0=0.7, beta=2",82410,7599.266666666666,99.04575822427844
tsp,berlin52,P-ACO,"K=5, ants=30, q0=0.7, beta=2",82771,7599.266666666666,99.04575822427844
tsp,berlin52,P-ACO,"K=5, ants=30, q0=0.7, beta=2",83133,7599.266666666666,99.04575822427844
tsp,berlin52,P-ACO,"K=5, ants=30, q0=0.7, beta=2",83494,7599.266666666666,99.04575822427844
tsp,berlin52,P-ACO,"K=5, ants=30, q0=0.7, beta=2",83855,7599.266666666666,99.04575822427844
tsp,berlin52,P-ACO,"K=5, ants=30, q0=0.7, beta=2",84217,7599.266666666666,99.04575822427844
tsp,berlin52,P-ACO,"K=5, ants=30, q0=0.7, beta=2",84578,7599.266666666666,99.04575822427844
tsp,berlin52,P-ACO,"K=5, ants=30, q0=0.7, beta=2",84940,7599.266666666666,99.04575822427844
tsp,berlin52,P-ACO,"K=5, ants=30, q0=0.7, beta=2",85301,7599.266666666666,99.04575822427844
tsp,berlin52,P-ACO,"K=5, ants=30, q0=0.7, beta=2",85663,7599.266666666666,99.04575822427844
tsp,berlin52,P-ACO,"K=5, ants=30, q0=0.7, beta=2",86024,7599.266666666666,99.04575822427844
tsp,berlin52,P-ACO,"K=5, ants=30, q0=0.7, beta=2",86386,7599.266666666666,99.04575822427844
tsp,berlin52,P-ACO,"K=5, ants=30, q0=0.7, beta=2",86747,7599.266666666666,99.04575822427844
tsp,berlin52,P-ACO,"K=5, ants=30, q0=0.7, beta=2",87108,7599.266666666666,99.04575822427844
tsp,berlin52,P-ACO,"K=5, ants=30, q0=0.7, beta=2",87470,7599.266666666666,99.04575822427844
tsp,berlin52,P-ACO,"K=5, ants=30, q0=0.7, beta=2",87831,7599.266666666666,99.04575822427844
tsp,berlin52,P-ACO,"K=5, ants=30, q0=0.7, beta=2",88193,7599.266666666666,99.04575822427844
tsp,berlin52,P-ACO,"K=5, ants=30, q0=0.7, beta=2",88554,7599.266666666666,99.04575822427844
tsp,berlin52,P-ACO,"K=5, ants=30, q0=0.7, beta=2",88916,7599.266666666666,99.04575822427844
tsp,berlin52,P-ACO,"K=5, ants=30, q0=0.7, beta=2",89277,7599.266666666666,99.04575822427844
tsp,berlin52,P-ACO,"K=5, ants=30, q0=0.7, beta=2",89639,7599.266666666666,99.04575822427844
tsp,berlin52,P-ACO,"K=5, ants=30, q0=0.7, beta=2",90000,7599.266666666666,99.04575822427844
tsp,berlin52,P-ACO,"K=5, ants=30, q0=0.7, beta=3",0,9128.866666666667,265.7201200929697
tsp,berlin52,P-ACO,"K=5, ants=30, q0=0.7, beta=3",361,8002.407228915663,168.1343565607551
tsp,berlin52,P-ACO,"K=5, ants=30, q0=0.7, beta=3",723,7914.820080321285,185.56853640768045
tsp,berlin52,P-ACO,"K=5, ants=30, q0=0.7, beta=3",1084,7854.53654618474,146.83085309846234
tsp,berlin52,P-ACO,"K=5, ants=30, q0=0.7, beta=3",1446,7821.333333333333,132.66281401441108
tsp,berlin52,P-ACO,"K=5, ants=30, q0=0.7, beta=3",1807,7796.6,152.14195126043748
tsp,berlin52,P-ACO,"K=5, ants=30, q0=0.7, beta=3",2169,7789.533333333334,152.55725336920418
tsp,berlin52,P-ACO,"K=5, ants=30, q0=0.7, beta=3",2530,7774.666666666667,156.5471884839272
tsp,berlin52,P-ACO,"K=5, ants=30, q0=0.7, beta=3",2892,7770.133333333333,157.31025254431304
tsp,berlin52,P-ACO,"K=5, ants=30, q0=0.7, beta=3",3253,7761.220883534136,157.0268449706958
tsp,berlin52,P-ACO,"K=5, ants=30, q0=0.7, beta=3",3614,7749.762248995984,156.40932613285514
tsp,berlin52,P-ACO,"K=5, ants=30, q0=0.7, beta=3",3976,7746.466666666666,157.3911758079919
tsp,berlin52,P-ACO,"K=5, ants=30, q0=0.7, beta=3",4337,7740.066666666667,159.43837541682225
tsp,berlin52,P-ACO,"K=5, ants=30, q0=0.7, beta=3",4699,7737.933333333333,161.08898851945847
tsp,berlin52,P-ACO,"K=5, ants=30, q0=0.7, beta=3",5060,7733.666666666667,154.57799182146064
tsp,berlin52,P-ACO,"K=5, ants=30, q0=0.7, beta=3",5422,7730.4,157.93407907520572
tsp,berlin52,P-ACO,"K=5, ants=30, q0=0.7, beta=3",5783,7730.4,157.93407907520572
tsp,berlin52,P-ACO,"K=5, ants=30, q0=0.7, beta=3",6145,7729.4602409638555,159.03284511607183
tsp,berlin52,P-ACO,"K=5, ants=30, q0=0.7, beta=3",6506,7728.533333333334,158.23310511885796
tsp,berlin52,P-ACO,"K=5, ants=30, q0=0.7, beta=3",6867,7719.866666666667,150.83627621438492
tsp,berlin52,P-ACO,"K=5, ants=30, q0=0.7, beta=3",7229,7715.733333333334,154.337062589933
tsp,berlin52,P-ACO,"K=5, ants=30, q0=0.7, beta=3",7590,7714.066666666667,153.82997829494164
tsp,berlin52,P-ACO,"K=5, ants=30, q0=0.7, beta=3",7952,7710.533333333334,152.9539654783607
tsp,berlin52,P-ACO,"K=5, ants=30, q0=0.7, beta=3",8313,7710.533333333334,152.9539654783607
tsp,berlin52,P-ACO,"K=5, ants=30, q0=0.7, beta=3",8675,7709.533333333334,152.57779072401797
tsp,berlin52,P-ACO,"K=5, ants=30, q0=0.7, beta=3",9036,7706.533333333334,151.99730991771605
tsp,berlin52,P-ACO,"K=5, ants=30, q0=0.7, beta=3",9398,7706.533333333334,151.99730991771605
tsp,berlin52,P-ACO,"K=5, ants=30, q0=0.7, beta=3",9759,7706.533333333334,151.99730991771605
tsp,berlin52,P-ACO,"K=5, ants=30, q0=0.7, beta=3",10120,7705.533333333334,150.34044329084867
tsp,berlin52,P-ACO,"K=5, ants=30, q0=0.7, beta=3",10482,7705.533333333334,150.34044329084867
tsp,berlin52,P-ACO,"K=5, ants=30, q0=0.7, beta=3",10843,7704.293975903614,150.06162143243628
tsp,berlin52,P-ACO,"K=5, ants=30, q0=0.7, beta=3",11205,7703.333333333333,149.94384133920124
tsp,berlin52,P-ACO,"K=5, ants=30, q0=0.7, beta=3",11566,7703.333333333333,149.94384133920124
tsp,berlin52,P-ACO,"K=5, ants=30, q0=0.7, beta=3",11928,7703.333333333333,149.94384133920124
tsp,berlin52,P-ACO,"K=5, ants=30, q0=0.7, beta=3",12289,7703.333333333333,149.94384133920124
tsp,berlin52,P-ACO,"K=5, ants=30, q0=0.7, beta=3",12651,7700.1718875502,148.51306103258864
tsp,berlin52,P-ACO,"K=5, ants=30, q0=0.7, beta=3",13012,7698.133333333333,148.08505063720045
tsp,berlin52,P-ACO,"K=5, ants=30, q0=0.7, beta=3",13373,7698.133333333333,148.08505063720045
tsp,berlin52,P-ACO,"K=5, ants=30, q0=0.7, beta=3",13735,7697.8,148.43009578024711
tsp,berlin52,P-ACO,"K=5, ants=30, q0=0.7, beta=3",14096,7697.8,148.43009578024711
tsp,berlin52,P-ACO,"K=5, ants=30, q0=0.7, beta=3",14458,7697.8,148.43009578024711
tsp,berlin52,P-ACO,"K=5, ants=30, q0=0.7, beta=3",14819,7697.8,148.43009578024711
tsp,berlin52,P-ACO,"K=5, ants=30, q0=0.7, beta=3",15181,7697.8,148.43009578024711
tsp,berlin52,P-ACO,"K=5, ants=30, q0=0.7, beta=3",15542,7696.466666666666,146.2412922383947
tsp,berlin52,P-ACO,"K=5, ants=30, q0=0.7, beta=3",15904,7696.466666666666,146.2412922383947
tsp,berlin52,P-ACO,"K=5, ants=30, q0=0.7, beta=3",16265,7696.466666666666,146.2412922383947
tsp,berlin52,P-ACO,"K=5, ants=30, q0=0.7, beta=3",16627,7696.466666666666,146.2412922383947
tsp,berlin52,P-ACO,"K=5, ants=30, q0=0.7, beta=3",16988,7696.466666666666,146.2412922383947
tsp,berlin52,P-ACO,"K=5, ants=30, q0=0.7, beta=3",17349,7692.733333333334,141.65990572102217
tsp,berlin52,P-ACO,"K=5, ants=30, q0=0.7, beta=3",17711,7692.733333333334,141.65990572102217
tsp,berlin52,P-ACO,"K=5, ants=30, q0=0.7, beta=3",18072,7692.733333333334,141.65990572102217
tsp,berlin52,P-ACO,"K=5, ants=30, q0=0.7, beta=3",18434,7692.733333333334,141.65990572102217
tsp,berlin52,P-ACO,"K=5, ants=30, q0=0.7, beta=3",18795,7692.733333333334,141.65990572102217
tsp,berlin52,P-ACO,"K=5, ants=30, q0=0.7, beta=3",19157,7689.933333333333,138.01423437054922
tsp,berlin52,P-ACO,"K=5, ants=30, q0=0.7, beta=3",19518,7689.933333333333,138.01423437054922
tsp,berlin52,P-ACO,"K=5, ants=30, q0=0.7, beta=3",19880,7689.933333333333,138.01423437054922
tsp,berlin52,P-ACO,"K=5, ants=30, q0=0.7, beta=3",20241,7689.933333333333,138.01423437054922
tsp,berlin52,P-ACO,"K=5, ants=30, q0=0.7, beta=3",20602,7689.933333333333,138.01423437054922
tsp,berlin52,P-ACO,"K=5, ants=30, q0=0.7, beta=3",20964,7689.933333333333,138.01423437054922
tsp,berlin52,P-ACO,"K=5, ants=30, q0=0.7, beta=3",21325,7689.933333333333,138.01423437054922
tsp,berlin52,P-ACO,"K=5, ants=30, q0=0.7, beta=3",21687,7689.933333333333,138.01423437054922
tsp,berlin52,P-ACO,"K=5, ants=30, q0=0.7, beta=3",22048,7689.933333333333,138.01423437054922
tsp,berlin52,P-ACO,"K=5, ants=30, q0=0.7, beta=3",22410,7689.933333333333,138.01423437054922
tsp,berlin52,P-ACO,"K=5, ants=30, q0=0.7, beta=3",22771,7689.933333333333,138.01423437054922
tsp,berlin52,P-ACO,"K=5, ants=30, q0=0.7, beta=3",23133,7689.6,137.35637347183177
tsp,berlin52,P-ACO,"K=5, ants=30, q0=0.7, beta=3",23494,7689.6,137.35637347183177
tsp,berlin52,P-ACO,"K=5, ants=30, q0=0.7, beta=3",23855,7688.6,135.43254163358722
tsp,berlin52,P-ACO,"K=5, ants=30, q0=0.7, beta=3",24217,7688.6,135.43254163358722
tsp,berlin52,P-ACO,"K=5, ants=30, q0=0.7, beta=3",24578,7687.2,134.7942629837536
tsp,berlin52,P-ACO,"K=5, ants=30, q0=0.7, beta=3",24940,7685.6,134.31147878470156
tsp,berlin52,P-ACO,"K=5, ants=30, q0=0.7, beta=3",25301,7685.6,134.31147878470156
tsp,berlin52,P-ACO,"K=5, ants=30, q0=0.7, beta=3",25663,7685.6,134.31147878470156
tsp,berlin52,P-ACO,"K=5, ants=30, q0=0.7, beta=3",26024,7685.6,134.31147878470156
tsp,berlin52,P-ACO,"K=5, ants=30, q0=0.7, beta=3",26386,7685.6,134.31147878470156
tsp,berlin52,P-ACO,"K=5, ants=30, q0=0.7, beta=3",26747,7685.6,134.31147878470156
tsp,berlin52,P-ACO,"K=5, ants=30, q0=0.7, beta=3",27108,7685.6,134.31147878470156
tsp,berlin52,P-ACO,"K=5, ants=30, q0=0.7, beta=3",27470,7685.6,134.31147878470156
tsp,berlin52,P-ACO,"K=5, ants=30, q0=0.7, beta=3",27831,7685.6,134.31147878470156
tsp,berlin52,P-ACO,"K=5, ants=30, q0=0.7, beta=3",28193,7685.266666666666,133.9011907672553
tsp,berlin52,P-ACO,"K=5, ants=30, q0=0.7, beta=3",28554,7685.266666666666,133.9011907672553
tsp,berlin52,P-ACO,"K=5, ants=30, q0=0.7, beta=3",28916,7685.266666666666,133.9011907672553
tsp,berlin52,P-ACO,"K=5, ants=30, q0=0.7, beta=3",29277,7682.8,130.49658999376192
tsp,berlin52,P-ACO,"K=5, ants=30, q0=0.7, beta=3",29639,7682.8,130.49658999376192
tsp,berlin52,P-ACO,"K=5, ants=30, q0=0.7, beta=3",30000,7682.8,130.49658999376192
tsp,berlin52,P-ACO,"K=5, ants=30, q0=0.7, beta=3",30361,7682.8,130.49658999376192
tsp,berlin52,P-ACO,"K=5, ants=30, q0=0.7, beta=3",30723,7682.8,130.49658999376192
tsp,berlin52,P-ACO,"K=5, ants=30, q0=0.7, beta=3",31084,7682.8,130.49658999376192
tsp,berlin52,P-ACO,"K=5, ants=30, q0=0.7, beta=3",31446,7682.8,130.49658999376192
tsp,berlin52,P-ACO,"K=5, ants=30, q0=0.7, beta=3",31807,7682.8,130.49658999376192
tsp,berlin52,P-ACO,"K=5, ants=30, q0=0.7, beta=3",32169,7682.8,130.49658999376192
tsp,berlin52,P-ACO,"K=5, ants=30, q0=0.7, beta=3",32530,7682.8,130.49658999376192
tsp,berlin52,P-ACO,"K=5, ants=30, q0=0.7, beta=3",32892,7682.8,130.49658999376192
tsp,berlin52,P-ACO,"K=5, ants=30, q0=0.7, beta=3",33253,7682.8,130.49658999376192
tsp,berlin52,P-ACO,"K=5, ants=30, q0=0.7, beta=3",33614,7682.8,130.49658999376192
tsp,berlin52,P-ACO,"K=5, ants=30, q0=0.7, beta=3",33976,7682.8,130.49658999376192
tsp,berlin52,P-ACO,"K=5, ants=30, q0=0.7, beta=3",34337,7682.8,130.49658999376192
tsp,berlin52,P-ACO,"K=5, ants=30, q0=0.7, beta=3",34699,7682.8,130.49658999376192
tsp,berlin52,P-ACO,"K=5, ants=30, q0=0.7, beta=3",35060,7682.8,130.49658999376192
tsp,berlin52,P-ACO,"K=5, ants=30, q0=0.7, beta=3",35422,7682.8,130.49658999376192
tsp,berlin52,P-ACO,"K=5, ants=30, q0=0.7, beta=3",35783,7682.8,130.49658999376192
tsp,berlin52,P-ACO,"K=5, ants=30, q0=0.7, beta=3",36145,7682.8,130.49658999376192
tsp,berlin52,P-ACO,"K=5, ants=30, q0=0.7, beta=3",36506,7682.8,130.49658999376192
tsp,berlin52,P-ACO,"K=5, ants=30, q0=0.7, beta=3",36867,7682.8,130.49658999376192
tsp,berlin52,P-ACO,"K=5, ants=30, q0=0.7, beta=3",37229,7682.8,130.49658999376192
tsp,berlin52,P-ACO,"K=5, ants=30, q0=0.7, beta=3",37590,7682.8,130.49658999376192
tsp,berlin52,P-ACO,"K=5, ants=30, q0=0.7, beta=3",37952,7682.8,130.49658999376192
tsp,berlin52,P-ACO,"K=5, ants=30, q0=0.7, beta=3",38313,7682.8,130.49658999376192
tsp,berlin52,P-ACO,"K=5, ants=30, q0=0.7, beta=3",38675,7682.8,130.49658999376192
tsp,berlin52,P-ACO,"K=5, ants=30, q0=0.7, beta=3",39036,7682.8,130.49658999376192
tsp,berlin52,P-ACO,"K=5, ants=30, q0=0.7, beta=3",39398,7682.8,130.49658999376192
tsp,berlin52,P-ACO,"K=5, ants=30, q0=0.7, beta=3",39759,7682.8,130.49658999376192
tsp,berlin52,P-ACO,"K=5, ants=30, q0=0.7, beta=3",40120,7682.8,130.49658999376192
tsp,berlin52,P-ACO,"K=5, ants=30, q0=0.7, beta=3",40482,7682.8,130.49658999376192
tsp,berlin52,P-ACO,"K=5, ants=30, q0=0.7, beta=3",40843,7682.8,130.49658999376192
tsp,berlin52,P-ACO,"K=5, ants=30, q0=0.7, beta=3",41205,7682.8,130.49658999376192
tsp,berlin52,P-ACO,"K=5, ants=30, q0=0.7, beta=3",41566,7682.8,130.49658999376192
tsp,berlin52,P-ACO,"K=5, ants=30, q0=0.7, beta=3",41928,7682.8,130.49658999376192
tsp,berlin52,P-ACO,"K=5, ants=30, q0=0.7, beta=3",42289,7682.8,130.49658999376192
tsp,berlin52,P-ACO,"K=5, ants=30, q0=0.7, beta=3",42651,7682.8,130.49658999376192
tsp,berlin52,P-ACO,"K=5, ants=30, q0=0.7, beta=3",43012,7682.8,130.49658999376192
tsp,berlin52,P-ACO,"K=5, ants=30, q0=0.7, beta=3",43373,7682.8,130.49658999376192
tsp,berlin52,P-ACO,"K=5, ants=30, q0=0.7, beta=3",43735,7682.8,130.49658999376192
tsp,berlin52,P-ACO,"K=5, ants=30, q0=0.7, beta=3",44096,7682.8,130.49658999376192
tsp,berlin52,P-ACO,"K=5, ants=30, q0=0.7, beta=3",44458,7682.8,130.49658999376192
tsp,berlin52,P-ACO,"K=5, ants=30, q0=0.7, beta=3",44819,7682.8,130.49658999376192
tsp,berlin52,P-ACO,"K=5, ants=30, q0=0.7, beta=3",45181,7682.8,130.49658999376192
tsp,berlin52,P-ACO,"K=5, ants=30, q0=0.7, beta=3",45542,7682.8,130.49658999376192
tsp,berlin52,P-ACO,"K=5, ants=30, q0=0.7, beta=3",45904,7682.8,130.49658999376192
tsp,berlin52,P-ACO,"K=5, ants=30, q0=0.7, beta=3",46265,7682.8,130.49658999376192
tsp,berlin52,P-ACO,"K=5, ants=30, q0=0.7, beta=3",46627,7682.8,130.49658999376192
tsp,berlin52,P-ACO,"K=5, ants=30, q0=0.7, beta=3",46988,7682.8,130.49658999376192
tsp,berlin52,P-ACO,"K=5, ants=30, q0=0.7, beta=3",47349,7682.8,130.49658999376192
tsp,berlin52,P-ACO,"K=5, ants=30, q0=0.7, beta=3",47711,7682.8,130.49658999376192
tsp,berlin52,P-ACO,"K=5, ants=30, q0=0.7, beta=3",48072,7682.8,130.49658999376192
tsp,berlin52,P-ACO,"K=5, ants=30, q0=0.7, beta=3",48434,7682.8,130.49658999376192
tsp,berlin52,P-ACO,"K=5, ants=30, q0=0.7, beta=3",48795,7682.8,130.49658999376192
tsp,berlin52,P-ACO,"K=5, ants=30, q0=0.7, beta=3",49157,7682.8,130.49658999376192
tsp,berlin52,P-ACO,"K=5, ants=30, q0=0.7, beta=3",49518,7682.8,130.49658999376192
tsp,berlin52,P-ACO,"K=5, ants=30, q0=0.7, beta=3",49880,7682.8,130.49658999376192
tsp,berlin52,P-ACO,"K=5, ants=30, q0=0.7, beta=3",50241,7682.8,130.49658999376192
tsp,berlin52,P-ACO,"K=5, ants=30, q0=0.7, beta=3",50602,7682.8,130.49658999376192
tsp,berlin52,P-ACO,"K=5, ants=30, q0=0.7, beta=3",50964,7682.8,130.49658999376192
tsp,berlin52,P-ACO,"K=5, ants=30, q0=0.7, beta=3",51325,7682.8,130.49658999376192
tsp,berlin52,P-ACO,"K=5, ants=30, q0=0.7, beta=3",51687,7682.8,130.49658999376192
tsp,berlin52,P-ACO,"K=5, ants=30, q0=0.7, beta=3",52048,7682.8,130.49658999376192
tsp,berlin52,P-ACO,"K=5, ants=30, q0=0.7, beta=3",52410,7682.8,130.49658999376192
tsp,berlin52,P-ACO,"K=5, ants=30, q0=0.7, beta=3",52771,7682.8,130.49658999376192
tsp,berlin52,P-ACO,"K=5, ants=30, q0=0.7, beta=3",53133,7682.8,130.49658999376192
tsp,berlin52,P-ACO,"K=5, ants=30, q0=0.7, beta=3",53494,7682.8,130.49658999376192
tsp,berlin52,P-ACO,"K=5, ants=30, q0=0.7, beta=3",53855,7682.8,130.49658999376192
tsp,berlin52,P-ACO,"K=5, ants=30, q0=0.7, beta=3",54217,7682.8,130.49658999376192
tsp,berlin52,P-ACO,"K=5, ants=30, q0=0.7, beta=3",54578,7682.8,130.49658999376192
tsp,berlin52,P-ACO,"K=5, ants=30, q0=0.7, beta=3",54940,7682.8,130.49658999376192
tsp,berlin52,P-ACO,"K=5, ants=30, q0=0.7, beta=3",55301,7682.8,130.49658999376192
tsp,berlin52,P-ACO,"K=5, ants=30, q0=0.7, beta=3",55663,7682.8,130.49658999376192
tsp,berlin52,P-ACO,"K=5, ants=30, q0=0.7, beta=3",56024,7682.8,130.49658999376192
tsp,berlin52,P-ACO,"K=5, ants=30, q0=0.7, beta=3",56386,7682.8,130.49658999376192
tsp,berlin52,P-ACO,"K=5, ants=30, q0=0.7, beta=3",56747,7682.8,130.49658999376192
tsp,berlin52,P-ACO,"K=5, ants=30, q0=0.7, beta=3",57108,7682.8,130.49658999376192
tsp,berlin52,P-ACO,"K=5, ants=30, q0=0.7, beta=3",57470,7682.8,130.49658999376192
tsp,berlin52,P-ACO,"K=5, ants=30, q0=0.7, beta=3",57831,7682.8,130.49658999376192
tsp,berlin52,P-ACO,"K=5, ants=30, q0=0.7, beta=3",58193,7682.8,130.49658999376192
tsp,berlin52,P-ACO,"K=5, ants=30, q0=0.7, beta=3",58554,7682.8,130.49658999376192
tsp,berlin52,P-ACO,"K=5, ants=30, q0=0.7, beta=3",58916,7682.8,130.49658999376192
tsp,berlin52,P-ACO,"K=5, ants=30, q0=0.7, beta=3",59277,7682.8,130.49658999376192
tsp,berlin52,P-ACO,"K=5, ants=30, q0=0.7, beta=3",59639,7682.8,130.49658999376192
tsp,berlin52,P-ACO,"K=5, ants=30, q0=0.7, beta=3",60000,7682.8,130.49658999376192
tsp,berlin52,P-ACO,"K=5, ants=30, q0=0.7, beta=3",60361,7682.8,130.49658999376192
tsp,berlin52,P-ACO,"K=5, ants=30, q0=0.7, beta=3",60723,7682.8,130.49658999376192
tsp,berlin52,P-ACO,"K=5, ants=30, q0=0.7, beta=3",61084,7682.8,130.49658999376192
tsp,berlin52,P-ACO,"K=5, ants=30, q0=0.7, beta=3",61446,7682.8,130.49658999376192
tsp,berlin52,P-ACO,"K=5, ants=30, q0=0.7, beta=3",61807,7682.8,130.49658999376192
tsp,berlin52,P-ACO,"K=5, ants=30, q0=0.7, beta=3",62169,7682.8,130.49658999376192
tsp,berlin52,P-ACO,"K=5, ants=30, q0=0.7, beta=3",62530,7682.8,130.49658999376192
tsp,berlin52,P-ACO,"K=5, ants=30, q0=0.7, beta=3",62892,7682.8,130.49658999376192
tsp,berlin52,P-ACO,"K=5, ants=30, q0=0.7, beta=3",63253,7682.8,130.49658999376192
tsp,berlin52,P-ACO,"K=5, ants=30, q0=0.7, beta=3",63614,7682.8,130.49658999376192
tsp,berlin52,P-ACO,"K=5, ants=30, q0=0.7, beta=3",63976,7682.8,130.49658999376192
tsp,berlin52,P-ACO,"K=5, ants=30, q0=0.7, beta=3",64337,7682.8,130.49658999376192
tsp,berlin52,P-ACO,"K=5, ants=30, q0=0.7, beta=3",64699,7682.8,130.49658999376192
tsp,berlin52,P-ACO,"K=5, ants=30, q0=0.7, beta=3",65060,7682.8,130.49658999376192
tsp,berlin52,P-ACO,"K=5, ants=30, q0=0.7, beta=3",65422,7682.8,130.49658999376192
tsp,berlin52,P-ACO,"K=5, ants=30, q0=0.7, beta=3",65783,7682.8,130.49658999376192
tsp,berlin52,P-ACO,"K=5, ants=30, q0=0.7, beta=3",66145,7682.8,130.49658999376192
tsp,berlin52,P-ACO,"K=5, ants=30, q0=0.7, beta=3",66506,7682.8,130.49658999376192
tsp,berlin52,P-ACO,"K=5, ants=30, q0=0.7, beta=3",66867,7682.8,130.49658999376192
tsp,berlin52,P-ACO,"K=5, ants=30, q0=0.7, beta=3",67229,7682.8,130.49658999376192
tsp,berlin52,P-ACO,"K=5, ants=30, q0=0.7, beta=3",67590,7682.8,130.49658999376192
tsp,berlin52,P-ACO,"K=5, ants=30, q0=0.7, beta=3",67952,7682.8,130.49658999376192
tsp,berlin52,P-ACO,"K=5, ants=30, q0=0.7, beta=3",68313,7682.8,130.49658999376192
tsp,berlin52,P-ACO,"K=5, ants=30, q0=0.7, beta=3",68675,7682.8,130.49658999376192
tsp,berlin52,P-ACO,"K=5, ants=30, q0=0.7, beta=3",69036,7682.8,130.49658999376192
tsp,berlin52,P-ACO,"K=5, ants=30, q0=0.7, beta=3",69398,7682.8,130.49658999376192
tsp,berlin52,P-ACO,"K=5, ants=30, q0=0.7, beta=3",69759,7682.8,130.49658999376192
tsp,berlin52,P-ACO,"K=5, ants=30, q0=0.7, beta=3",70120,7682.8,130.49658999376192
tsp,berlin52,P-ACO,"K=5, ants=30, q0=0.7, beta=3",70482,7682.8,130.49658999376192
tsp,berlin52,P-ACO,"K=5, ants=30, q0=0.7, beta=3",70843,7682.8,130.49658999376192
tsp,berlin52,P-ACO,"K=5, ants=30, q0=0.7, beta=3",71205,7682.8,130.49658999376192
tsp,berlin52,P-ACO,"K=5, ants=30, q0=0.7, beta=3",71566,7682.8,130.49658999376192
tsp,berlin52,P-ACO,"K=5, ants=30, q0=0.7, beta=3",71928,7682.8,130.49658999376192
tsp,berlin52,P-ACO,"K=5, ants=30, q0=0.7, beta=3",72289,7682.8,130.49658999376192
tsp,berlin52,P-ACO,"K=5, ants=30, q0=0.7, beta=3",72651,7682.8,130.49658999376192
tsp,berlin52,P-ACO,"K=5, ants=30, q0=0.7, beta=3",73012,7682.8,130.49658999376192
tsp,berlin52,P-ACO,"K=5, ants=30, q0=0.7, beta=3",73373,7682.8,130.49658999376192
tsp,berlin52,P-ACO,"K=5, ants=30, q0=0.7, beta=3",73735,7682.8,130.49658999376192
tsp,berlin52,P-ACO,"K=5, ants=30, q0=0.7, beta=3",74096,7682.8,130.49658999376192
tsp,berlin52,P-ACO,"K=5, ants=30, q0=0.7, beta=3",74458,7682.8,130.49658999376192
tsp,berlin52,P-ACO,"K=5, ants=30, q0=0.7, beta=3",74819,7682.8,130.49658999376192
tsp,berlin52,P-ACO,"K=5, ants=30, q0=0.7, beta=3",75181,7682.8,130.49658999376192
tsp,berlin52,P-ACO,"K=5, ants=30, q0=0.7, beta=3",75542,7682.8,130.49658999376192
tsp,berlin52,P-ACO,"K=5, ants=30, q0=0.7, beta=3",75904,7682.8,130.49658999376192
tsp,berlin52,P-ACO,"K=5, ants=30, q0=0.7, beta=3",76265,7682.8,130.49658999376192
tsp,berlin52,P-ACO,"K=5, ants=30, q0=0.7, beta=3",76627,7682.8,130.49658999376192
tsp,berlin52,P-ACO,"K=5, ants=30, q0=0.7, beta=3",76988,7682.8,130.49658999376192
tsp,berlin52,P-ACO,"K=5, ants=30, q0=0.7, beta=3",77349,7682.8,130.49658999376192
tsp,berlin52,P-ACO,"K=5, ants=30, q0=0.7, beta=3",77711,7682.8,130.49658999376192
tsp,berlin52,P-ACO,"K=5, ants=30, q0=0.7, beta=3",78072,7682.8,130.49658999376192
tsp,berlin52,P-ACO,"K=5, ants=30, q0=0.7, beta=3",78434,7682.8,130.49658999376192
tsp,berlin52,P-ACO,"K=5, ants=30, q0=0.7, beta=3",78795,7682.8,130.49658999376192
tsp,berlin52,P-ACO,"K=5, ants=30, q0=0.7, beta=3",79157,7682.8,130.49658999376192
tsp,berlin52,P-ACO,"K=5, ants=30, q0=0.7, beta=3",79518,7682.8,130.49658999376192
tsp,berlin52,P-ACO,"K=5, ants=30, q0=0.7, beta=3",79880,7682.8,130.49658999376192
tsp,berlin52,P-ACO,"K=5, ants=30, q0=0.7, beta=3",80241,7682.8,130.49658999376192
tsp,berlin52,P-ACO,"K=5, ants=30, q0=0.7, beta=3",80602,7682.8,130.49658999376192
tsp,berlin52,P-ACO,"K=5, ants=30, q0=0.7, beta=3",80964,7682.8,130.49658999376192
tsp,berlin52,P-ACO,"K=5, ants=30, q0=0.7, beta=3",81325,7682.8,130.49658999376192
tsp,berlin52,P-ACO,"K=5, ants=30, q0=0.7, beta=3",81687,7682.8,130.49658999376192
tsp,berlin52,P-ACO,"K=5, ants=30, q0=0.7, beta=3",82048,7682.8,130.49658999376192
tsp,berlin52,P-ACO,"K=5, ants=30, q0=0.7, beta=3",82410,7682.8,130.49658999376192
tsp,berlin52,P-ACO,"K=5, ants=30, q0=0.7, beta=3",82771,7682.8,130.49658999376192
tsp,berlin52,P-ACO,"K=5, ants=30, q0=0.7, beta=3",83133,7682.8,130.49658999376192
tsp,berlin52,P-ACO,"K=5, ants=30, q0=0.7, beta=3",83494,7682.8,130.49658999376192
tsp,berlin52,P-ACO,"K=5, ants=30, q0=0.7, beta=3",83855,7682.8,130.49658999376192
tsp,berlin52,P-ACO,"K=5, ants=30, q0=0.7, beta=3",84217,7682.8,130.49658999376192
tsp,berlin52,P-ACO,"K=5, ants=30, q0=0.7, beta=3",84578,7682.8,130.49658999376192
tsp,berlin52,P-ACO,"K=5, ants=30, q0=0.7, beta=3",84940,7682.8,130.49658999376192
tsp,berlin52,P-ACO,"K=5, ants=30, q0=0.7, beta=3",85301,7682.8,130.49658999376192
tsp,berlin52,P-ACO,"K=5, ants=30, q0=0.7, beta=3",85663,7682.8,130.49658999376192
tsp,berlin52,P-ACO,"K=5, ants=30, q0=0.7, beta=3",86024,7682.8,130.49658999376192
tsp,berlin52,P-ACO,"K=5, ants=30, q0=0.7, beta=3",86386,7682.8,130.49658999376192
tsp,berlin52,P-ACO,"K=5, ants=30, q0=0.7, beta=3",86747,7682.8,130.49658999376192
tsp,berlin52,P-ACO,"K=5, ants=30, q0=0.7, beta=3",87108,7682.8,130.49658999376192
tsp,berlin52,P-ACO,"K=5, ants=30, q0=0.7, beta=3",87470,7682.8,130.49658999376192
tsp,berlin52,P-ACO,"K=5, ants=30, q0=0.7, beta=3",87831,7682.8,130.49658999376192
tsp,berlin52,P-ACO,"K=5, ants=30, q0=0.7, beta=3",88193,7682.8,130.49658999376192
tsp,berlin52,P-ACO,"K=5, ants=30, q0=0.7, beta=3",88554,7682.8,130.49658999376192
tsp,berlin52,P-ACO,"K=5, ants=30, q0=0.7, beta=3",88916,7682.8,130.49658999376192
tsp,berlin52,P-ACO,"K=5, ants=30, q0=0.7, beta=3",89277,7682.8,130.49658999376192
tsp,berlin52,P-ACO,"K=5, ants=30, q0=0.7, beta=3",89639,7682.8,130.49658999376192
tsp,berlin52,P-ACO,"K=5, ants=30, q0=0.7, beta=3",90000,7682.8,130.49658999376192
tsp,berlin52,P-ACO,"K=5, ants=30, q0=0.9, beta=2",0,8555.066666666668,337.69660281909194
tsp,berlin52,P-ACO,"K=5, ants=30, q0=0.9, beta=2",361,8081.5887550200805,257.9491796803263
tsp,berlin52,P-ACO,"K=5, ants=30, q0=0.9, beta=2",723,8018.751807228916,258.4862664539906
tsp,berlin52,P-ACO,"K=5, ants=30, q0=0.9, beta=2",1084,7960.8755020080325,252.57580504585107
tsp,berlin52,P-ACO,"K=5, ants=30, q0=0.9, beta=2",1446,7928.533333333334,249.17888264368543
tsp,berlin52,P-ACO,"K=5, ants=30, q0=0.9, beta=2",1807,7871.495582329317,226.27752192339275
tsp,berlin52,P-ACO,"K=5, ants=30, q0=0.9, beta=2",2169,7835.921285140563,213.78150784971652
tsp,berlin52,P-ACO,"K=5, ants=30, q0=0.9, beta=2",2530,7805.2361445783135,226.29199953396449
tsp,berlin52,P-ACO,"K=5, ants=30, q0=0.9, beta=2",2892,7793.644979919679,227.6626138706646
tsp,berlin52,P-ACO,"K=5, ants=30, q0=0.9, beta=2",3253,7781.266666666666,225.962671450151
tsp,berlin52,P-ACO,"K=5, ants=30, q0=0.9, beta=2",3614,7768.533333333334,206.51807561459495
tsp,berlin52,P-ACO,"K=5, ants=30, q0=0.9, beta=2",3976,7749.003212851406,181.065414924726
tsp,berlin52,P-ACO,"K=5, ants=30, q0=0.9, beta=2",4337,7734.866666666667,178.0175521932848
tsp,berlin52,P-ACO,"K=5, ants=30, q0=0.9, beta=2",4699,7719.333333333333,178.32507725186684
tsp,berlin52,P-ACO,"K=5, ants=30, q0=0.9, beta=2",5060,7712.6,175.2916807305279
tsp,berlin52,P-ACO,"K=5, ants=30, q0=0.9, beta=2",5422,7707.066666666667,172.5021610170596
tsp,berlin52,P-ACO,"K=5, ants=30, q0=0.9, beta=2",5783,7704.6,172.55947766881232
tsp,berlin52,P-ACO,"K=5, ants=30, q0=0.9, beta=2",6145,7700.666666666667,162.27206235893541
tsp,berlin52,P-ACO,"K=5, ants=30, q0=0.9, beta=2",6506,7697.866666666667,162.84179097789635
tsp,berlin52,P-ACO,"K=5, ants=30, q0=0.9, beta=2",6867,7689.8,147.51460944597994
tsp,berlin52,P-ACO,"K=5, ants=30, q0=0.9, beta=2",7229,7684.866666666667,150.6584953536382
tsp,berlin52,P-ACO,"K=5, ants=30, q0=0.9, beta=2",7590,7675.133333333333,153.89037945527616
tsp,berlin52,P-ACO,"K=5, ants=30, q0=0.9, beta=2",7952,7668.866666666667,157.03454680066068
tsp,berlin52,P-ACO,"K=5, ants=30, q0=0.9, beta=2",8313,7663.824096385543,154.32897455089014
tsp,berlin52,P-ACO,"K=5, ants=30, q0=0.9, beta=2",8675,7649.266666666666,156.667574465455
tsp,berlin52,P-ACO,"K=5, ants=30, q0=0.9, beta=2",9036,7649.266666666666,156.667574465455
tsp,berlin52,P-ACO,"K=5, ants=30, q0=0.9, beta=2",9398,7645.466666666666,158.5210255945739
tsp,berlin52,P-ACO,"K=5, ants=30, q0=0.9, beta=2",9759,7645.446586345382,158.48740395165578
tsp,berlin52,P-ACO,"K=5, ants=30, q0=0.9, beta=2",10120,7644.4,156.77491295909985
tsp,berlin52,P-ACO,"K=5, ants=30, q0=0.9, beta=2",10482,7644.4,156.77491295909985
tsp,berlin52,P-ACO,"K=5, ants=30, q0=0.9, beta=2",10843,7644.4,156.77491295909985
tsp,berlin52,P-ACO,"K=5, ants=30, q0=0.9, beta=2",11205,7644.4,156.77491295909985
tsp,berlin52,P-ACO,"K=5, ants=30, q0=0.9, beta=2",11566,7644.4,156.77491295909985
tsp,berlin52,P-ACO,"K=5, ants=30, q0=0.9, beta=2",11928,7643.266666666666,156.5820196858148
tsp,berlin52,P-ACO,"K=5, ants=30, q0=0.9, beta=2",12289,7643.266666666666,156.5820196858148
tsp,berlin52,P-ACO,"K=5, ants=30, q0=0.9, beta=2",12651,7643.266666666666,156.5820196858148
tsp,berlin52,P-ACO,"K=5, ants=30, q0=0.9, beta=2",13012,7630.466666666666,159.81734018003874
tsp,berlin52,P-ACO,"K=5, ants=30, q0=0.9, beta=2",13373,7630.466666666666,159.81734018003874
tsp,berlin52,P-ACO,"K=5, ants=30, q0=0.9, beta=2",13735,7630.466666666666,159.81734018003874
tsp,berlin52,P-ACO,"K=5, ants=30, q0=0.9, beta=2",14096,7630.466666666666,159.81734018003874
tsp,berlin52,P-ACO,"K=5, ants=30, q0=0.9, beta=2",14458,7630.466666666666,159.81734018003874
tsp,berlin52,P-ACO,"K=5, ants=30, q0=0.9, beta=2",14819,7630.466666666666,159.81734018003874
tsp,berlin52,P-ACO,"K=5, ants=30, q0=0.9, beta=2",15181,7630.466666666666,159.81734018003874
tsp,berlin52,P-ACO,"K=5, ants=30, q0=0.9, beta=2",15542,7630.466666666666,159.81734018003874
tsp,berlin52,P-ACO,"K=5, ants=30, q0=0.9, beta=2",15904,7630.466666666666,159.81734018003874
tsp,berlin52,P-ACO,"K=5, ants=30, q0=0.9, beta=2",16265,7630.2,159.06526962225288
tsp,berlin52,P-ACO,"K=5, ants=30, q0=0.9, beta=2",16627,7630.2,159.06526962225288
tsp,berlin52,P-ACO,"K=5, ants=30, q0=0.9, beta=2",16988,7630.2,159.06526962225288
tsp,berlin52,P-ACO,"K=5, ants=30, q0=0.9, beta=2",17349,7630.133333333333,159.009797042684
tsp,berlin52,P-ACO,"K=5, ants=30, q0=0.9, beta=2",17711,7629.066666666667,157.27363274101464
tsp,berlin52,P-ACO,"K=5, ants=30, q0=0.9, beta=2",18072,7629.066666666667,157.27363274101464
tsp,berlin52,P-ACO,"K=5, ants=30, q0=0.9, beta=2",18434,7628.066666666667,156.6752338083109
tsp,berlin52,P-ACO,"K=5, ants=30, q0=0.9, beta=2",18795,7628.066666666667,156.6752338083109
tsp,berlin52,P-ACO,"K=5, ants=30, q0=0.9, beta=2",19157,7628.066666666667,156.6752338083109
tsp,berlin52,P-ACO,"K=5, ants=30, q0=0.9, beta=2",19518,7627.865863453815,156.78089899651874
tsp,berlin52,P-ACO,"K=5, ants=30, q0=0.9, beta=2",19880,7626.466666666666,156.26595562978167
tsp,berlin52,P-ACO,"K=5, ants=30, q0=0.9, beta=2",20241,7626.466666666666,156.26595562978167
tsp,berlin52,P-ACO,"K=5, ants=30, q0=0.9, beta=2",20602,7626.466666666666,156.26595562978167
tsp,berlin52,P-ACO,"K=5, ants=30, q0=0.9, beta=2",20964,7626.466666666666,156.26595562978167
tsp,berlin52,P-ACO,"K=5, ants=30, q0=0.9, beta=2",21325,7626.466666666666,156.26595562978167
tsp,berlin52,P-ACO,"K=5, ants=30, q0=0.9, beta=2",21687,7626.466666666666,156.26595562978167
tsp,berlin52,P-ACO,"K=5, ants=30, q0=0.9, beta=2",22048,7626.466666666666,156.26595562978167
tsp,berlin52,P-ACO,"K=5, ants=30, q0=0.9, beta=2",22410,7626.466666666666,156.26595562978167
tsp,berlin52,P-ACO,"K=5, ants=30, q0=0.9, beta=2",22771,7626.133333333333,156.44034716856845
tsp,berlin52,P-ACO,"K=5, ants=30, q0=0.9, beta=2",23133,7626.133333333333,156.44034716856845
tsp,berlin52,P-ACO,"K=5, ants=30, q0=0.9, beta=2",23494,7626.133333333333,156.44034716856845
tsp,berlin52,P-ACO,"K=5, ants=30, q0=0.9, beta=2",23855,7625.666666666667,156.08615854357137
tsp,berlin52,P-ACO,"K=5, ants=30, q0=0.9, beta=2",24217,7625.666666666667,156.08615854357137
tsp,berlin52,P-ACO,"K=5, ants=30, q0=0.9, beta=2",24578,7625.666666666667,156.08615854357137
tsp,berlin52,P-ACO,"K=5, ants=30, q0=0.9, beta=2",24940,7623.933333333333,154.93588638171886
tsp,berlin52,P-ACO,"K=5, ants=30, q0=0.9, beta=2",25301,7623.933333333333,154.93588638171886
tsp,berlin52,P-ACO,"K=5, ants=30, q0=0.9, beta=2",25663,7623.933333333333,154.93588638171886
tsp,berlin52,P-ACO,"K=5, ants=30, q0=0.9, beta=2",26024,7623.933333333333,154.93588638171886
tsp,berlin52,P-ACO,"K=5, ants=30, q0=0.9, beta=2",26386,7623.933333333333,154.93588638171886
tsp,berlin52,P-ACO,"K=5, ants=30, q0=0.9, beta=2",26747,7623.933333333333,154.93588638171886
tsp,berlin52,P-ACO,"K=5, ants=30, q0=0.9, beta=2",27108,7623.933333333333,154.93588638171886
tsp,berlin52,P-ACO,"K=5, ants=30, q0=0.9, beta=2",27470,7623.933333333333,154.93588638171886
tsp,berlin52,P-ACO,"K=5, ants=30, q0=0.9, beta=2",27831,7623.933333333333,154.93588638171886
tsp,berlin52,P-ACO,"K=5, ants=30, q0=0.9, beta=2",28193,7623.933333333333,154.93588638171886
tsp,berlin52,P-ACO,"K=5, ants=30, q0=0.9, beta=2",28554,7623.933333333333,154.93588638171886
tsp,berlin52,P-ACO,"K=5, ants=30, q0=0.9, beta=2",28916,7623.933333333333,154.93588638171886
tsp,berlin52,P-ACO,"K=5, ants=30, q0=0.9, beta=2",29277,7623.933333333333,154.93588638171886
tsp,berlin52,P-ACO,"K=5, ants=30, q0=0.9, beta=2",29639,7623.933333333333,154.93588638171886
tsp,berlin52,P-ACO,"K=5, ants=30, q0=0.9, beta=2",30000,7623.933333333333,154.93588638171886
tsp,berlin52,P-ACO,"K=5, ants=30, q0=0.9, beta=2",30361,7623.933333333333,154.93588638171886
tsp,berlin52,P-ACO,"K=5, ants=30, q0=0.9, beta=2",30723,7623.866666666667,154.7405857843665
tsp,berlin52,P-ACO,"K=5, ants=30, q0=0.9, beta=2",31084,7623.866666666667,154.7405857843665
tsp,berlin52,P-ACO,"K=5, ants=30, q0=0.9, beta=2",31446,7623.866666666667,154.7405857843665
tsp,berlin52,P-ACO,"K=5, ants=30, q0=0.9, beta=2",31807,7623.533333333334,154.91109995377633
tsp,berlin52,P-ACO,"K=5, ants=30, q0=0.9, beta=2",32169,7623.533333333334,154.91109995377633
tsp,berlin52,P-ACO,"K=5, ants=30, q0=0.9, beta=2",32530,7623.533333333334,154.91109995377633
tsp,berlin52,P-ACO,"K=5, ants=30, q0=0.9, beta=2",32892,7623.533333333334,154.91109995377633
tsp,berlin52,P-ACO,"K=5, ants=30, q0=0.9, beta=2",33253,7623.533333333334,154.91109995377633
tsp,berlin52,P-ACO,"K=5, ants=30, q0=0.9, beta=2",33614,7623.533333333334,154.91109995377633
tsp,berlin52,P-ACO,"K=5, ants=30, q0=0.9, beta=2",33976,7623.533333333334,154.91109995377633
tsp,berlin52,P-ACO,"K=5, ants=30, q0=0.9, beta=2",34337,7623.533333333334,154.91109995377633
tsp,berlin52,P-ACO,"K=5, ants=30, q0=0.9, beta=2",34699,7623.533333333334,154.91109995377633
tsp,berlin52,P-ACO,"K=5, ants=30, q0=0.9, beta=2",35060,7623.533333333334,154.91109995377633
tsp,berlin52,P-ACO,"K=5, ants=30, q0=0.9, beta=2",35422,7623.533333333334,154.91109995377633
tsp,berlin52,P-ACO,"K=5, ants=30, q0=0.9, beta=2",35783,7623.533333333334,154.91109995377633
tsp,berlin52,P-ACO,"K=5, ants=30, q0=0.9, beta=2",36145,7623.533333333334,154.91109995377633
tsp,berlin52,P-ACO,"K=5, ants=30, q0=0.9, beta=2",36506,7623.533333333334,154.91109995377633
tsp,berlin52,P-ACO,"K=5, ants=30, q0=0.9, beta=2",36867,7623.533333333334,154.91109995377633
tsp,berlin52,P-ACO,"K=5, ants=30, q0=0.9, beta=2",37229,7623.533333333334,154.91109995377633
tsp,berlin52,P-ACO,"K=5, ants=30, q0=0.9, beta=2",37590,7623.533333333334,154.91109995377633
tsp,berlin52,P-ACO,"K=5, ants=30, q0=0.9, beta=2",37952,7623.533333333334,154.91109995377633
tsp,berlin52,P-ACO,"K=5, ants=30, q0=0.9, beta=2",38313,7623.533333333334,154.91109995377633
tsp,berlin52,P-ACO,"K=5, ants=30, q0=0.9, beta=2",38675,7623.533333333334,154.91109995377633
tsp,berlin52,P-ACO,"K=5, ants=30, q0=0.9, beta=2",39036,7623.533333333334,154.91109995377633
tsp,berlin52,P-ACO,"K=5, ants=30, q0=0.9, beta=2",39398,7623.533333333334,154.91109995377633
tsp,berlin52,P-ACO,"K=5, ants=30, q0=0.9, beta=2",39759,7623.533333333334,154.91109995377633
tsp,berlin52,P-ACO,"K=5, ants=30, q0=0.9, beta=2",40120,7623.533333333334,154.91109995377633
tsp,berlin52,P-ACO,"K=5, ants=30, q0=0.9, beta=2",40482,7623.533333333334,154.91109995377633
tsp,berlin52,P-ACO,"K=5, ants=30, q0=0.9, beta=2",40843,7623.533333333334,154.91109995377633
tsp,berlin52,P-ACO,"K=5, ants=30, q0=0.9, beta=2",41205,7623.533333333334,154.91109995377633
tsp,berlin52,P-ACO,"K=5, ants=30, q0=0.9, beta=2",41566,7623.533333333334,154.91109995377633
tsp,berlin52,P-ACO,"K=5, ants=30, q0=0.9, beta=2",41928,7623.533333333334,154.91109995377633
tsp,berlin52,P-ACO,"K=5, ants=30, q0=0.9, beta=2",42289,7623.533333333334,154.91109995377633
tsp,berlin52,P-ACO,"K=5, ants=30, q0=0.9, beta=2",42651,7623.533333333334,154.91109995377633
tsp,berlin52,P-ACO,"K=5, ants=30, q0=0.9, beta=2",43012,7623.533333333334,154.91109995377633
tsp,berlin52,P-ACO,"K=5, ants=30, q0=0.9, beta=2",43373,7623.533333333334,154.91109995377633
tsp,berlin52,P-ACO,"K=5, ants=30, q0=0.9, beta=2",43735,7623.533333333334,154.91109995377633
tsp,berlin52,P-ACO,"K=5, ants=30, q0=0.9, beta=2",44096,7623.533333333334,154.91109995377633
tsp,berlin52,P-ACO,"K=5, ants=30, q0=0.9, beta=2",44458,7623.533333333334,154.91109995377633
tsp,berlin52,P-ACO,"K=5, ants=30, q0=0.9, beta=2",44819,7623.533333333334,154.91109995377633
tsp,berlin52,P-ACO,"K=5, ants=30, q0=0.9, beta=2",45181,7623.533333333334,154.91109995377633
tsp,berlin52,P-ACO,"K=5, ants=30, q0=0.9, beta=2",45542,7623.533333333334,154.91109995377633
tsp,berlin52,P-ACO,"K=5, ants=30, q0=0.9, beta=2",45904,7623.533333333334,154.91109995377633
tsp,berlin52,P-ACO,"K=5, ants=30, q0=0.9, beta=2",46265,7623.533333333334,154.91109995377633
tsp,berlin52,P-ACO,"K=5, ants=30, q0=0.9, beta=2",46627,7623.533333333334,154.91109995377633
tsp,berlin52,P-ACO,"K=5, ants=30, q0=0.9, beta=2",46988,7623.533333333334,154.91109995377633
tsp,berlin52,P-ACO,"K=5, ants=30, q0=0.9, beta=2",47349,7623.533333333334,154.91109995377633
tsp,berlin52,P-ACO,"K=5, ants=30, q0=0.9, beta=2",47711,7623.533333333334,154.91109995377633
tsp,berlin52,P-ACO,"K=5, ants=30, q0=0.9, beta=2",48072,7623.533333333334,154.91109995377633
tsp,berlin52,P-ACO,"K=5, ants=30, q0=0.9, beta=2",48434,7623.533333333334,154.91109995377633
tsp,berlin52,P-ACO,"K=5, ants=30, q0=0.9, beta=2",48795,7623.533333333334,154.91109995377633
tsp,berlin52,P-ACO,"K=5, ants=30, q0=0.9, beta=2",49157,7621.266666666666,151.36466635982856
tsp,berlin52,P-ACO,"K=5, ants=30, q0=0.9, beta=2",49518,7621.266666666666,151.36466635982856
tsp,berlin52,P-ACO,"K=5, ants=30, q0=0.9, beta=2",49880,7621.266666666666,151.36466635982856
tsp,berlin52,P-ACO,"K=5, ants=30, q0=0.9, beta=2",50241,7621.266666666666,151.36466635982856
tsp,berlin52,P-ACO,"K=5, ants=30, q0=0.9, beta=2",50602,7616.6,145.354646755215
tsp,berlin52,P-ACO,"K=5, ants=30, q0=0.9, beta=2",50964,7616.6,145.354646755215
tsp,berlin52,P-ACO,"K=5, ants=30, q0=0.9, beta=2",51325,7616.6,145.354646755215
tsp,berlin52,P-ACO,"K=5, ants=30, q0=0.9, beta=2",51687,7616.6,145.354646755215
tsp,berlin52,P-ACO,"K=5, ants=30, q0=0.9, beta=2",52048,7616.6,145.354646755215
tsp,berlin52,P-ACO,"K=5, ants=30, q0=0.9, beta=2",52410,7616.6,145.354646755215
tsp,berlin52,P-ACO,"K=5, ants=30, q0=0.9, beta=2",52771,7616.6,145.354646755215
tsp,berlin52,P-ACO,"K=5, ants=30, q0=0.9, beta=2",53133,7616.6,145.354646755215
tsp,berlin52,P-ACO,"K=5, ants=30, q0=0.9, beta=2",53494,7616.6,145.354646755215
tsp,berlin52,P-ACO,"K=5, ants=30, q0=0.9, beta=2",53855,7616.6,145.354646755215
tsp,berlin52,P-ACO,"K=5, ants=30, q0=0.9, beta=2",54217,7616.6,145.354646755215
tsp,berlin52,P-ACO,"K=5, ants=30, q0=0.9, beta=2",54578,7616.6,145.354646755215
tsp,berlin52,P-ACO,"K=5, ants=30, q0=0.9, beta=2",54940,7616.6,145.354646755215
tsp,berlin52,P-ACO,"K=5, ants=30, q0=0.9, beta=2",55301,7616.6,145.354646755215
tsp,berlin52,P-ACO,"K=5, ants=30, q0=0.9, beta=2",55663,7616.6,145.354646755215
tsp,berlin52,P-ACO,"K=5, ants=30, q0=0.9, beta=2",56024,7616.6,145.354646755215
tsp,berlin52,P-ACO,"K=5, ants=30, q0=0.9, beta=2",56386,7616.6,145.354646755215
tsp,berlin52,P-ACO,"K=5, ants=30, q0=0.9, beta=2",56747,7616.6,145.354646755215
tsp,berlin52,P-ACO,"K=5, ants=30, q0=0.9, beta=2",57108,7616.6,145.354646755215
tsp,berlin52,P-ACO,"K=5, ants=30, q0=0.9, beta=2",57470,7616.6,145.354646755215
tsp,berlin52,P-ACO,"K=5, ants=30, q0=0.9, beta=2",57831,7616.6,145.354646755215
tsp,berlin52,P-ACO,"K=5, ants=30, q0=0.9, beta=2",58193,7615.866666666667,144.57932847479344
tsp,berlin52,P-ACO,"K=5, ants=30, q0=0.9, beta=2",58554,7615.866666666667,144.57932847479344
tsp,berlin52,P-ACO,"K=5, ants=30, q0=0.9, beta=2",58916,7615.866666666667,144.57932847479344
tsp,berlin52,P-ACO,"K=5, ants=30, q0=0.9, beta=2",59277,7601.066666666667,139.94640243877492
tsp,berlin52,P-ACO,"K=5, ants=30, q0=0.9, beta=2",59639,7601.066666666667,139.94640243877492
tsp,berlin52,P-ACO,"K=5, ants=30, q0=0.9, beta=2",60000,7601.066666666667,139.94640243877492
tsp,berlin52,P-ACO,"K=5, ants=30, q0=0.9, beta=2",60361,7601.066666666667,139.94640243877492
tsp,berlin52,P-ACO,"K=5, ants=30, q0=0.9, beta=2",60723,7601.066666666667,139.94640243877492
tsp,berlin52,P-ACO,"K=5, ants=30, q0=0.9, beta=2",61084,7601.066666666667,139.94640243877492
tsp,berlin52,P-ACO,"K=5, ants=30, q0=0.9, beta=2",61446,7601.066666666667,139.94640243877492
tsp,berlin52,P-ACO,"K=5, ants=30, q0=0.9, beta=2",61807,7601.066666666667,139.94640243877492
tsp,berlin52,P-ACO,"K=5, ants=30, q0=0.9, beta=2",62169,7601.066666666667,139.94640243877492
tsp,berlin52,P-ACO,"K=5, ants=30, q0=0.9, beta=2",62530,7601.066666666667,139.94640243877492
tsp,berlin52,P-ACO,"K=5, ants=30, q0=0.9, beta=2",62892,7601.066666666667,139.94640243877492
tsp,berlin52,P-ACO,"K=5, ants=30, q0=0.9, beta=2",63253,7601.066666666667,139.94640243877492
tsp,berlin52,P-ACO,"K=5, ants=30, q0=0.9, beta=2",63614,7601.066666666667,139.94640243877492
tsp,berlin52,P-ACO,"K=5, ants=30, q0=0.9, beta=2",63976,7601.066666666667,139.94640243877492
tsp,berlin52,P-ACO,"K=5, ants=30, q0=0.9, beta=2",64337,7601.066666666667,139.94640243877492
tsp,berlin52,P-ACO,"K=5, ants=30, q0=0.9, beta=2",64699,7601.066666666667,139.94640243877492
tsp,berlin52,P-ACO,"K=5, ants=30, q0=0.9, beta=2",65060,7601.066666666667,139.94640243877492
tsp,berlin52,P-ACO,"K=5, ants=30, q0=0.9, beta=2",65422,7601.066666666667,139.94640243877492
tsp,berlin52,P-ACO,"K=5, ants=30, q0=0.9, beta=2",65783,7601.066666666667,139.94640243877492
tsp,berlin52,P-ACO,"K=5, ants=30, q0=0.9, beta=2",66145,7601.066666666667,139.94640243877492
tsp,berlin52,P-ACO,"K=5, ants=30, q0=0.9, beta=2",66506,7599.866666666667,135.87831157162483
tsp,berlin52,P-ACO,"K=5, ants=30, q0=0.9, beta=2",66867,7598.333333333333,130.72039711621986
tsp,berlin52,P-ACO,"K=5, ants=30, q0=0.9, beta=2",67229,7595.8,122.31173287955659
tsp,berlin52,P-ACO,"K=5, ants=30, q0=0.9, beta=2",67590,7595.8,122.31173287955659
tsp,berlin52,P-ACO,"K=5, ants=30, q0=0.9, beta=2",67952,7595.8,122.31173287955659
tsp,berlin52,P-ACO,"K=5, ants=30, q0=0.9, beta=2",68313,7595.8,122.31173287955659
tsp,berlin52,P-ACO,"K=5, ants=30, q0=0.9, beta=2",68675,7595.8,122.31173287955659
tsp,berlin52,P-ACO,"K=5, ants=30, q0=0.9, beta=2",69036,7595.8,122.31173287955659
tsp,berlin52,P-ACO,"K=5, ants=30, q0=0.9, beta=2",69398,7595.8,122.31173287955659
tsp,berlin52,P-ACO,"K=5, ants=30, q0=0.9, beta=2",69759,7594.533333333334,118.16816642207647
tsp,berlin52,P-ACO,"K=5, ants=30, q0=0.9, beta=2",70120,7594.533333333334,118.16816642207647
tsp,berlin52,P-ACO,"K=5, ants=30, q0=0.9, beta=2",70482,7594.533333333334,118.16816642207647
tsp,berlin52,P-ACO,"K=5, ants=30, q0=0.9, beta=2",70843,7594.533333333334,118.16816642207647
tsp,berlin52,P-ACO,"K=5, ants=30, q0=0.9, beta=2",71205,7594.533333333334,118.16816642207647
tsp,berlin52,P-ACO,"K=5, ants=30, q0=0.9, beta=2",71566,7594.533333333334,118.16816642207647
tsp,berlin52,P-ACO,"K=5, ants=30, q0=0.9, beta=2",71928,7594.2,117.0852680741689
tsp,berlin52,P-ACO,"K=5, ants=30, q0=0.9, beta=2",72289,7594.2,117.0852680741689
tsp,berlin52,P-ACO,"K=5, ants=30, q0=0.9, beta=2",72651,7594.2,117.0852680741689
tsp,berlin52,P-ACO,"K=5, ants=30, q0=0.9, beta=2",73012,7594.2,117.0852680741689
tsp,berlin52,P-ACO,"K=5, ants=30, q0=0.9, beta=2",73373,7594.2,117.0852680741689
tsp,berlin52,P-ACO,"K=5, ants=30, q0=0.9, beta=2",73735,7594.2,117.0852680741689
tsp,berlin52,P-ACO,"K=5, ants=30, q0=0.9, beta=2",74096,7594.2,117.0852680741689
tsp,berlin52,P-ACO,"K=5, ants=30, q0=0.9, beta=2",74458,7594.2,117.0852680741689
tsp,berlin52,P-ACO,"K=5, ants=30, q0=0.9, beta=2",74819,7594.2,117.0852680741689
tsp,berlin52,P-ACO,"K=5, ants=30, q0=0.9, beta=2",75181,7594.2,117.0852680741689
tsp,berlin52,P-ACO,"K=5, ants=30, q0=0.9, beta=2",75542,7594.2,117.0852680741689
tsp,berlin52,P-ACO,"K=5, ants=30, q0=0.9, beta=2",75904,7594.2,117.0852680741689
tsp,berlin52,P-ACO,"K=5, ants=30, q0=0.9, beta=2",76265,7594.2,117.0852680741689
tsp,berlin52,P-ACO,"K=5, ants=30, q0=0.9, beta=2",76627,7594.2,117.0852680741689
tsp,berlin52,P-ACO,"K=5, ants=30, q0=0.9, beta=2",76988,7594.2,117.0852680741689
tsp,berlin52,P-ACO,"K=5, ants=30, q0=0.9, beta=2",77349,7594.2,117.0852680741689
tsp,berlin52,P-ACO,"K=5, ants=30, q0=0.9, beta=2",77711,7594.2,117.0852680741689
tsp,berlin52,P-ACO,"K=5, ants=30, q0=0.9, beta=2",78072,7594.2,117.0852680741689
tsp,berlin52,P-ACO,"K=5, ants=30, q0=0.9, beta=2",78434,7594.2,117.0852680741689
tsp,berlin52,P-ACO,"K=5, ants=30, q0=0.9, beta=2",78795,7594.2,117.0852680741689
tsp,berlin52,P-ACO,"K=5, ants=30, q0=0.9, beta=2",79157,7594.2,117.0852680741689
tsp,berlin52,P-ACO,"K=5, ants=30, q0=0.9, beta=2",79518,7593.999196787148,117.16859788491648
tsp,berlin52,P-ACO,"K=5, ants=30, q0=0.9, beta=2",79880,7593.866666666667,117.22620109097721
tsp,berlin52,P-ACO,"K=5, ants=30, q0=0.9, beta=2",80241,7593.866666666667,117.22620109097721
tsp,berlin52,P-ACO,"K=5, ants=30, q0=0.9, beta=2",80602,7593.866666666667,117.22620109097721
tsp,berlin52,P-ACO,"K=5, ants=30, q0=0.9, beta=2",80964,7593.866666666667,117.22620109097721
tsp,berlin52,P-ACO,"K=5, ants=30, q0=0.9, beta=2",81325,7593.866666666667,117.22620109097721
tsp,berlin52,P-ACO,"K=5, ants=30, q0=0.9, beta=2",81687,7593.866666666667,117.22620109097721
tsp,berlin52,P-ACO,"K=5, ants=30, q0=0.9, beta=2",82048,7593.866666666667,117.22620109097721
tsp,berlin52,P-ACO,"K=5, ants=30, q0=0.9, beta=2",82410,7593.866666666667,117.22620109097721
tsp,berlin52,P-ACO,"K=5, ants=30, q0=0.9, beta=2",82771,7593.866666666667,117.22620109097721
tsp,berlin52,P-ACO,"K=5, ants=30, q0=0.9, beta=2",83133,7593.866666666667,117.22620109097721
tsp,berlin52,P-ACO,"K=5, ants=30, q0=0.9, beta=2",83494,7593.866666666667,117.22620109097721
tsp,berlin52,P-ACO,"K=5, ants=30, q0=0.9, beta=2",83855,7593.866666666667,117.22620109097721
tsp,berlin52,P-ACO,"K=5, ants=30, q0=0.9, beta=2",84217,7593.866666666667,117.22620109097721
tsp,berlin52,P-ACO,"K=5, ants=30, q0=0.9, beta=2",84578,7593.866666666667,117.22620109097721
tsp,berlin52,P-ACO,"K=5, ants=30, q0=0.9, beta=2",84940,7593.866666666667,117.22620109097721
tsp,berlin52,P-ACO,"K=5, ants=30, q0=0.9, beta=2",85301,7593.866666666667,117.22620109097721
tsp,berlin52,P-ACO,"K=5, ants=30, q0=0.9, beta=2",85663,7593.866666666667,117.22620109097721
tsp,berlin52,P-ACO,"K=5, ants=30, q0=0.9, beta=2",86024,7593.866666666667,117.22620109097721
tsp,berlin52,P-ACO,"K=5, ants=30, q0=0.9, beta=2",86386,7593.866666666667,117.22620109097721
tsp,berlin52,P-ACO,"K=5, ants=30, q0=0.9, beta=2",86747,7593.866666666667,117.22620109097721
tsp,berlin52,P-ACO,"K=5, ants=30, q0=0.9, beta=2",87108,7593.866666666667,117.22620109097721
tsp,berlin52,P-ACO,"K=5, ants=30, q0=0.9, beta=2",87470,7593.866666666667,117.22620109097721
tsp,berlin52,P-ACO,"K=5, ants=30, q0=0.9, beta=2",87831,7593.866666666667,117.22620109097721
tsp,berlin52,P-ACO,"K=5, ants=30, q0=0.9, beta=2",88193,7593.866666666667,117.22620109097721
tsp,berlin52,P-ACO,"K=5, ants=30, q0=0.9, beta=2",88554,7593.866666666667,117.22620109097721
tsp,berlin52,P-ACO,"K=5, ants=30, q0=0.9, beta=2",88916,7593.866666666667,117.22620109097721
tsp,berlin52,P-ACO,"K=5, ants=30, q0=0.9, beta=2",89277,7593.866666666667,117.22620109097721
tsp,berlin52,P-ACO,"K=5, ants=30, q0=0.9, beta=2",89639,7593.866666666667,117.22620109097721
tsp,berlin52,P-ACO,"K=5, ants=30, q0=0.9, beta=2",90000,7593.866666666667,117.22620109097721
tsp,berlin52,P-ACO,"K=5, ants=30, q0=0.9, beta=3",0,8352.133333333333,286.3757128125374
tsp,berlin52,P-ACO,"K=5, ants=30, q0=0.9, beta=3",361,7890.583132530121,120.80897753911961
tsp,berlin52,P-ACO,"K=5, ants=30, q0=0.9, beta=3",723,7839.8,124.76388366296821
tsp,berlin52,P-ACO,"K=5, ants=30, q0=0.9, beta=3",1084,7812.2144578313255,127.3337632513616
tsp,berlin52,P-ACO,"K=5, ants=30, q0=0.9, beta=3",1446,7762.069076305221,119.26121028823599
tsp,berlin52,P-ACO,"K=5, ants=30, q0=0.9, beta=3",1807,7744.399196787149,109.17216649285186
tsp,berlin52,P-ACO,"K=5, ants=30, q0=0.9, beta=3",2169,7718.0369477911645,106.89604526583722
tsp,berlin52,P-ACO,"K=5, ants=30, q0=0.9, beta=3",2530,7698.962248995984,102.78104321081067
tsp,berlin52,P-ACO,"K=5, ants=30, q0=0.9, beta=3",2892,7686.4,90.63906442588649
tsp,berlin52,P-ACO,"K=5, ants=30, q0=0.9, beta=3",3253,7677.2,82.31743436235122
tsp,berlin52,P-ACO,"K=5, ants=30, q0=0.9, beta=3",3614,7673.733333333334,79.74916230838346
tsp,berlin52,P-ACO,"K=5, ants=30, q0=0.9, beta=3",3976,7670.466666666666,83.7686231367224
tsp,berlin52,P-ACO,"K=5, ants=30, q0=0.9, beta=3",4337,7669.940562248997,84.04190758741588
tsp,berlin52,P-ACO,"K=5, ants=30, q0=0.9, beta=3",4699,7660.580722891566,87.30396549557051
tsp,berlin52,P-ACO,"K=5, ants=30, q0=0.9, beta=3",5060,7654.8,87.8773387550321
tsp,berlin52,P-ACO,"K=5, ants=30, q0=0.9, beta=3",5422,7650.0,86.13400412535496
tsp,berlin52,P-ACO,"K=5, ants=30, q0=0.9, beta=3",5783,7649.866666666667,86.01152377572568
tsp,berlin52,P-ACO,"K=5, ants=30, q0=0.9, beta=3",6145,7649.866666666667,86.01152377572568
tsp,berlin52,P-ACO,"K=5, ants=30, q0=0.9, beta=3",6506,7640.733333333334,89.63069910595489
tsp,berlin52,P-ACO,"K=5, ants=30, q0=0.9, beta=3",6867,7640.733333333334,89.63069910595489
tsp,berlin52,P-ACO,"K=5, ants=30, q0=0.9, beta=3",7229,7636.066666666667,88.19256708413067
tsp,berlin52,P-ACO,"K=5, ants=30, q0=0.9, beta=3",7590,7636.066666666667,88.19256708413067
tsp,berlin52,P-ACO,"K=5, ants=30, q0=0.9, beta=3",7952,7632.538152610442,85.25295162180412
tsp,berlin52,P-ACO,"K=5, ants=30, q0=0.9, beta=3",8313,7624.6,86.7761872097793
tsp,berlin52,P-ACO,"K=5, ants=30, q0=0.9, beta=3",8675,7613.466666666666,85.49531501134368
tsp,berlin52,P-ACO,"K=5, ants=30, q0=0.9, beta=3",9036,7609.666666666667,87.3015209234957
tsp,berlin52,P-ACO,"K=5, ants=30, q0=0.9, beta=3",9398,7609.333333333333,86.85748224662181
tsp,berlin52,P-ACO,"K=5, ants=30, q0=0.9, beta=3",9759,7609.333333333333,86.85748224662181
tsp,berlin52,P-ACO,"K=5, ants=30, q0=0.9, beta=3",10120,7609.0,87.10530025970482
tsp,berlin52,P-ACO,"K=5, ants=30, q0=0.9, beta=3",10482,7608.4,86.34566192538762
tsp,berlin52,P-ACO,"K=5, ants=30, q0=0.9, beta=3",10843,7597.266666666666,82.70144429747819
tsp,berlin52,P-ACO,"K=5, ants=30, q0=0.9, beta=3",11205,7597.266666666666,82.70144429747819
tsp,berlin52,P-ACO,"K=5, ants=30, q0=0.9, beta=3",11566,7597.266666666666,82.70144429747819
tsp,berlin52,P-ACO,"K=5, ants=30, q0=0.9, beta=3",11928,7596.991164658635,82.1539516737724
tsp,berlin52,P-ACO,"K=5, ants=30, q0=0.9, beta=3",12289,7595.331726907631,79.06058906279269
tsp,berlin52,P-ACO,"K=5, ants=30, q0=0.9, beta=3",12651,7594.733333333334,78.81409913348132
tsp,berlin52,P-ACO,"K=5, ants=30, q0=0.9, beta=3",13012,7594.733333333334,78.81409913348132
tsp,berlin52,P-ACO,"K=5, ants=30, q0=0.9, beta=3",13373,7594.733333333334,78.81409913348132
tsp,berlin52,P-ACO,"K=5, ants=30, q0=0.9, beta=3",13735,7590.933333333333,79.88363759591543
tsp,berlin52,P-ACO,"K=5, ants=30, q0=0.9, beta=3",14096,7590.933333333333,79.88363759591543
tsp,berlin52,P-ACO,"K=5, ants=30, q0=0.9, beta=3",14458,7590.933333333333,79.88363759591543
tsp,berlin52,P-ACO,"K=5, ants=30, q0=0.9, beta=3",14819,7590.6,80.07646345837209
tsp,berlin52,P-ACO,"K=5, ants=30, q0=0.9, beta=3",15181,7590.466666666666,79.84557317444441
tsp,berlin52,P-ACO,"K=5, ants=30, q0=0.9, beta=3",15542,7590.466666666666,79.84557317444441
tsp,berlin52,P-ACO,"K=5, ants=30, q0=0.9, beta=3",15904,7590.466666666666,79.84557317444441
tsp,berlin52,P-ACO,"K=5, ants=30, q0=0.9, beta=3",16265,7590.466666666666,79.84557317444441
tsp,berlin52,P-ACO,"K=5, ants=30, q0=0.9, beta=3",16627,7582.2,71.12074240332421
tsp,berlin52,P-ACO,"K=5, ants=30, q0=0.9, beta=3",16988,7581.866666666667,71.02944616299794
tsp,berlin52,P-ACO,"K=5, ants=30, q0=0.9, beta=3",17349,7581.866666666667,71.02944616299794
tsp,berlin52,P-ACO,"K=5, ants=30, q0=0.9, beta=3",17711,7578.066666666667,71.53410996782505
tsp,berlin52,P-ACO,"K=5, ants=30, q0=0.9, beta=3",18072,7578.066666666667,71.53410996782505
tsp,berlin52,P-ACO,"K=5, ants=30, q0=0.9, beta=3",18434,7578.066666666667,71.53410996782505
tsp,berlin52,P-ACO,"K=5, ants=30, q0=0.9, beta=3",18795,7578.066666666667,71.53410996782505
tsp,berlin52,P-ACO,"K=5, ants=30, q0=0.9, beta=3",19157,7578.066666666667,71.53410996782505
tsp,berlin52,P-ACO,"K=5, ants=30, q0=0.9, beta=3",19518,7576.933333333333,70.12604524869644
tsp,berlin52,P-ACO,"K=5, ants=30, q0=0.9, beta=3",19880,7575.6,67.67845545912918
tsp,berlin52,P-ACO,"K=5, ants=30, q0=0.9, beta=3",20241,7575.6,67.67845545912918
tsp,berlin52,P-ACO,"K=5, ants=30, q0=0.9, beta=3",20602,7575.6,67.67845545912918
tsp,berlin52,P-ACO,"K=5, ants=30, q0=0.9, beta=3",20964,7575.6,67.67845545912918
tsp,berlin52,P-ACO,"K=5, ants=30, q0=0.9, beta=3",21325,7575.6,67.67845545912918
tsp,berlin52,P-ACO,"K=5, ants=30, q0=0.9, beta=3",21687,7575.6,67.67845545912918
tsp,berlin52,P-ACO,"K=5, ants=30, q0=0.9, beta=3",22048,7575.266666666666,67.28790546764122
tsp,berlin52,P-ACO,"K=5, ants=30, q0=0.9, beta=3",22410,7575.266666666666,67.28790546764122
tsp,berlin52,P-ACO,"K=5, ants=30, q0=0.9, beta=3",22771,7575.266666666666,67.28790546764122
tsp,berlin52,P-ACO,"K=5, ants=30, q0=0.9, beta=3",23133,7575.266666666666,67.28790546764122
tsp,berlin52,P-ACO,"K=5, ants=30, q0=0.9, beta=3",23494,7575.266666666666,67.28790546764122
tsp,berlin52,P-ACO,"K=5, ants=30, q0=0.9, beta=3",23855,7574.8,66.10214318260289
tsp,berlin52,P-ACO,"K=5, ants=30, q0=0.9, beta=3",24217,7573.066666666667,61.930570444293146
tsp,berlin52,P-ACO,"K=5, ants=30, q0=0.9, beta=3",24578,7573.066666666667,61.930570444293146
tsp,berlin52,P-ACO,"K=5, ants=30, q0=0.9, beta=3",24940,7565.733333333334,58.57128610125916
tsp,berlin52,P-ACO,"K=5, ants=30, q0=0.9, beta=3",25301,7565.733333333334,58.57128610125916
tsp,berlin52,P-ACO,"K=5, ants=30, q0=0.9, beta=3",25663,7565.733333333334,58.57128610125916
tsp,berlin52,P-ACO,"K=5, ants=30, q0=0.9, beta=3",26024,7565.733333333334,58.57128610125916
tsp,berlin52,P-ACO,"K=5, ants=30, q0=0.9, beta=3",26386,7565.733333333334,58.57128610125916
tsp,berlin52,P-ACO,"K=5, ants=30, q0=0.9, beta=3",26747,7565.733333333334,58.57128610125916
tsp,berlin52,P-ACO,"K=5, ants=30, q0=0.9, beta=3",27108,7565.733333333334,58.57128610125916
tsp,berlin52,P-ACO,"K=5, ants=30, q0=0.9, beta=3",27470,7565.733333333334,58.57128610125916
tsp,berlin52,P-ACO,"K=5, ants=30, q0=0.9, beta=3",27831,7565.733333333334,58.57128610125916
tsp,berlin52,P-ACO,"K=5, ants=30, q0=0.9, beta=3",28193,7565.733333333334,58.57128610125916
tsp,berlin52,P-ACO,"K=5, ants=30, q0=0.9, beta=3",28554,7565.733333333334,58.57128610125916
tsp,berlin52,P-ACO,"K=5, ants=30, q0=0.9, beta=3",28916,7565.733333333334,58.57128610125916
tsp,berlin52,P-ACO,"K=5, ants=30, q0=0.9, beta=3",29277,7565.733333333334,58.57128610125916
tsp,berlin52,P-ACO,"K=5, ants=30, q0=0.9, beta=3",29639,7565.733333333334,58.57128610125916
tsp,berlin52,P-ACO,"K=5, ants=30, q0=0.9, beta=3",30000,7565.733333333334,58.57128610125916
tsp,berlin52,P-ACO,"K=5, ants=30, q0=0.9, beta=3",30361,7565.733333333334,58.57128610125916
tsp,berlin52,P-ACO,"K=5, ants=30, q0=0.9, beta=3",30723,7565.733333333334,58.57128610125916
tsp,berlin52,P-ACO,"K=5, ants=30, q0=0.9, beta=3",31084,7565.733333333334,58.57128610125916
tsp,berlin52,P-ACO,"K=5, ants=30, q0=0.9, beta=3",31446,7565.733333333334,58.57128610125916
tsp,berlin52,P-ACO,"K=5, ants=30, q0=0.9, beta=3",31807,7565.733333333334,58.57128610125916
tsp,berlin52,P-ACO,"K=5, ants=30, q0=0.9, beta=3",32169,7565.733333333334,58.57128610125916
tsp,berlin52,P-ACO,"K=5, ants=30, q0=0.9, beta=3",32530,7565.733333333334,58.57128610125916
tsp,berlin52,P-ACO,"K=5, ants=30, q0=0.9, beta=3",32892,7565.733333333334,58.57128610125916
tsp,berlin52,P-ACO,"K=5, ants=30, q0=0.9, beta=3",33253,7565.733333333334,58.57128610125916
tsp,berlin52,P-ACO,"K=5, ants=30, q0=0.9, beta=3",33614,7565.733333333334,58.57128610125916
tsp,berlin52,P-ACO,"K=5, ants=30, q0=0.9, beta=3",33976,7565.733333333334,58.57128610125916
tsp,berlin52,P-ACO,"K=5, ants=30, q0=0.9, beta=3",34337,7565.733333333334,58.57128610125916
tsp,berlin52,P-ACO,"K=5, ants=30, q0=0.9, beta=3",34699,7565.733333333334,58.57128610125916
tsp,berlin52,P-ACO,"K=5, ants=30, q0=0.9, beta=3",35060,7565.733333333334,58.57128610125916
tsp,berlin52,P-ACO,"K=5, ants=30, q0=0.9, beta=3",35422,7565.733333333334,58.57128610125916
tsp,berlin52,P-ACO,"K=5, ants=30, q0=0.9, beta=3",35783,7565.733333333334,58.57128610125916
tsp,berlin52,P-ACO,"K=5, ants=30, q0=0.9, beta=3",36145,7565.733333333334,58.57128610125916
tsp,berlin52,P-ACO,"K=5, ants=30, q0=0.9, beta=3",36506,7565.733333333334,58.57128610125916
tsp,berlin52,P-ACO,"K=5, ants=30, q0=0.9, beta=3",36867,7565.733333333334,58.57128610125916
tsp,berlin52,P-ACO,"K=5, ants=30, q0=0.9, beta=3",37229,7565.733333333334,58.57128610125916
tsp,berlin52,P-ACO,"K=5, ants=30, q0=0.9, beta=3",37590,7565.733333333334,58.57128610125916
tsp,berlin52,P-ACO,"K=5, ants=30, q0=0.9, beta=3",37952,7565.733333333334,58.57128610125916
tsp,berlin52,P-ACO,"K=5, ants=30, q0=0.9, beta=3",38313,7565.733333333334,58.57128610125916
tsp,berlin52,P-ACO,"K=5, ants=30, q0=0.9, beta=3",38675,7565.733333333334,58.57128610125916
tsp,berlin52,P-ACO,"K=5, ants=30, q0=0.9, beta=3",39036,7565.733333333334,58.57128610125916
tsp,berlin52,P-ACO,"K=5, ants=30, q0=0.9, beta=3",39398,7565.733333333334,58.57128610125916
tsp,berlin52,P-ACO,"K=5, ants=30, q0=0.9, beta=3",39759,7565.733333333334,58.57128610125916
tsp,berlin52,P-ACO,"K=5, ants=30, q0=0.9, beta=3",40120,7565.733333333334,58.57128610125916
tsp,berlin52,P-ACO,"K=5, ants=30, q0=0.9, beta=3",40482,7565.733333333334,58.57128610125916
tsp,berlin52,P-ACO,"K=5, ants=30, q0=0.9, beta=3",40843,7565.733333333334,58.57128610125916
tsp,berlin52,P-ACO,"K=5, ants=30, q0=0.9, beta=3",41205,7565.733333333334,58.57128610125916
tsp,berlin52,P-ACO,"K=5, ants=30, q0=0.9, beta=3",41566,7565.733333333334,58.57128610125916
tsp,berlin52,P-ACO,"K=5, ants=30, q0=0.9, beta=3",41928,7565.733333333334,58.57128610125916
tsp,berlin52,P-ACO,"K=5, ants=30, q0=0.9, beta=3",42289,7565.733333333334,58.57128610125916
tsp,berlin52,P-ACO,"K=5, ants=30, q0=0.9, beta=3",42651,7565.733333333334,58.57128610125916
tsp,berlin52,P-ACO,"K=5, ants=30, q0=0.9, beta=3",43012,7565.733333333334,58.57128610125916
tsp,berlin52,P-ACO,"K=5, ants=30, q0=0.9, beta=3",43373,7565.733333333334,58.57128610125916
tsp,berlin52,P-ACO,"K=5, ants=30, q0=0.9, beta=3",43735,7565.733333333334,58.57128610125916
tsp,berlin52,P-ACO,"K=5, ants=30, q0=0.9, beta=3",44096,7565.733333333334,58.57128610125916
tsp,berlin52,P-ACO,"K=5, ants=30, q0=0.9, beta=3",44458,7565.733333333334,58.57128610125916
tsp,berlin52,P-ACO,"K=5, ants=30, q0=0.9, beta=3",44819,7565.733333333334,58.57128610125916
tsp,berlin52,P-ACO,"K=5, ants=30, q0=0.9, beta=3",45181,7565.733333333334,58.57128610125916
tsp,berlin52,P-ACO,"K=5, ants=30, q0=0.9, beta=3",45542,7565.733333333334,58.57128610125916
tsp,berlin52,P-ACO,"K=5, ants=30, q0=0.9, beta=3",45904,7565.733333333334,58.57128610125916
tsp,berlin52,P-ACO,"K=5, ants=30, q0=0.9, beta=3",46265,7565.733333333334,58.57128610125916
tsp,berlin52,P-ACO,"K=5, ants=30, q0=0.9, beta=3",46627,7565.733333333334,58.57128610125916
tsp,berlin52,P-ACO,"K=5, ants=30, q0=0.9, beta=3",46988,7565.733333333334,58.57128610125916
tsp,berlin52,P-ACO,"K=5, ants=30, q0=0.9, beta=3",47349,7565.733333333334,58.57128610125916
tsp,berlin52,P-ACO,"K=5, ants=30, q0=0.9, beta=3",47711,7565.733333333334,58.57128610125916
tsp,berlin52,P-ACO,"K=5, ants=30, q0=0.9, beta=3",48072,7565.733333333334,58.57128610125916
tsp,berlin52,P-ACO,"K=5, ants=30, q0=0.9, beta=3",48434,7565.733333333334,58.57128610125916
tsp,berlin52,P-ACO,"K=5, ants=30, q0=0.9, beta=3",48795,7565.733333333334,58.57128610125916
tsp,berlin52,P-ACO,"K=5, ants=30, q0=0.9, beta=3",49157,7565.733333333334,58.57128610125916
tsp,berlin52,P-ACO,"K=5, ants=30, q0=0.9, beta=3",49518,7565.733333333334,58.57128610125916
tsp,berlin52,P-ACO,"K=5, ants=30, q0=0.9, beta=3",49880,7565.733333333334,58.57128610125916
tsp,berlin52,P-ACO,"K=5, ants=30, q0=0.9, beta=3",50241,7565.733333333334,58.57128610125916
tsp,berlin52,P-ACO,"K=5, ants=30, q0=0.9, beta=3",50602,7565.733333333334,58.57128610125916
tsp,berlin52,P-ACO,"K=5, ants=30, q0=0.9, beta=3",50964,7565.733333333334,58.57128610125916
tsp,berlin52,P-ACO,"K=5, ants=30, q0=0.9, beta=3",51325,7565.733333333334,58.57128610125916
tsp,berlin52,P-ACO,"K=5, ants=30, q0=0.9, beta=3",51687,7565.733333333334,58.57128610125916
tsp,berlin52,P-ACO,"K=5, ants=30, q0=0.9, beta=3",52048,7565.733333333334,58.57128610125916
tsp,berlin52,P-ACO,"K=5, ants=30, q0=0.9, beta=3",52410,7565.733333333334,58.57128610125916
tsp,berlin52,P-ACO,"K=5, ants=30, q0=0.9, beta=3",52771,7565.733333333334,58.57128610125916
tsp,berlin52,P-ACO,"K=5, ants=30, q0=0.9, beta=3",53133,7565.733333333334,58.57128610125916
tsp,berlin52,P-ACO,"K=5, ants=30, q0=0.9, beta=3",53494,7565.733333333334,58.57128610125916
tsp,berlin52,P-ACO,"K=5, ants=30, q0=0.9, beta=3",53855,7565.733333333334,58.57128610125916
tsp,berlin52,P-ACO,"K=5, ants=30, q0=0.9, beta=3",54217,7565.733333333334,58.57128610125916
tsp,berlin52,P-ACO,"K=5, ants=30, q0=0.9, beta=3",54578,7565.733333333334,58.57128610125916
tsp,berlin52,P-ACO,"K=5, ants=30, q0=0.9, beta=3",54940,7565.4,58.69105553659774
tsp,berlin52,P-ACO,"K=5, ants=30, q0=0.9, beta=3",55301,7565.4,58.69105553659774
tsp,berlin52,P-ACO,"K=5, ants=30, q0=0.9, beta=3",55663,7565.4,58.69105553659774
tsp,berlin52,P-ACO,"K=5, ants=30, q0=0.9, beta=3",56024,7565.4,58.69105553659774
tsp,berlin52,P-ACO,"K=5, ants=30, q0=0.9, beta=3",56386,7565.4,58.69105553659774
tsp,berlin52,P-ACO,"K=5, ants=30, q0=0.9, beta=3",56747,7565.4,58.69105553659774
tsp,berlin52,P-ACO,"K=5, ants=30, q0=0.9, beta=3",57108,7565.4,58.69105553659774
tsp,berlin52,P-ACO,"K=5, ants=30, q0=0.9, beta=3",57470,7565.4,58.69105553659774
tsp,berlin52,P-ACO,"K=5, ants=30, q0=0.9, beta=3",57831,7565.4,58.69105553659774
tsp,berlin52,P-ACO,"K=5, ants=30, q0=0.9, beta=3",58193,7565.4,58.69105553659774
tsp,berlin52,P-ACO,"K=5, ants=30, q0=0.9, beta=3",58554,7565.4,58.69105553659774
tsp,berlin52,P-ACO,"K=5, ants=30, q0=0.9, beta=3",58916,7565.4,58.69105553659774
tsp,berlin52,P-ACO,"K=5, ants=30, q0=0.9, beta=3",59277,7565.4,58.69105553659774
tsp,berlin52,P-ACO,"K=5, ants=30, q0=0.9, beta=3",59639,7565.4,58.69105553659774
tsp,berlin52,P-ACO,"K=5, ants=30, q0=0.9, beta=3",60000,7565.4,58.69105553659774
tsp,berlin52,P-ACO,"K=5, ants=30, q0=0.9, beta=3",60361,7565.4,58.69105553659774
tsp,berlin52,P-ACO,"K=5, ants=30, q0=0.9, beta=3",60723,7565.4,58.69105553659774
tsp,berlin52,P-ACO,"K=5, ants=30, q0=0.9, beta=3",61084,7565.4,58.69105553659774
tsp,berlin52,P-ACO,"K=5, ants=30, q0=0.9, beta=3",61446,7565.4,58.69105553659774
tsp,berlin52,P-ACO,"K=5, ants=30, q0=0.9, beta=3",61807,7565.4,58.69105553659774
tsp,berlin52,P-ACO,"K=5, ants=30, q0=0.9, beta=3",62169,7565.4,58.69105553659774
tsp,berlin52,P-ACO,"K=5, ants=30, q0=0.9, beta=3",62530,7565.4,58.69105553659774
tsp,berlin52,P-ACO,"K=5, ants=30, q0=0.9, beta=3",62892,7565.4,58.69105553659774
tsp,berlin52,P-ACO,"K=5, ants=30, q0=0.9, beta=3",63253,7565.4,58.69105553659774
tsp,berlin52,P-ACO,"K=5, ants=30, q0=0.9, beta=3",63614,7565.4,58.69105553659774
tsp,berlin52,P-ACO,"K=5, ants=30, q0=0.9, beta=3",63976,7565.4,58.69105553659774
tsp,berlin52,P-ACO,"K=5, ants=30, q0=0.9, beta=3",64337,7565.4,58.69105553659774
tsp,berlin52,P-ACO,"K=5, ants=30, q0=0.9, beta=3",64699,7565.4,58.69105553659774
tsp,berlin52,P-ACO,"K=5, ants=30, q0=0.9, beta=3",65060,7565.4,58.69105553659774
tsp,berlin52,P-ACO,"K=5, ants=30, q0=0.9, beta=3",65422,7565.4,58.69105553659774
tsp,berlin52,P-ACO,"K=5, ants=30, q0=0.9, beta=3",65783,7565.4,58.69105553659774
tsp,berlin52,P-ACO,"K=5, ants=30, q0=0.9, beta=3",66145,7565.4,58.69105553659774
tsp,berlin52,P-ACO,"K=5, ants=30, q0=0.9, beta=3",66506,7565.4,58.69105553659774
tsp,berlin52,P-ACO,"K=5, ants=30, q0=0.9, beta=3",66867,7565.4,58.69105553659774
tsp,berlin52,P-ACO,"K=5, ants=30, q0=0.9, beta=3",67229,7565.4,58.69105553659774
tsp,berlin52,P-ACO,"K=5, ants=30, q0=0.9, beta=3",67590,7565.4,58.69105553659774
tsp,berlin52,P-ACO,"K=5, ants=30, q0=0.9, beta=3",67952,7565.4,58.69105553659774
tsp,berlin52,P-ACO,"K=5, ants=30, q0=0.9, beta=3",68313,7565.4,58.69105553659774
tsp,berlin52,P-ACO,"K=5, ants=30, q0=0.9, beta=3",68675,7565.4,58.69105553659774
tsp,berlin52,P-ACO,"K=5, ants=30, q0=0.9, beta=3",69036,7565.4,58.69105553659774
tsp,berlin52,P-ACO,"K=5, ants=30, q0=0.9, beta=3",69398,7565.4,58.69105553659774
tsp,berlin52,P-ACO,"K=5, ants=30, q0=0.9, beta=3",69759,7565.4,58.69105553659774
tsp,berlin52,P-ACO,"K=5, ants=30, q0=0.9, beta=3",70120,7565.4,58.69105553659774
tsp,berlin52,P-ACO,"K=5, ants=30, q0=0.9, beta=3",70482,7565.066666666667,58.80869172343679
tsp,berlin52,P-ACO,"K=5, ants=30, q0=0.9, beta=3",70843,7565.066666666667,58.80869172343679
tsp,berlin52,P-ACO,"K=5, ants=30, q0=0.9, beta=3",71205,7565.066666666667,58.80869172343679
tsp,berlin52,P-ACO,"K=5, ants=30, q0=0.9, beta=3",71566,7565.066666666667,58.80869172343679
tsp,berlin52,P-ACO,"K=5, ants=30, q0=0.9, beta=3",71928,7565.066666666667,58.80869172343679
tsp,berlin52,P-ACO,"K=5, ants=30, q0=0.9, beta=3",72289,7565.066666666667,58.80869172343679
tsp,berlin52,P-ACO,"K=5, ants=30, q0=0.9, beta=3",72651,7565.066666666667,58.80869172343679
tsp,berlin52,P-ACO,"K=5, ants=30, q0=0.9, beta=3",73012,7565.066666666667,58.80869172343679
tsp,berlin52,P-ACO,"K=5, ants=30, q0=0.9, beta=3",73373,7565.066666666667,58.80869172343679
tsp,berlin52,P-ACO,"K=5, ants=30, q0=0.9, beta=3",73735,7565.066666666667,58.80869172343679
tsp,berlin52,P-ACO,"K=5, ants=30, q0=0.9, beta=3",74096,7565.066666666667,58.80869172343679
tsp,berlin52,P-ACO,"K=5, ants=30, q0=0.9, beta=3",74458,7565.066666666667,58.80869172343679
tsp,berlin52,P-ACO,"K=5, ants=30, q0=0.9, beta=3",74819,7565.066666666667,58.80869172343679
tsp,berlin52,P-ACO,"K=5, ants=30, q0=0.9, beta=3",75181,7565.066666666667,58.80869172343679
tsp,berlin52,P-ACO,"K=5, ants=30, q0=0.9, beta=3",75542,7565.066666666667,58.80869172343679
tsp,berlin52,P-ACO,"K=5, ants=30, q0=0.9, beta=3",75904,7565.066666666667,58.80869172343679
tsp,berlin52,P-ACO,"K=5, ants=30, q0=0.9, beta=3",76265,7565.066666666667,58.80869172343679
tsp,berlin52,P-ACO,"K=5, ants=30, q0=0.9, beta=3",76627,7565.066666666667,58.80869172343679
tsp,berlin52,P-ACO,"K=5, ants=30, q0=0.9, beta=3",76988,7565.066666666667,58.80869172343679
tsp,berlin52,P-ACO,"K=5, ants=30, q0=0.9, beta=3",77349,7565.066666666667,58.80869172343679
tsp,berlin52,P-ACO,"K=5, ants=30, q0=0.9, beta=3",77711,7565.066666666667,58.80869172343679
tsp,berlin52,P-ACO,"K=5, ants=30, q0=0.9, beta=3",78072,7565.066666666667,58.80869172343679
tsp,berlin52,P-ACO,"K=5, ants=30, q0=0.9, beta=3",78434,7565.066666666667,58.80869172343679
tsp,berlin52,P-ACO,"K=5, ants=30, q0=0.9, beta=3",78795,7565.066666666667,58.80869172343679
tsp,berlin52,P-ACO,"K=5, ants=30, q0=0.9, beta=3",79157,7565.066666666667,58.80869172343679
tsp,berlin52,P-ACO,"K=5, ants=30, q0=0.9, beta=3",79518,7565.066666666667,58.80869172343679
tsp,berlin52,P-ACO,"K=5, ants=30, q0=0.9, beta=3",79880,7565.066666666667,58.80869172343679
tsp,berlin52,P-ACO,"K=5, ants=30, q0=0.9, beta=3",80241,7565.066666666667,58.80869172343679
tsp,berlin52,P-ACO,"K=5, ants=30, q0=0.9, beta=3",80602,7565.066666666667,58.80869172343679
tsp,berlin52,P-ACO,"K=5, ants=30, q0=0.9, beta=3",80964,7565.066666666667,58.80869172343679
tsp,berlin52,P-ACO,"K=5, ants=30, q0=0.9, beta=3",81325,7565.066666666667,58.80869172343679
tsp,berlin52,P-ACO,"K=5, ants=30, q0=0.9, beta=3",81687,7565.066666666667,58.80869172343679
tsp,berlin52,P-ACO,"K=5, ants=30, q0=0.9, beta=3",82048,7565.066666666667,58.80869172343679
tsp,berlin52,P-ACO,"K=5, ants=30, q0=0.9, beta=3",82410,7565.066666666667,58.80869172343679
tsp,berlin52,P-ACO,"K=5, ants=30, q0=0.9, beta=3",82771,7565.066666666667,58.80869172343679
tsp,berlin52,P-ACO,"K=5, ants=30, q0=0.9, beta=3",83133,7565.066666666667,58.80869172343679
tsp,berlin52,P-ACO,"K=5, ants=30, q0=0.9, beta=3",83494,7565.066666666667,58.80869172343679
tsp,berlin52,P-ACO,"K=5, ants=30, q0=0.9, beta=3",83855,7565.066666666667,58.80869172343679
tsp,berlin52,P-ACO,"K=5, ants=30, q0=0.9, beta=3",84217,7565.066666666667,58.80869172343679
tsp,berlin52,P-ACO,"K=5, ants=30, q0=0.9, beta=3",84578,7565.066666666667,58.80869172343679
tsp,berlin52,P-ACO,"K=5, ants=30, q0=0.9, beta=3",84940,7565.066666666667,58.80869172343679
tsp,berlin52,P-ACO,"K=5, ants=30, q0=0.9, beta=3",85301,7565.066666666667,58.80869172343679
tsp,berlin52,P-ACO,"K=5, ants=30, q0=0.9, beta=3",85663,7565.066666666667,58.80869172343679
tsp,berlin52,P-ACO,"K=5, ants=30, q0=0.9, beta=3",86024,7565.066666666667,58.80869172343679
tsp,berlin52,P-ACO,"K=5, ants=30, q0=0.9, beta=3",86386,7565.066666666667,58.80869172343679
tsp,berlin52,P-ACO,"K=5, ants=30, q0=0.9, beta=3",86747,7565.066666666667,58.80869172343679
tsp,berlin52,P-ACO,"K=5, ants=30, q0=0.9, beta=3",87108,7565.066666666667,58.80869172343679
tsp,berlin52,P-ACO,"K=5, ants=30, q0=0.9, beta=3",87470,7565.066666666667,58.80869172343679
tsp,berlin52,P-ACO,"K=5, ants=30, q0=0.9, beta=3",87831,7565.066666666667,58.80869172343679
tsp,berlin52,P-ACO,"K=5, ants=30, q0=0.9, beta=3",88193,7565.066666666667,58.80869172343679
tsp,berlin52,P-ACO,"K=5, ants=30, q0=0.9, beta=3",88554,7565.066666666667,58.80869172343679
tsp,berlin52,P-ACO,"K=5, ants=30, q0=0.9, beta=3",88916,7565.066666666667,58.80869172343679
tsp,berlin52,P-ACO,"K=5, ants=30, q0=0.9, beta=3",89277,7565.066666666667,58.80869172343679
tsp,berlin52,P-ACO,"K=5, ants=30, q0=0.9, beta=3",89639,7565.066666666667,58.80869172343679
tsp,berlin52,P-ACO,"K=5, ants=30, q0=0.9, beta=3",90000,7565.066666666667,58.80869172343679
