problem,crossover,generation,fitness_evaluations,mean_fitness,std_fitness,min_fitness,max_fitness,bit_length,trials
onemax,single_point,0,5,55.12,3.32048189273786,48.0,63.0,100,50
onemax,single_point,1,30,58.54,3.1190383133267217,53.0,66.0,100,50
onemax,single_point,2,55,60.94,3.1203204963593083,55.0,71.0,100,50
onemax,single_point,3,80,62.92,3.3813606728652887,57.0,72.0,100,50
onemax,single_point,4,105,64.96,3.2982419559516853,58.0,74.0,100,50
onemax,single_point,5,130,66.72,3.310830711468045,59.0,76.0,100,50
onemax,single_point,6,155,68.6,3.4351128074635335,62.0,79.0,100,50
onemax,single_point,7,180,70.48,3.5566276161555064,63.0,81.0,100,50
onemax,single_point,8,205,72.08,3.626789213615812,64.0,82.0,100,50
onemax,single_point,9,230,73.8,3.382306905057553,66.0,83.0,100,50
onemax,single_point,10,255,75.26,3.1988122795812823,67.0,84.0,100,50
onemax,single_point,11,280,76.64,3.179685519041152,69.0,85.0,100,50
onemax,single_point,12,305,78.02,3.1336240999839142,70.0,86.0,100,50
onemax,single_point,13,330,79.38,3.065224298481271,72.0,87.0,100,50
onemax,single_point,14,355,80.62,2.9522195040342107,73.0,88.0,100,50
onemax,single_point,15,380,81.8,2.95296461204668,74.0,89.0,100,50
onemax,single_point,16,405,82.88,2.970791140420343,74.0,90.0,100,50
onemax,single_point,17,430,83.86,2.9530323398161418,76.0,91.0,100,50
onemax,single_point,18,455,84.84,2.9418361613115027,77.0,91.0,100,50
onemax,single_point,19,480,85.9,2.8583211855912904,77.0,92.0,100,50
onemax,single_point,20,505,86.92,2.9518807563992144,78.0,93.0,100,50
onemax,single_point,21,530,87.82,2.9508642801728446,78.0,94.0,100,50
onemax,single_point,22,555,88.64,2.889705867385122,79.0,95.0,100,50
onemax,single_point,23,580,89.6,2.891366458960192,80.0,96.0,100,50
onemax,single_point,24,605,90.42,2.8919889349719163,81.0,97.0,100,50
onemax,single_point,25,630,91.14,2.7785607785326563,82.0,97.0,100,50
onemax,single_point,26,655,91.76,2.7244081926172514,82.0,97.0,100,50
onemax,single_point,27,680,92.44,2.5702918122267753,83.0,98.0,100,50
onemax,single_point,28,705,93.0,2.4331050121192876,84.0,98.0,100,50
onemax,single_point,29,730,93.5,2.4186773244895647,85.0,98.0,100,50
onemax,single_point,30,755,94.04,2.3405982141324473,86.0,99.0,100,50
onemax,single_point,31,780,94.44,2.290502128355265,86.0,99.0,100,50
onemax,single_point,32,805,94.9,2.247220505424423,86.0,99.0,100,50
onemax,single_point,33,830,95.22,2.166010156947561,87.0,99.0,100,50
onemax,single_point,34,855,95.62,1.9787875075409183,88.0,99.0,100,50
onemax,single_point,35,880,95.84,1.911648503255763,89.0,99.0,100,50
onemax,single_point,36,905,96.18,1.8835073665903195,90.0,100.0,100,50
onemax,single_point,37,930,96.58,1.7560182231400674,90.0,100.0,100,50
onemax,single_point,38,955,96.84,1.747684181996278,90.0,100.0,100,50
onemax,single_point,39,980,97.08,1.6228370220080635,91.0,100.0,100,50
onemax,single_point,40,1005,97.36,1.5844241856270687,91.0,100.0,100,50
onemax,single_point,41,1030,97.66,1.5698407562552323,91.0,100.0,100,50
onemax,single_point,42,1055,97.78,1.5138031576133009,91.0,100.0,100,50
onemax,single_point,43,1080,98.08,1.4260434775980708,92.0,100.0,100,50
onemax,single_point,44,1105,98.18,1.3219682295728592,93.0,100.0,100,50
onemax,single_point,45,1130,98.42,1.201499063670047,94.0,100.0,100,50
onemax,single_point,46,1155,98.6,1.0392304845413263,95.0,100.0,100,50
onemax,single_point,47,1180,98.76,0.928654941299512,96.0,100.0,100,50
onemax,single_point,48,1205,98.82,0.9526804291051644,96.0,100.0,100,50
onemax,single_point,49,1230,98.98,0.9053176238205018,97.0,100.0,100,50
onemax,single_point,50,1255,99.12,0.7909487973314075,97.0,100.0,100,50
onemax,single_point,51,1280,99.24,0.8138795979750323,97.0,100.0,100,50
onemax,single_point,52,1305,99.3,0.8062257748298549,97.0,100.0,100,50
onemax,single_point,53,1330,99.34,0.7644605941446557,97.0,100.0,100,50
onemax,single_point,54,1355,99.36,0.7683749084919419,97.0,100.0,100,50
onemax,single_point,55,1380,99.46,0.7539230729988305,97.0,100.0,100,50
onemax,single_point,56,1405,99.5,0.7549834435270749,97.0,100.0,100,50
onemax,single_point,57,1430,99.56,0.7525955088890712,97.0,100.0,100,50
onemax,single_point,58,1455,99.56,0.7525955088890712,97.0,100.0,100,50
onemax,single_point,59,1480,99.66,0.6814690014960328,98.0,100.0,100,50
onemax,single_point,60,1505,99.66,0.6814690014960328,98.0,100.0,100,50
onemax,single_point,61,1530,99.72,0.6013318551349164,98.0,100.0,100,50
onemax,single_point,62,1555,99.76,0.5851495535331117,98.0,100.0,100,50
onemax,single_point,63,1580,99.76,0.5851495535331117,98.0,100.0,100,50
onemax,single_point,64,1605,99.8,0.529150262212918,98.0,100.0,100,50
onemax,single_point,65,1630,99.8,0.529150262212918,98.0,100.0,100,50
onemax,single_point,66,1655,99.8,0.529150262212918,98.0,100.0,100,50
onemax,single_point,67,1680,99.82,0.5173006862551026,98.0,100.0,100,50
onemax,single_point,68,1705,99.84,0.46303347611160905,98.0,100.0,100,50
onemax,single_point,69,1730,99.88,0.43081318457076034,98.0,100.0,100,50
onemax,single_point,70,1755,99.9,0.41231056256176607,98.0,100.0,100,50
onemax,single_point,71,1780,99.92,0.33704599092705434,98.0,100.0,100,50
onemax,single_point,72,1805,99.94,0.23748684174075835,99.0,100.0,100,50
onemax,single_point,73,1830,99.96,0.19595917942265423,99.0,100.0,100,50
onemax,single_point,74,1855,99.98,0.14,99.0,100.0,100,50
onemax,single_point,75,1880,99.98,0.14,99.0,100.0,100,50
onemax,single_point,76,1905,99.98,0.14,99.0,100.0,100,50
onemax,single_point,77,1930,99.98,0.14,99.0,100.0,100,50
onemax,single_point,78,1955,100.0,0.0,100.0,100.0,100,50
onemax,two_point,0,5,55.12,3.32048189273786,48.0,63.0,100,50
onemax,two_point,1,30,58.14,3.340718485595576,51.0,67.0,100,50
onemax,two_point,2,55,60.64,3.3571416413371655,52.0,70.0,100,50
onemax,two_point,3,80,62.66,3.3203011911572116,54.0,72.0,100,50
onemax,two_point,4,105,64.78,3.3423943513595162,56.0,74.0,100,50
onemax,two_point,5,130,66.62,3.1930549635106504,58.0,76.0,100,50
onemax,two_point,6,155,68.34,3.1598101208775184,60.0,77.0,100,50
onemax,two_point,7,180,70.14,3.2311607821338755,61.0,80.0,100,50
onemax,two_point,8,205,71.64,3.0903721458749915,64.0,81.0,100,50
onemax,two_point,9,230,73.26,3.0252933742035664,65.0,82.0,100,50
onemax,two_point,10,255,74.94,2.8733952042836015,70.0,83.0,100,50
onemax,two_point,11,280,76.44,2.8786107760515316,70.0,84.0,100,50
onemax,two_point,12,305,77.78,2.722425389243937,72.0,85.0,100,50
onemax,two_point,13,330,79.08,2.711752201068527,73.0,86.0,100,50
onemax,two_point,14,355,80.34,2.5503725218093143,74.0,87.0,100,50
onemax,two_point,15,380,81.46,2.64733828590152,75.0,87.0,100,50
onemax,two_point,16,405,82.8,2.5455844122715714,76.0,88.0,100,50
onemax,two_point,17,430,84.04,2.4327761919255955,78.0,89.0,100,50
onemax,two_point,18,455,85.02,2.2670685918163125,79.0,90.0,100,50
onemax,two_point,19,480,85.9,2.351595203260969,80.0,91.0,100,50
onemax,two_point,20,505,86.88,2.1784398086704164,82.0,91.0,100,50
onemax,two_point,21,530,87.72,2.24535075210979,82.0,92.0,100,50
onemax,two_point,22,555,88.66,2.1504418150696383,84.0,93.0,100,50
onemax,two_point,23,580,89.42,2.079326814139615,85.0,94.0,100,50
onemax,two_point,24,605,90.24,2.093418257300724,85.0,96.0,100,50
onemax,two_point,25,630,91.0,1.98997487421324,86.0,96.0,100,50
onemax,two_point,26,655,91.7,2.0420577856662137,87.0,97.0,100,50
onemax,two_point,27,680,92.42,1.7898603297464302,88.0,97.0,100,50
onemax,two_point,28,705,93.0,1.833030277982336,88.0,97.0,100,50
onemax,two_point,29,730,93.58,1.6503332996700997,89.0,97.0,100,50
onemax,two_point,30,755,94.12,1.6448708155961673,89.0,97.0,100,50
onemax,two_point,31,780,94.5,1.6031219541881396,90.0,98.0,100,50
onemax,two_point,32,805,94.88,1.6569852141766386,91.0,98.0,100,50
onemax,two_point,33,830,95.32,1.6666133324799728,91.0,98.0,100,50
onemax,two_point,34,855,95.66,1.692453839843202,91.0,99.0,100,50
onemax,two_point,35,880,96.02,1.5425952158618927,92.0,99.0,100,50
onemax,two_point,36,905,96.3,1.5132745950421558,92.0,99.0,100,50
onemax,two_point,37,930,96.62,1.4545102268461367,93.0,99.0,100,50
onemax,two_point,38,955,96.92,1.3392535234226564,94.0,99.0,100,50
onemax,two_point,39,980,97.2,1.3564659966250536,95.0,99.0,100,50
onemax,two_point,40,1005,97.52,1.2998461447417535,95.0,100.0,100,50
onemax,two_point,41,1030,97.8,1.2649110640673518,95.0,100.0,100,50
onemax,two_point,42,1055,97.96,1.1306635220082055,95.0,100.0,100,50
onemax,two_point,43,1080,98.1,1.02469507659596,96.0,100.0,100,50
onemax,two_point,44,1105,98.28,1.0007996802557442,96.0,100.0,100,50
onemax,two_point,45,1130,98.48,0.9217374897442331,96.0,100.0,100,50
onemax,two_point,46,1155,98.6,0.916515138991168,96.0,100.0,100,50
onemax,two_point,47,1180,98.76,0.8845337754998392,97.0,100.0,100,50
onemax,two_point,48,1205,98.92,0.844748483277715,97.0,100.0,100,50
onemax,two_point,49,1230,99.02,0.8121576201698781,97.0,100.0,100,50
onemax,two_point,50,1255,99.16,0.7578918128598566,97.0,100.0,100,50
onemax,two_point,51,1280,99.18,0.7665507158694721,97.0,100.0,100,50
onemax,two_point,52,1305,99.24,0.7631513611335564,97.0,100.0,100,50
onemax,two_point,53,1330,99.28,0.7493997598078078,97.0,100.0,100,50
onemax,two_point,54,1355,99.36,0.7418894796396563,97.0,100.0,100,50
onemax,two_point,55,1380,99.36,0.7418894796396563,97.0,100.0,100,50
onemax,two_point,56,1405,99.44,0.6681317235396026,98.0,100.0,100,50
onemax,two_point,57,1430,99.46,0.6390618123468184,98.0,100.0,100,50
onemax,two_point,58,1455,99.48,0.6079473661428266,98.0,100.0,100,50
onemax,two_point,59,1480,99.54,0.6069596362197408,98.0,100.0,100,50
onemax,two_point,60,1505,99.6,0.6,98.0,100.0,100,50
onemax,two_point,61,1530,99.62,0.596322060635023,98.0,100.0,100,50
onemax,two_point,62,1555,99.66,0.5517245689653489,98.0,100.0,100,50
onemax,two_point,63,1580,99.7,0.458257569495584,99.0,100.0,100,50
onemax,two_point,64,1605,99.7,0.458257569495584,99.0,100.0,100,50
onemax,two_point,65,1630,99.72,0.448998886412873,99.0,100.0,100,50
onemax,two_point,66,1655,99.74,0.4386342439892262,99.0,100.0,100,50
onemax,two_point,67,1680,99.76,0.4270831300812525,99.0,100.0,100,50
onemax,two_point,68,1705,99.82,0.3841874542459709,99.0,100.0,100,50
onemax,two_point,69,1730,99.82,0.3841874542459709,99.0,100.0,100,50
onemax,two_point,70,1755,99.86,0.34698703145794946,99.0,100.0,100,50
onemax,two_point,71,1780,99.88,0.3249615361854384,99.0,100.0,100,50
onemax,two_point,72,1805,99.9,0.30000000000000004,99.0,100.0,100,50
onemax,two_point,73,1830,99.92,0.2712931993250107,99.0,100.0,100,50
onemax,two_point,74,1855,99.92,0.2712931993250107,99.0,100.0,100,50
onemax,two_point,75,1880,99.92,0.2712931993250107,99.0,100.0,100,50
onemax,two_point,76,1905,99.92,0.2712931993250107,99.0,100.0,100,50
onemax,two_point,77,1930,99.92,0.2712931993250107,99.0,100.0,100,50
onemax,two_point,78,1955,99.94,0.23748684174075835,99.0,100.0,100,50
onemax,two_point,79,1980,99.94,0.23748684174075835,99.0,100.0,100,50
onemax,two_point,80,2005,99.94,0.23748684174075835,99.0,100.0,100,50
onemax,two_point,81,2030,99.94,0.23748684174075835,99.0,100.0,100,50
onemax,two_point,82,2055,99.94,0.23748684174075835,99.0,100.0,100,50
onemax,two_point,83,2080,99.94,0.23748684174075835,99.0,100.0,100,50
onemax,two_point,84,2105,99.94,0.23748684174075835,99.0,100.0,100,50
onemax,two_point,85,2130,99.94,0.23748684174075835,99.0,100.0,100,50
onemax,two_point,86,2155,99.96,0.19595917942265423,99.0,100.0,100,50
onemax,two_point,87,2180,99.96,0.19595917942265423,99.0,100.0,100,50
onemax,two_point,88,2205,100.0,0.0,100.0,100.0,100,50
onemax,three_point,0,5,55.12,3.32048189273786,48.0,63.0,100,50
onemax,three_point,1,30,59.08,2.9855652731099345,52.0,67.0,100,50
onemax,three_point,2,55,61.58,2.919520508576708,55.0,69.0,100,50
onemax,three_point,3,80,63.76,2.9970652311886705,57.0,71.0,100,50
onemax,three_point,4,105,65.68,2.8874902597238314,59.0,72.0,100,50
onemax,three_point,5,130,67.56,2.706732347314747,61.0,73.0,100,50
onemax,three_point,6,155,69.42,2.706215069058629,62.0,75.0,100,50
onemax,three_point,7,180,71.04,2.521586801995918,65.0,76.0,100,50
onemax,three_point,8,205,72.56,2.5310867231290204,65.0,78.0,100,50
onemax,three_point,9,230,74.1,2.5942243542145693,66.0,80.0,100,50
onemax,three_point,10,255,75.52,2.67761087538873,67.0,83.0,100,50
onemax,three_point,11,280,77.08,2.575577605120839,69.0,85.0,100,50
onemax,three_point,12,305,78.66,2.7972128985831595,70.0,87.0,100,50
onemax,three_point,13,330,79.9,2.640075756488817,71.0,87.0,100,50
onemax,three_point,14,355,81.2,2.6,72.0,88.0,100,50
onemax,three_point,15,380,82.5,2.539685019840059,74.0,89.0,100,50
onemax,three_point,16,405,83.6,2.553429066960741,75.0,91.0,100,50
onemax,three_point,17,430,84.66,2.502878343028282,77.0,92.0,100,50
onemax,three_point,18,455,85.76,2.34571950582332,78.0,92.0,100,50
onemax,three_point,19,480,86.76,2.4129649810969074,79.0,93.0,100,50
onemax,three_point,20,505,87.68,2.4119701490690137,79.0,93.0,100,50
onemax,three_point,21,530,88.72,2.383610706470333,80.0,93.0,100,50
onemax,three_point,22,555,89.54,2.2468644818947134,81.0,93.0,100,50
onemax,three_point,23,580,90.26,2.278683830635571,82.0,94.0,100,50
onemax,three_point,24,605,91.18,2.2688322987827902,83.0,95.0,100,50
onemax,three_point,25,630,91.94,2.120471645648675,84.0,95.0,100,50
onemax,three_point,26,655,92.56,2.011566553708825,86.0,96.0,100,50
onemax,three_point,27,680,93.28,2.0202970078679026,87.0,97.0,100,50
onemax,three_point,28,705,93.8,1.8867962264113207,88.0,97.0,100,50
onemax,three_point,29,730,94.42,1.9192706948213427,89.0,98.0,100,50
onemax,three_point,30,755,94.84,1.747684181996278,90.0,98.0,100,50
onemax,three_point,31,780,95.2,1.7435595774162693,90.0,99.0,100,50
onemax,three_point,32,805,95.52,1.7463103962354458,90.0,99.0,100,50
onemax,three_point,33,830,95.88,1.5702229141112418,91.0,99.0,100,50
onemax,three_point,34,855,96.32,1.6054905792311582,91.0,99.0,100,50
onemax,three_point,35,880,96.72,1.5753094934012175,92.0,99.0,100,50
onemax,three_point,36,905,97.04,1.45547243189282,93.0,100.0,100,50
onemax,three_point,37,930,97.36,1.4800000000000002,93.0,100.0,100,50
onemax,three_point,38,955,97.56,1.3734627770711518,93.0,100.0,100,50
onemax,three_point,39,980,97.86,1.2963024338479043,93.0,100.0,100,50
onemax,three_point,40,1005,97.98,1.1745637488020817,94.0,100.0,100,50
onemax,three_point,41,1030,98.24,1.1412274094149681,94.0,100.0,100,50
onemax,three_point,42,1055,98.4,1.0770329614269007,94.0,100.0,100,50
onemax,three_point,43,1080,98.52,1.0244998779892558,94.0,100.0,100,50
onemax,three_point,44,1105,98.62,0.977547952787995,94.0,100.0,100,50
onemax,three_point,45,1130,98.72,1.0007996802557444,94.0,100.0,100,50
onemax,three_point,46,1155,98.84,0.9243376006633074,95.0,100.0,100,50
onemax,three_point,47,1180,98.9,0.9219544457292886,95.0,100.0,100,50
onemax,three_point,48,1205,99.1,0.8306623862918074,96.0,100.0,100,50
onemax,three_point,49,1230,99.14,0.748598690888516,97.0,100.0,100,50
onemax,three_point,50,1255,99.3,0.7549834435270749,97.0,100.0,100,50
onemax,three_point,51,1280,99.34,0.7644605941446557,97.0,100.0,100,50
onemax,three_point,52,1305,99.4,0.7483314773547883,97.0,100.0,100,50
onemax,three_point,53,1330,99.5,0.6708203932499369,98.0,100.0,100,50
onemax,three_point,54,1355,99.56,0.6374950980203691,98.0,100.0,100,50
onemax,three_point,55,1380,99.58,0.6352952069707436,98.0,100.0,100,50
onemax,three_point,56,1405,99.62,0.6289674077406555,98.0,100.0,100,50
onemax,three_point,57,1430,99.62,0.6289674077406555,98.0,100.0,100,50
onemax,three_point,58,1455,99.62,0.6289674077406555,98.0,100.0,100,50
onemax,three_point,59,1480,99.64,0.6248199740725324,98.0,100.0,100,50
onemax,three_point,60,1505,99.66,0.62,98.0,100.0,100,50
onemax,three_point,61,1530,99.72,0.567097875150313,98.0,100.0,100,50
onemax,three_point,62,1555,99.76,0.5122499389946279,98.0,100.0,100,50
onemax,three_point,63,1580,99.76,0.5122499389946279,98.0,100.0,100,50
onemax,three_point,64,1605,99.8,0.4898979485566356,98.0,100.0,100,50
onemax,three_point,65,1630,99.8,0.4898979485566356,98.0,100.0,100,50
onemax,three_point,66,1655,99.82,0.4331281565541543,98.0,100.0,100,50
onemax,three_point,67,1680,99.84,0.417612260356422,98.0,100.0,100,50
onemax,three_point,68,1705,99.86,0.4004996878900157,98.0,100.0,100,50
onemax,three_point,69,1730,99.86,0.4004996878900157,98.0,100.0,100,50
onemax,three_point,70,1755,99.88,0.3249615361854384,99.0,100.0,100,50
onemax,three_point,71,1780,99.9,0.3,99.0,100.0,100,50
onemax,three_point,72,1805,99.9,0.3,99.0,100.0,100,50
onemax,three_point,73,1830,99.9,0.3,99.0,100.0,100,50
onemax,three_point,74,1855,99.92,0.2712931993250107,99.0,100.0,100,50
onemax,three_point,75,1880,99.92,0.2712931993250107,99.0,100.0,100,50
onemax,three_point,76,1905,99.96,0.19595917942265423,99.0,100.0,100,50
onemax,three_point,77,1930,99.98,0.14,99.0,100.0,100,50
onemax,three_point,78,1955,99.98,0.14,99.0,100.0,100,50
onemax,three_point,79,1980,99.98,0.14,99.0,100.0,100,50
onemax,three_point,80,2005,99.98,0.14,99.0,100.0,100,50
onemax,three_point,81,2030,99.98,0.14,99.0,100.0,100,50
onemax,three_point,82,2055,99.98,0.14,99.0,100.0,100,50
onemax,three_point,83,2080,99.98,0.14,99.0,100.0,100,50
onemax,three_point,84,2105,99.98,0.14,99.0,100.0,100,50
onemax,three_point,85,2130,99.98,0.14,99.0,100.0,100,50
onemax,three_point,86,2155,99.98,0.14,99.0,100.0,100,50
onemax,three_point,87,2180,99.98,0.14,99.0,100.0,100,50
onemax,three_point,88,2205,99.98,0.14,99.0,100.0,100,50
onemax,three_point,89,2230,99.98,0.14,99.0,100.0,100,50
onemax,three_point,90,2255,100.0,0.0,100.0,100.0,100,50
onemax,four_point,0,5,55.12,3.32048189273786,48.0,63.0,100,50
onemax,four_point,1,30,58.74,3.2729802932495637,51.0,67.0,100,50
onemax,four_point,2,55,61.68,3.094769781421552,54.0,70.0,100,50
onemax,four_point,3,80,63.98,3.0950928903669435,59.0,73.0,100,50
onemax,four_point,4,105,66.12,3.210233636357329,59.0,75.0,100,50
onemax,four_point,5,130,67.82,3.1918019988714836,62.0,77.0,100,50
onemax,four_point,6,155,69.38,2.9791945220142977,63.0,78.0,100,50
onemax,four_point,7,180,71.04,2.945912422323515,65.0,80.0,100,50
onemax,four_point,8,205,72.86,2.8566413845633476,66.0,82.0,100,50
onemax,four_point,9,230,74.42,2.885064990602465,67.0,83.0,100,50
onemax,four_point,10,255,75.9,2.692582403567252,70.0,85.0,100,50
onemax,four_point,11,280,77.34,2.6276224995230955,72.0,86.0,100,50
onemax,four_point,12,305,78.84,2.7521627858831312,73.0,88.0,100,50
onemax,four_point,13,330,80.14,2.7568822970885063,74.0,90.0,100,50
onemax,four_point,14,355,81.32,2.671628716719447,76.0,91.0,100,50
onemax,four_point,15,380,82.68,2.611053427258814,77.0,91.0,100,50
onemax,four_point,16,405,83.9,2.515949125081825,79.0,92.0,100,50
onemax,four_point,17,430,85.14,2.623051657897724,80.0,93.0,100,50
onemax,four_point,18,455,86.0,2.630589287593181,81.0,93.0,100,50
onemax,four_point,19,480,87.12,2.4870866490735706,82.0,93.0,100,50
onemax,four_point,20,505,88.08,2.431789464571306,83.0,93.0,100,50
onemax,four_point,21,530,88.92,2.390313786932586,84.0,94.0,100,50
onemax,four_point,22,555,89.8,2.2181073012818833,85.0,94.0,100,50
onemax,four_point,23,580,90.68,2.1581473536345936,85.0,96.0,100,50
onemax,four_point,24,605,91.38,2.0188115315699977,86.0,96.0,100,50
onemax,four_point,25,630,92.12,2.0846102753272615,86.0,97.0,100,50
onemax,four_point,26,655,92.76,2.0155396299750596,87.0,97.0,100,50
onemax,four_point,27,680,93.46,1.9515122341404885,88.0,98.0,100,50
onemax,four_point,28,705,93.96,1.8542923178398816,89.0,98.0,100,50
onemax,four_point,29,730,94.44,1.899052395275075,89.0,98.0,100,50
onemax,four_point,30,755,95.06,1.8155990746858184,90.0,98.0,100,50
onemax,four_point,31,780,95.48,1.6761861471805568,92.0,99.0,100,50
onemax,four_point,32,805,95.88,1.5829087149927503,93.0,99.0,100,50
onemax,four_point,33,830,96.04,1.5869467539901896,93.0,99.0,100,50
onemax,four_point,34,855,96.36,1.5717506163510802,93.0,99.0,100,50
onemax,four_point,35,880,96.7,1.4594519519326425,94.0,100.0,100,50
onemax,four_point,36,905,97.04,1.3850631754544627,94.0,100.0,100,50
onemax,four_point,37,930,97.34,1.3358143583597235,94.0,100.0,100,50
onemax,four_point,38,955,97.54,1.22,95.0,100.0,100,50
onemax,four_point,39,980,97.66,1.226539848516957,95.0,100.0,100,50
onemax,four_point,40,1005,97.88,1.1771151175649728,95.0,100.0,100,50
onemax,four_point,41,1030,98.0,1.1661903789690602,95.0,100.0,100,50
onemax,four_point,42,1055,98.16,1.1019981851164729,95.0,100.0,100,50
onemax,four_point,43,1080,98.3,1.0440306508910548,96.0,100.0,100,50
onemax,four_point,44,1105,98.42,1.0409610943738483,96.0,100.0,100,50
onemax,four_point,45,1130,98.6,0.9591663046625439,97.0,100.0,100,50
onemax,four_point,46,1155,98.7,0.9433981132056604,97.0,100.0,100,50
onemax,four_point,47,1180,98.78,0.9228217596047461,97.0,100.0,100,50
onemax,four_point,48,1205,98.9,0.9,97.0,100.0,100,50
onemax,four_point,49,1230,98.98,0.905317623820502,97.0,100.0,100,50
onemax,four_point,50,1255,99.04,0.9156418513807678,97.0,100.0,100,50
onemax,four_point,51,1280,99.12,0.8634813257969162,97.0,100.0,100,50
onemax,four_point,52,1305,99.3,0.7810249675906654,97.0,100.0,100,50
onemax,four_point,53,1330,99.34,0.7644605941446557,97.0,100.0,100,50
onemax,four_point,54,1355,99.42,0.7236021006050217,97.0,100.0,100,50
onemax,four_point,55,1380,99.46,0.72691127381545,97.0,100.0,100,50
onemax,four_point,56,1405,99.52,0.6997142273814361,97.0,100.0,100,50
onemax,four_point,57,1430,99.52,0.6997142273814361,97.0,100.0,100,50
onemax,four_point,58,1455,99.56,0.6681317235396026,97.0,100.0,100,50
onemax,four_point,59,1480,99.62,0.66,97.0,100.0,100,50
onemax,four_point,60,1505,99.62,0.66,97.0,100.0,100,50
onemax,four_point,61,1530,99.66,0.6514598989960932,97.0,100.0,100,50
onemax,four_point,62,1555,99.7,0.6403124237432849,97.0,100.0,100,50
onemax,four_point,63,1580,99.74,0.626418390534633,97.0,100.0,100,50
onemax,four_point,64,1605,99.74,0.626418390534633,97.0,100.0,100,50
onemax,four_point,65,1630,99.74,0.626418390534633,97.0,100.0,100,50
onemax,four_point,66,1655,99.74,0.626418390534633,97.0,100.0,100,50
onemax,four_point,67,1680,99.74,0.626418390534633,97.0,100.0,100,50
onemax,four_point,68,1705,99.78,0.6095900261651269,97.0,100.0,100,50
onemax,four_point,69,1730,99.78,0.6095900261651269,97.0,100.0,100,50
onemax,four_point,70,1755,99.82,0.5173006862551025,97.0,100.0,100,50
onemax,four_point,71,1780,99.86,0.4903060268852506,97.0,100.0,100,50
onemax,four_point,72,1805,99.88,0.4749736834815168,97.0,100.0,100,50
onemax,four_point,73,1830,99.9,0.36055512754639896,98.0,100.0,100,50
onemax,four_point,74,1855,99.9,0.36055512754639896,98.0,100.0,100,50
onemax,four_point,75,1880,99.9,0.36055512754639896,98.0,100.0,100,50
onemax,four_point,76,1905,99.9,0.36055512754639896,98.0,100.0,100,50
onemax,four_point,77,1930,99.92,0.33704599092705434,98.0,100.0,100,50
onemax,four_point,78,1955,99.94,0.23748684174075835,99.0,100.0,100,50
onemax,four_point,79,1980,99.94,0.23748684174075835,99.0,100.0,100,50
onemax,four_point,80,2005,99.96,0.19595917942265423,99.0,100.0,100,50
onemax,four_point,81,2030,99.96,0.19595917942265423,99.0,100.0,100,50
onemax,four_point,82,2055,99.96,0.19595917942265423,99.0,100.0,100,50
onemax,four_point,83,2080,99.96,0.19595917942265423,99.0,100.0,100,50
onemax,four_point,84,2105,99.98,0.14,99.0,100.0,100,50
onemax,four_point,85,2130,99.98,0.14,99.0,100.0,100,50
onemax,four_point,86,2155,99.98,0.14,99.0,100.0,100,50
onemax,four_point,87,2180,99.98,0.14,99.0,100.0,100,50
onemax,four_point,88,2205,99.98,0.14,99.0,100.0,100,50
onemax,four_point,89,2230,99.98,0.14,99.0,100.0,100,50
onemax,four_point,90,2255,99.98,0.14,99.0,100.0,100,50
onemax,four_point,91,2280,99.98,0.14,99.0,100.0,100,50
onemax,four_point,92,2305,99.98,0.14,99.0,100.0,100,50
onemax,four_point,93,2330,99.98,0.14,99.0,100.0,100,50
onemax,four_point,94,2355,99.98,0.14,99.0,100.0,100,50
onemax,four_point,95,2380,99.98,0.14,99.0,100.0,100,50
onemax,four_point,96,2405,99.98,0.14,99.0,100.0,100,50
onemax,four_point,97,2430,99.98,0.14,99.0,100.0,100,50
onemax,four_point,98,2455,99.98,0.14,99.0,100.0,100,50
onemax,four_point,99,2480,99.98,0.14,99.0,100.0,100,50
onemax,four_point,100,2505,99.98,0.14,99.0,100.0,100,50
onemax,four_point,101,2530,99.98,0.14,99.0,100.0,100,50
onemax,four_point,102,2555,100.0,0.0,100.0,100.0,100,50
onemax,uniform,0,5,55.12,3.32048189273786,48.0,63.0,100,50
onemax,uniform,1,30,59.9,3.176476034853718,52.0,67.0,100,50
onemax,uniform,2,55,63.58,2.905787328763067,58.0,70.0,100,50
onemax,uniform,3,80,66.64,2.70377513857939,61.0,73.0,100,50
onemax,uniform,4,105,68.96,2.8632848269077247,62.0,77.0,100,50
onemax,uniform,5,130,71.16,2.8799999999999994,64.0,79.0,100,50
onemax,uniform,6,155,72.94,2.866426346515814,67.0,80.0,100,50
onemax,uniform,7,180,74.68,2.8173746644704534,69.0,81.0,100,50
onemax,uniform,8,205,76.4,2.756809750418044,70.0,83.0,100,50
onemax,uniform,9,230,77.82,2.8683793333518497,72.0,84.0,100,50
onemax,uniform,10,255,79.38,2.770487321754063,74.0,85.0,100,50
onemax,uniform,11,280,80.74,2.575344637131116,76.0,86.0,100,50
onemax,uniform,12,305,82.22,2.6175561121015156,77.0,88.0,100,50
onemax,uniform,13,330,83.42,2.4745908752761534,79.0,89.0,100,50
onemax,uniform,14,355,84.7,2.515949125081825,80.0,90.0,100,50
onemax,uniform,15,380,85.96,2.4079867109267856,81.0,90.0,100,50
onemax,uniform,16,405,87.12,2.346401500169995,82.0,91.0,100,50
onemax,uniform,17,430,88.2,2.181742422927143,83.0,92.0,100,50
onemax,uniform,18,455,89.16,2.2032702966272657,84.0,94.0,100,50
onemax,uniform,19,480,90.14,2.190981515211847,85.0,95.0,100,50
onemax,uniform,20,505,90.94,2.2575207640241097,86.0,96.0,100,50
onemax,uniform,21,530,91.78,2.2026347858871205,87.0,97.0,100,50
onemax,uniform,22,555,92.54,2.1280037593951757,88.0,98.0,100,50
onemax,uniform,23,580,93.3,1.9313207915827966,89.0,98.0,100,50
onemax,uniform,24,605,93.96,1.7658992043715291,90.0,98.0,100,50
onemax,uniform,25,630,94.46,1.8461852561430558,90.0,98.0,100,50
onemax,uniform,26,655,95.0,1.6492422502470643,91.0,98.0,100,50
onemax,uniform,27,680,95.58,1.5503547981026793,92.0,99.0,100,50
onemax,uniform,28,705,95.9,1.5652475842498528,92.0,99.0,100,50
onemax,uniform,29,730,96.26,1.4671059948074643,93.0,99.0,100,50
onemax,uniform,30,755,96.64,1.3965672200076873,93.0,99.0,100,50
onemax,uniform,31,780,96.86,1.2963024338479043,94.0,99.0,100,50
onemax,uniform,32,805,97.02,1.2408061895396878,94.0,100.0,100,50
onemax,uniform,33,830,97.34,1.2101239605924676,94.0,100.0,100,50
onemax,uniform,34,855,97.64,1.1271202242884297,94.0,100.0,100,50
onemax,uniform,35,880,97.9,1.0999999999999999,95.0,100.0,100,50
onemax,uniform,36,905,98.02,1.0675204916066012,95.0,100.0,100,50
onemax,uniform,37,930,98.18,1.0332473082471592,96.0,100.0,100,50
onemax,uniform,38,955,98.38,1.0176443386566842,96.0,100.0,100,50
onemax,uniform,39,980,98.6,1.0,96.0,100.0,100,50
onemax,uniform,40,1005,98.68,0.9260669522232181,97.0,100.0,100,50
onemax,uniform,41,1030,98.82,0.9314504817756015,97.0,100.0,100,50
onemax,uniform,42,1055,98.9,0.9219544457292888,97.0,100.0,100,50
onemax,uniform,43,1080,98.96,0.9156418513807678,97.0,100.0,100,50
onemax,uniform,44,1105,99.14,0.9167333309092671,97.0,100.0,100,50
onemax,uniform,45,1130,99.22,0.9008884503644167,97.0,100.0,100,50
onemax,uniform,46,1155,99.32,0.8109253973085317,98.0,100.0,100,50
onemax,uniform,47,1180,99.44,0.7787168933572715,98.0,100.0,100,50
onemax,uniform,48,1205,99.46,0.78,98.0,100.0,100,50
onemax,uniform,49,1230,99.5,0.7549834435270749,98.0,100.0,100,50
onemax,uniform,50,1255,99.56,0.7255342858886822,98.0,100.0,100,50
onemax,uniform,51,1280,99.62,0.66,98.0,100.0,100,50
onemax,uniform,52,1305,99.66,0.6514598989960932,98.0,100.0,100,50
onemax,uniform,53,1330,99.66,0.6514598989960932,98.0,100.0,100,50
onemax,uniform,54,1355,99.68,0.6462197768561405,98.0,100.0,100,50
onemax,uniform,55,1380,99.74,0.5589275444992848,98.0,100.0,100,50
onemax,uniform,56,1405,99.74,0.5589275444992848,98.0,100.0,100,50
onemax,uniform,57,1430,99.76,0.5499090833947008,98.0,100.0,100,50
onemax,uniform,58,1455,99.76,0.5499090833947008,98.0,100.0,100,50
onemax,uniform,59,1480,99.76,0.5499090833947008,98.0,100.0,100,50
onemax,uniform,60,1505,99.78,0.5015974481593781,98.0,100.0,100,50
onemax,uniform,61,1530,99.8,0.4898979485566356,98.0,100.0,100,50
onemax,uniform,62,1555,99.82,0.47707441767506253,98.0,100.0,100,50
onemax,uniform,63,1580,99.86,0.4004996878900157,98.0,100.0,100,50
onemax,uniform,64,1605,99.86,0.4004996878900157,98.0,100.0,100,50
onemax,uniform,65,1630,99.9,0.3,99.0,100.0,100,50
onemax,uniform,66,1655,99.9,0.3,99.0,100.0,100,50
onemax,uniform,67,1680,99.9,0.3,99.0,100.0,100,50
onemax,uniform,68,1705,99.9,0.3,99.0,100.0,100,50
onemax,uniform,69,1730,99.9,0.3,99.0,100.0,100,50
onemax,uniform,70,1755,99.92,0.2712931993250107,99.0,100.0,100,50
onemax,uniform,71,1780,99.94,0.23748684174075835,99.0,100.0,100,50
onemax,uniform,72,1805,99.94,0.23748684174075835,99.0,100.0,100,50
onemax,uniform,73,1830,99.94,0.23748684174075835,99.0,100.0,100,50
onemax,uniform,74,1855,99.94,0.23748684174075835,99.0,100.0,100,50
onemax,uniform,75,1880,99.94,0.23748684174075835,99.0,100.0,100,50
onemax,uniform,76,1905,99.94,0.23748684174075835,99.0,100.0,100,50
onemax,uniform,77,1930,99.96,0.19595917942265423,99.0,100.0,100,50
onemax,uniform,78,1955,99.96,0.19595917942265423,99.0,100.0,100,50
onemax,uniform,79,1980,99.96,0.19595917942265423,99.0,100.0,100,50
onemax,uniform,80,2005,99.96,0.19595917942265423,99.0,100.0,100,50
onemax,uniform,81,2030,99.96,0.19595917942265423,99.0,100.0,100,50
onemax,uniform,82,2055,99.96,0.19595917942265423,99.0,100.0,100,50
onemax,uniform,83,2080,99.96,0.19595917942265423,99.0,100.0,100,50
onemax,uniform,84,2105,99.96,0.19595917942265423,99.0,100.0,100,50
onemax,uniform,85,2130,99.96,0.19595917942265423,99.0,100.0,100,50
onemax,uniform,86,2155,99.96,0.19595917942265423,99.0,100.0,100,50
onemax,uniform,87,2180,99.96,0.19595917942265423,99.0,100.0,100,50
onemax,uniform,88,2205,99.98,0.14,99.0,100.0,100,50
onemax,uniform,89,2230,99.98,0.14,99.0,100.0,100,50
onemax,uniform,90,2255,99.98,0.14,99.0,100.0,100,50
onemax,uniform,91,2280,99.98,0.14,99.0,100.0,100,50
onemax,uniform,92,2305,99.98,0.14,99.0,100.0,100,50
onemax,uniform,93,2330,99.98,0.14,99.0,100.0,100,50
onemax,uniform,94,2355,99.98,0.14,99.0,100.0,100,50
onemax,uniform,95,2380,99.98,0.14,99.0,100.0,100,50
onemax,uniform,96,2405,99.98,0.14,99.0,100.0,100,50
onemax,uniform,97,2430,99.98,0.14,99.0,100.0,100,50
onemax,uniform,98,2455,99.98,0.14,99.0,100.0,100,50
onemax,uniform,99,2480,99.98,0.14,99.0,100.0,100,50
onemax,uniform,100,2505,99.98,0.14,99.0,100.0,100,50
onemax,uniform,101,2530,99.98,0.14,99.0,100.0,100,50
onemax,uniform,102,2555,99.98,0.14,99.0,100.0,100,50
onemax,uniform,103,2580,99.98,0.14,99.0,100.0,100,50
onemax,uniform,104,2605,99.98,0.14,99.0,100.0,100,50
onemax,uniform,105,2630,99.98,0.14,99.0,100.0,100,50
onemax,uniform,106,2655,99.98,0.14,99.0,100.0,100,50
onemax,uniform,107,2680,99.98,0.14,99.0,100.0,100,50
onemax,uniform,108,2705,99.98,0.14,99.0,100.0,100,50
onemax,uniform,109,2730,99.98,0.14,99.0,100.0,100,50
onemax,uniform,110,2755,99.98,0.14,99.0,100.0,100,50
onemax,uniform,111,2780,99.98,0.14,99.0,100.0,100,50
onemax,uniform,112,2805,99.98,0.14,99.0,100.0,100,50
onemax,uniform,113,2830,100.0,0.0,100.0,100.0,100,50
leadingones,single_point,0,5,2.82,1.6815469068687914,0.0,7.0,100,50
leadingones,single_point,2,55,3.42,2.020791923974361,0.0,9.0,100,50
leadingones,single_point,4,105,4.36,2.2517548712060114,0.0,9.0,100,50
leadingones,single_point,6,155,5.2,2.4979991993593593,0.0,14.0,100,50
leadingones,single_point,8,205,6.06,2.7742386342922987,0.0,14.0,100,50
leadingones,single_point,10,255,6.54,2.6169447835214252,1.0,14.0,100,50
leadingones,single_point,12,305,7.4,2.863564212655271,1.0,15.0,100,50
leadingones,single_point,14,355,7.84,2.968905522242161,1.0,15.0,100,50
leadingones,single_point,16,405,8.42,3.0795454209996644,2.0,15.0,100,50
leadingones,single_point,19,480,9.2,2.9393876913398134,2.0,15.0,100,50
leadingones,single_point,21,530,9.62,3.1233955881380124,2.0,16.0,100,50
leadingones,single_point,23,580,10.32,3.529532546952925,2.0,20.0,100,50
leadingones,single_point,25,630,11.02,3.7335773729762183,2.0,21.0,100,50
leadingones,single_point,27,680,11.86,3.9090152212545806,2.0,21.0,100,50
leadingones,single_point,29,730,12.72,4.386524820401681,2.0,23.0,100,50
leadingones,single_point,31,780,13.38,4.312261587612699,6.0,25.0,100,50
leadingones,single_point,33,830,14.06,4.415472794616676,6.0,25.0,100,50
leadingones,single_point,35,880,14.96,4.749568401444494,7.0,25.0,100,50
leadingones,single_point,38,955,15.98,4.645384806450376,7.0,27.0,100,50
leadingones,single_point,40,1005,16.84,4.945139027368189,7.0,27.0,100,50
leadingones,single_point,42,1055,17.52,5.135133883356889,7.0,29.0,100,50
leadingones,single_point,44,1105,18.08,5.11014676892944,7.0,29.0,100,50
leadingones,single_point,46,1155,18.8,4.931531202375181,8.0,29.0,100,50
leadingones,single_point,48,1205,19.22,4.80120818128104,8.0,29.0,100,50
leadingones,single_point,50,1255,20.12,4.994557037415831,8.0,30.0,100,50
leadingones,single_point,52,1305,20.62,4.987544486017142,8.0,31.0,100,50
leadingones,single_point,54,1355,21.38,5.585302140439674,9.0,41.0,100,50
leadingones,single_point,57,1430,22.3,5.717516943569122,9.0,41.0,100,50
leadingones,single_point,59,1480,22.98,5.808579860861001,9.0,41.0,100,50
leadingones,single_point,61,1530,23.52,5.862559168144916,9.0,41.0,100,50
leadingones,single_point,63,1580,24.1,5.61159513863928,12.0,41.0,100,50
leadingones,single_point,65,1630,24.86,5.789680474775789,12.0,41.0,100,50
leadingones,single_point,67,1680,25.62,5.94605751738074,13.0,41.0,100,50
leadingones,single_point,69,1730,26.38,6.0229228784702205,13.0,41.0,100,50
leadingones,single_point,71,1780,27.0,6.0266076693277455,13.0,41.0,100,50
leadingones,single_point,73,1830,27.54,6.139087880133334,15.0,43.0,100,50
leadingones,single_point,76,1905,28.8,6.8934751758456345,15.0,50.0,100,50
leadingones,single_point,78,1955,29.34,6.96738114358616,15.0,51.0,100,50
leadingones,single_point,80,2005,29.9,6.966347680097513,15.0,51.0,100,50
leadingones,single_point,82,2055,30.26,7.143696522109544,15.0,51.0,100,50
leadingones,single_point,84,2105,30.74,7.16884928004488,15.0,51.0,100,50
leadingones,single_point,86,2155,31.52,7.414148636222502,15.0,52.0,100,50
leadingones,single_point,88,2205,31.98,7.582849068786744,15.0,53.0,100,50
leadingones,single_point,90,2255,32.56,7.754121484733135,15.0,53.0,100,50
leadingones,single_point,92,2305,33.76,8.021371453810128,20.0,58.0,100,50
leadingones,single_point,95,2380,34.42,8.047583488228003,22.0,60.0,100,50
leadingones,single_point,97,2430,34.88,8.031537835309003,22.0,60.0,100,50
leadingones,single_point,99,2480,35.44,8.270816162870506,22.0,60.0,100,50
leadingones,single_point,101,2530,35.9,8.32165848854662,23.0,60.0,100,50
leadingones,single_point,103,2580,36.84,8.230091129507619,23.0,62.0,100,50
leadingones,single_point,105,2630,37.26,8.296529394873497,23.0,63.0,100,50
leadingones,single_point,107,2680,37.62,8.574123861946479,23.0,64.0,100,50
leadingones,single_point,109,2730,38.04,8.768032846653803,23.0,64.0,100,50
leadingones,single_point,111,2780,38.7,9.250405396521819,23.0,64.0,100,50
leadingones,single_point,114,2855,39.32,9.248653956117074,23.0,64.0,100,50
leadingones,single_point,116,2905,39.7,9.394147114027968,23.0,64.0,100,50
leadingones,single_point,118,2955,40.32,9.521428464258921,23.0,64.0,100,50
leadingones,single_point,120,3005,41.18,9.913001563603226,23.0,65.0,100,50
leadingones,single_point,122,3055,41.92,9.797632367056849,23.0,66.0,100,50
leadingones,single_point,124,3105,42.74,9.963553582934153,23.0,68.0,100,50
leadingones,single_point,126,3155,43.12,10.14818210321435,23.0,69.0,100,50
leadingones,single_point,128,3205,43.46,10.139447716715146,23.0,69.0,100,50
leadingones,single_point,130,3255,44.14,10.057852653524012,23.0,70.0,100,50
leadingones,single_point,133,3330,45.04,9.695277200781833,27.0,70.0,100,50
leadingones,single_point,135,3380,45.4,9.501578816175762,27.0,70.0,100,50
leadingones,single_point,137,3430,45.96,9.499389454064929,27.0,70.0,100,50
leadingones,single_point,139,3480,46.4,9.664367542679656,27.0,70.0,100,50
leadingones,single_point,141,3530,46.9,9.773944955850734,27.0,70.0,100,50
leadingones,single_point,143,3580,47.54,10.064213829206931,27.0,79.0,100,50
leadingones,single_point,145,3630,48.22,9.966523967763283,27.0,79.0,100,50
leadingones,single_point,147,3680,48.72,10.14502833904371,27.0,79.0,100,50
leadingones,single_point,149,3730,49.3,10.701868995647443,27.0,82.0,100,50
leadingones,single_point,152,3805,50.22,10.933050809357834,28.0,82.0,100,50
leadingones,single_point,154,3855,50.8,10.95627673984187,28.0,82.0,100,50
leadingones,single_point,156,3905,51.08,10.932227586361346,28.0,82.0,100,50
leadingones,single_point,158,3955,51.5,11.126994203287786,28.0,82.0,100,50
leadingones,single_point,160,4005,51.94,11.100288284544686,28.0,82.0,100,50
leadingones,single_point,162,4055,52.62,11.133534928314546,29.0,82.0,100,50
leadingones,single_point,164,4105,53.1,11.296459622377268,29.0,83.0,100,50
leadingones,single_point,166,4155,53.5,11.168258592994702,29.0,83.0,100,50
leadingones,single_point,168,4205,54.2,10.979981785048643,29.0,83.0,100,50
leadingones,single_point,171,4280,54.86,10.733144925882629,29.0,83.0,100,50
leadingones,single_point,173,4330,55.3,10.798611021793498,29.0,85.0,100,50
leadingones,single_point,175,4380,56.06,10.414240250733608,31.0,85.0,100,50
leadingones,single_point,177,4430,56.64,10.764311403893888,31.0,86.0,100,50
leadingones,single_point,179,4480,57.1,10.522832318344715,31.0,86.0,100,50
leadingones,single_point,181,4530,57.42,10.62655165140602,31.0,86.0,100,50
leadingones,single_point,183,4580,57.88,10.49502739396139,31.0,87.0,100,50
leadingones,single_point,185,4630,58.68,10.37581804003906,36.0,87.0,100,50
leadingones,single_point,188,4705,59.3,10.350362312499017,37.0,87.0,100,50
leadingones,single_point,190,4755,59.78,10.046472017579106,44.0,87.0,100,50
leadingones,single_point,192,4805,60.28,9.913707681790903,45.0,87.0,100,50
leadingones,single_point,194,4855,60.54,9.988413287404562,45.0,87.0,100,50
leadingones,single_point,196,4905,61.12,10.082936080328983,45.0,87.0,100,50
leadingones,single_point,198,4955,61.5,10.052362906302179,45.0,87.0,100,50
leadingones,single_point,200,5005,61.88,10.197332984658292,45.0,87.0,100,50
leadingones,single_point,202,5055,62.46,9.984407844233928,45.0,87.0,100,50
leadingones,single_point,204,5105,63.0,9.77957054271812,45.0,87.0,100,50
leadingones,single_point,207,5180,64.0,10.49571341072154,45.0,89.0,100,50
leadingones,single_point,209,5230,64.6,10.488088481701515,45.0,89.0,100,50
leadingones,single_point,211,5280,65.06,10.739478572072295,45.0,89.0,100,50
leadingones,single_point,213,5330,65.4,10.759182125050213,45.0,89.0,100,50
leadingones,single_point,215,5380,66.2,11.237437430304118,45.0,92.0,100,50
leadingones,single_point,217,5430,66.76,11.028254621652513,45.0,92.0,100,50
leadingones,single_point,219,5480,67.34,10.918992627527505,45.0,93.0,100,50
leadingones,single_point,221,5530,67.78,10.72248105617352,46.0,93.0,100,50
leadingones,single_point,223,5580,68.34,10.979271378374797,46.0,93.0,100,50
leadingones,single_point,226,5655,69.16,11.180983856530693,47.0,94.0,100,50
leadingones,single_point,228,5705,69.56,11.178837148827242,47.0,94.0,100,50
leadingones,single_point,230,5755,69.86,11.144523318652979,47.0,94.0,100,50
leadingones,single_point,232,5805,70.12,11.127695179146489,50.0,94.0,100,50
leadingones,single_point,234,5855,70.6,11.483901775964474,51.0,100.0,100,50
leadingones,single_point,236,5905,71.04,11.329536618944307,51.0,100.0,100,50
leadingones,single_point,238,5955,71.52,11.189709558339752,51.0,100.0,100,50
leadingones,single_point,240,6005,71.84,11.23807812750917,51.0,100.0,100,50
leadingones,single_point,242,6055,72.3,11.344161493913951,51.0,100.0,100,50
leadingones,single_point,245,6130,72.92,10.990614177560778,51.0,100.0,100,50
leadingones,single_point,247,6180,73.42,11.176922653396149,52.0,100.0,100,50
leadingones,single_point,249,6230,73.92,11.17110558539306,52.0,100.0,100,50
leadingones,single_point,251,6280,74.3,11.092790451459903,52.0,100.0,100,50
leadingones,single_point,253,6330,74.48,11.099981981967359,52.0,100.0,100,50
leadingones,single_point,255,6380,75.08,11.466193788699021,52.0,100.0,100,50
leadingones,single_point,257,6430,75.52,11.372317266063236,53.0,100.0,100,50
leadingones,single_point,259,6480,75.74,11.334566599566125,53.0,100.0,100,50
leadingones,single_point,261,6530,76.2,10.954451150103322,57.0,100.0,100,50
leadingones,single_point,264,6605,76.54,10.92924517064193,57.0,100.0,100,50
leadingones,single_point,266,6655,76.94,10.885605173806368,57.0,100.0,100,50
leadingones,single_point,268,6705,77.3,10.90366910723175,57.0,100.0,100,50
leadingones,single_point,270,6755,77.78,10.64761006047836,60.0,100.0,100,50
leadingones,single_point,272,6805,78.08,10.561893769585073,60.0,100.0,100,50
leadingones,single_point,274,6855,78.28,10.478625864110235,60.0,100.0,100,50
leadingones,single_point,276,6905,78.54,10.469403039333237,60.0,100.0,100,50
leadingones,single_point,278,6955,78.88,10.42811584132052,60.0,100.0,100,50
leadingones,single_point,280,7005,79.2,10.320852677952534,60.0,100.0,100,50
leadingones,single_point,283,7080,80.08,10.04358501731329,61.0,100.0,100,50
leadingones,single_point,285,7130,80.8,10.278132126023678,61.0,100.0,100,50
leadingones,single_point,287,7180,81.14,10.156790831753895,61.0,100.0,100,50
leadingones,single_point,289,7230,81.86,9.973986164016871,61.0,100.0,100,50
leadingones,single_point,291,7280,82.24,9.965058956172815,61.0,100.0,100,50
leadingones,single_point,293,7330,82.62,9.838475491660281,64.0,100.0,100,50
leadingones,single_point,295,7380,82.8,9.93176721434811,64.0,100.0,100,50
leadingones,single_point,297,7430,82.86,9.879291472570287,65.0,100.0,100,50
leadingones,single_point,299,7480,83.28,9.765326415435378,66.0,100.0,100,50
leadingones,single_point,302,7555,83.86,9.840752003785077,67.0,100.0,100,50
leadingones,single_point,304,7605,84.28,9.709871265881953,67.0,100.0,100,50
leadingones,single_point,306,7655,84.42,9.732604995580576,67.0,100.0,100,50
leadingones,single_point,308,7705,84.82,9.70090717407398,67.0,100.0,100,50
leadingones,single_point,310,7755,85.14,9.685060660625723,67.0,100.0,100,50
leadingones,single_point,312,7805,85.5,9.436630754670864,68.0,100.0,100,50
leadingones,single_point,314,7855,85.86,9.325256028656801,70.0,100.0,100,50
leadingones,single_point,316,7905,86.24,9.04778425914323,70.0,100.0,100,50
leadingones,single_point,318,7955,86.34,8.970195092638733,70.0,100.0,100,50
leadingones,single_point,321,8030,86.66,8.896313843384798,70.0,100.0,100,50
leadingones,single_point,323,8080,87.06,8.785009960153717,70.0,100.0,100,50
leadingones,single_point,325,8130,87.52,8.78234592805362,70.0,100.0,100,50
leadingones,single_point,327,8180,88.0,8.888194417315589,70.0,100.0,100,50
leadingones,single_point,329,8230,88.26,8.86072231818603,70.0,100.0,100,50
leadingones,single_point,331,8280,88.42,8.75234825632527,71.0,100.0,100,50
leadingones,single_point,333,8330,88.82,8.687208987931625,71.0,100.0,100,50
leadingones,single_point,335,8380,89.16,8.626378150765245,71.0,100.0,100,50
leadingones,single_point,337,8430,89.38,8.620649627493279,71.0,100.0,100,50
leadingones,single_point,340,8505,89.92,8.4471060133042,71.0,100.0,100,50
leadingones,single_point,342,8555,90.32,8.305275431916753,74.0,100.0,100,50
leadingones,single_point,344,8605,90.5,8.195730595865143,74.0,100.0,100,50
leadingones,single_point,346,8655,90.76,8.066126703691184,74.0,100.0,100,50
leadingones,single_point,348,8705,91.02,7.976189566453395,74.0,100.0,100,50
leadingones,single_point,350,8755,91.32,7.890348534760679,74.0,100.0,100,50
leadingones,single_point,352,8805,91.52,7.9353386821231515,74.0,100.0,100,50
leadingones,single_point,354,8855,91.66,7.706127432115304,76.0,100.0,100,50
leadingones,single_point,357,8930,92.12,7.59378693406656,76.0,100.0,100,50
leadingones,single_point,359,8980,92.38,7.512363143512166,78.0,100.0,100,50
leadingones,single_point,361,9030,92.5,7.446475676452586,78.0,100.0,100,50
leadingones,single_point,363,9080,92.62,7.367197567596515,79.0,100.0,100,50
leadingones,single_point,365,9130,92.86,7.421617074465646,79.0,100.0,100,50
leadingones,single_point,367,9180,93.2,7.238784428341543,79.0,100.0,100,50
leadingones,single_point,369,9230,93.44,7.116628415197748,79.0,100.0,100,50
leadingones,single_point,371,9280,93.56,7.020427337420422,79.0,100.0,100,50
leadingones,single_point,373,9330,93.8,6.933974329343886,79.0,100.0,100,50
leadingones,single_point,376,9405,94.1,6.95197813575388,79.0,100.0,100,50
leadingones,single_point,378,9455,94.34,6.710022354657249,80.0,100.0,100,50
leadingones,single_point,380,9505,94.78,6.296951643454157,80.0,100.0,100,50
leadingones,single_point,382,9555,94.92,6.1768600437439085,80.0,100.0,100,50
leadingones,single_point,384,9605,95.18,6.173135345997202,80.0,100.0,100,50
leadingones,single_point,386,9655,95.38,5.925841712364582,80.0,100.0,100,50
leadingones,single_point,388,9705,95.66,5.612878049628373,81.0,100.0,100,50
leadingones,single_point,390,9755,96.04,5.351485774997444,81.0,100.0,100,50
leadingones,single_point,392,9805,96.22,5.330253277284298,81.0,100.0,100,50
leadingones,single_point,395,9880,96.58,5.091522365658428,84.0,100.0,100,50
leadingones,single_point,397,9930,96.7,5.084289527554465,84.0,100.0,100,50
leadingones,single_point,399,9980,96.9,4.960846701924985,84.0,100.0,100,50
leadingones,single_point,401,10030,96.96,4.8824583971601845,84.0,100.0,100,50
leadingones,single_point,403,10080,97.14,4.711730043200692,85.0,100.0,100,50
leadingones,single_point,405,10130,97.28,4.507948535642349,86.0,100.0,100,50
leadingones,single_point,407,10180,97.38,4.362980632549267,86.0,100.0,100,50
leadingones,single_point,409,10230,97.52,4.177271836976856,86.0,100.0,100,50
leadingones,single_point,411,10280,97.68,3.96706440582958,86.0,100.0,100,50
leadingones,single_point,414,10355,97.78,3.8485841552446267,86.0,100.0,100,50
leadingones,single_point,416,10405,98.02,3.6523417145716253,86.0,100.0,100,50
leadingones,single_point,418,10455,98.16,3.384434960226005,87.0,100.0,100,50
leadingones,single_point,420,10505,98.34,3.326319287140066,87.0,100.0,100,50
leadingones,single_point,422,10555,98.36,3.2909573075322625,87.0,100.0,100,50
leadingones,single_point,424,10605,98.4,3.2310988842807022,88.0,100.0,100,50
leadingones,single_point,426,10655,98.46,3.1509363687640537,88.0,100.0,100,50
leadingones,single_point,428,10705,98.6,2.9461839725312475,89.0,100.0,100,50
leadingones,single_point,430,10755,98.68,2.803141095271517,89.0,100.0,100,50
leadingones,single_point,433,10830,98.7,2.7946377224964243,89.0,100.0,100,50
leadingones,single_point,435,10880,98.76,2.8039971469315015,89.0,100.0,100,50
leadingones,single_point,437,10930,98.82,2.6958486604407152,90.0,100.0,100,50
leadingones,single_point,439,10980,98.82,2.6958486604407152,90.0,100.0,100,50
leadingones,single_point,441,11030,98.86,2.6982216365599023,90.0,100.0,100,50
leadingones,single_point,443,11080,98.98,2.5099003964301048,90.0,100.0,100,50
leadingones,single_point,445,11130,99.0,2.4657656011875906,90.0,100.0,100,50
leadingones,single_point,447,11180,99.06,2.4282503989498285,90.0,100.0,100,50
leadingones,single_point,449,11230,99.14,2.323876072427271,91.0,100.0,100,50
leadingones,single_point,452,11305,99.18,2.1971800108320667,92.0,100.0,100,50
leadingones,single_point,454,11355,99.24,2.025438224187546,92.0,100.0,100,50
leadingones,single_point,456,11405,99.32,1.8914544668059021,92.0,100.0,100,50
leadingones,single_point,458,11455,99.32,1.8914544668059021,92.0,100.0,100,50
leadingones,single_point,460,11505,99.32,1.8914544668059021,92.0,100.0,100,50
leadingones,single_point,462,11555,99.32,1.8914544668059021,92.0,100.0,100,50
leadingones,single_point,464,11605,99.32,1.8914544668059021,92.0,100.0,100,50
leadingones,single_point,466,11655,99.32,1.8914544668059021,92.0,100.0,100,50
leadingones,single_point,468,11705,99.38,1.765106229097841,92.0,100.0,100,50
leadingones,single_point,471,11780,99.4,1.7435595774162693,92.0,100.0,100,50
leadingones,single_point,473,11830,99.44,1.614434885648845,92.0,100.0,100,50
leadingones,single_point,475,11880,99.46,1.6026228502052504,92.0,100.0,100,50
leadingones,single_point,477,11930,99.54,1.41718029904455,92.0,100.0,100,50
leadingones,single_point,479,11980,99.58,1.4012851244482687,92.0,100.0,100,50
leadingones,single_point,481,12030,99.58,1.4012851244482687,92.0,100.0,100,50
leadingones,single_point,483,12080,99.6,1.3711309200802089,92.0,100.0,100,50
leadingones,single_point,485,12130,99.6,1.3711309200802089,92.0,100.0,100,50
leadingones,single_point,487,12180,99.64,1.3529227620230209,92.0,100.0,100,50
leadingones,single_point,490,12255,99.68,1.3332666649999165,92.0,100.0,100,50
leadingones,single_point,492,12305,99.72,1.2172099243762353,92.0,100.0,100,50
leadingones,single_point,494,12355,99.74,1.091970695577496,93.0,100.0,100,50
leadingones,single_point,496,12405,99.74,1.091970695577496,93.0,100.0,100,50
leadingones,single_point,498,12455,99.74,1.091970695577496,93.0,100.0,100,50
leadingones,single_point,500,12505,99.78,1.063766891757776,93.0,100.0,100,50
leadingones,single_point,502,12555,99.82,0.8874683092933516,94.0,100.0,100,50
leadingones,single_point,504,12605,99.84,0.8799999999999998,94.0,100.0,100,50
leadingones,single_point,506,12655,99.84,0.8799999999999998,94.0,100.0,100,50
leadingones,single_point,509,12730,99.86,0.748598690888516,95.0,100.0,100,50
leadingones,single_point,511,12780,99.86,0.748598690888516,95.0,100.0,100,50
leadingones,single_point,513,12830,99.9,0.7,95.0,100.0,100,50
leadingones,single_point,515,12880,99.9,0.7,95.0,100.0,100,50
leadingones,single_point,517,12930,99.9,0.7,95.0,100.0,100,50
leadingones,single_point,519,12980,99.9,0.7,95.0,100.0,100,50
leadingones,single_point,521,13030,99.9,0.7,95.0,100.0,100,50
leadingones,single_point,523,13080,99.92,0.5599999999999999,96.0,100.0,100,50
leadingones,single_point,526,13155,100.0,0.0,100.0,100.0,100,50
leadingones,two_point,0,5,2.82,1.6815469068687914,0.0,7.0,100,50
leadingones,two_point,2,55,3.74,2.2521989254948154,0.0,10.0,100,50
leadingones,two_point,4,105,4.56,2.42619042945932,0.0,11.0,100,50
leadingones,two_point,6,155,5.24,2.9702525145179157,0.0,16.0,100,50
leadingones,two_point,8,205,6.08,3.051819129633996,0.0,16.0,100,50
leadingones,two_point,10,255,6.92,3.1675858315126995,1.0,16.0,100,50
leadingones,two_point,12,305,7.68,3.4084600628436297,1.0,16.0,100,50
leadingones,two_point,14,355,8.28,3.5442347552045703,1.0,16.0,100,50
leadingones,two_point,17,430,9.56,3.8165953414005,1.0,21.0,100,50
leadingones,two_point,19,480,10.34,4.198142446368394,2.0,21.0,100,50
leadingones,two_point,21,530,11.16,4.451336877837938,2.0,25.0,100,50
leadingones,two_point,23,580,11.74,4.715124600686603,2.0,29.0,100,50
leadingones,two_point,25,630,12.94,5.190028901653632,2.0,30.0,100,50
leadingones,two_point,27,680,13.46,5.11941402896855,2.0,30.0,100,50
leadingones,two_point,29,730,14.3,5.470831746635972,2.0,31.0,100,50
leadingones,two_point,32,805,15.22,5.6188610945635595,4.0,31.0,100,50
leadingones,two_point,34,855,16.04,5.488023323565598,4.0,31.0,100,50
leadingones,two_point,36,905,17.14,5.87880940327206,5.0,31.0,100,50
leadingones,two_point,38,955,17.74,6.082137782063145,5.0,33.0,100,50
leadingones,two_point,40,1005,18.66,6.159902596632515,5.0,35.0,100,50
leadingones,two_point,42,1055,19.5,6.47533782902483,7.0,37.0,100,50
leadingones,two_point,44,1105,20.02,6.649781951312389,7.0,37.0,100,50
leadingones,two_point,47,1180,20.6,6.6663333249995835,7.0,37.0,100,50
leadingones,two_point,49,1230,20.86,6.551366269718096,7.0,37.0,100,50
leadingones,two_point,51,1280,21.5,6.694027188471825,7.0,39.0,100,50
leadingones,two_point,53,1330,22.16,6.877092408860012,7.0,40.0,100,50
leadingones,two_point,55,1380,22.76,6.984439848692234,7.0,40.0,100,50
leadingones,two_point,57,1430,23.3,7.211795892841118,7.0,41.0,100,50
leadingones,two_point,59,1480,23.76,7.184872998181666,7.0,41.0,100,50
leadingones,two_point,62,1555,24.44,7.189325420371511,9.0,43.0,100,50
leadingones,two_point,64,1605,24.98,7.229080162786964,9.0,43.0,100,50
leadingones,two_point,66,1655,25.9,7.119691004531025,12.0,43.0,100,50
leadingones,two_point,68,1705,26.76,7.390696854830401,12.0,47.0,100,50
leadingones,two_point,70,1755,27.36,7.482673319075209,12.0,47.0,100,50
leadingones,two_point,72,1805,28.1,7.395268757793729,13.0,47.0,100,50
leadingones,two_point,74,1855,28.56,7.624067156052601,13.0,47.0,100,50
leadingones,two_point,77,1930,29.34,7.538196070678979,15.0,47.0,100,50
leadingones,two_point,79,1980,29.76,7.487482888127357,15.0,47.0,100,50
leadingones,two_point,81,2030,30.58,7.96514908837242,15.0,47.0,100,50
leadingones,two_point,83,2080,31.42,8.057518228338054,16.0,50.0,100,50
leadingones,two_point,85,2130,31.78,8.239635914286504,16.0,50.0,100,50
leadingones,two_point,87,2180,32.08,8.382935046867535,16.0,50.0,100,50
leadingones,two_point,89,2230,32.82,8.501035231076271,16.0,53.0,100,50
leadingones,two_point,92,2305,33.64,8.60409204971681,16.0,56.0,100,50
leadingones,two_point,94,2355,34.32,8.598697575795999,16.0,56.0,100,50
leadingones,two_point,96,2405,35.26,8.826800099696378,18.0,56.0,100,50
leadingones,two_point,98,2455,35.84,8.6610853823294,20.0,56.0,100,50
leadingones,two_point,100,2505,36.48,8.64,20.0,56.0,100,50
leadingones,two_point,102,2555,36.84,8.556541357347607,20.0,56.0,100,50
leadingones,two_point,104,2605,37.54,8.748051211555634,20.0,57.0,100,50
leadingones,two_point,107,2680,38.76,9.067656808679958,20.0,59.0,100,50
leadingones,two_point,109,2730,39.02,9.096131045669912,21.0,61.0,100,50
leadingones,two_point,111,2780,39.44,9.10199978026807,21.0,64.0,100,50
leadingones,two_point,113,2830,40.76,8.985677492543342,22.0,64.0,100,50
leadingones,two_point,115,2880,41.34,9.261986827889576,23.0,64.0,100,50
leadingones,two_point,117,2930,41.92,9.142953570920065,25.0,64.0,100,50
leadingones,two_point,119,2980,42.42,8.995754554232791,25.0,64.0,100,50
leadingones,two_point,122,3055,43.08,9.13638878332134,25.0,65.0,100,50
leadingones,two_point,124,3105,43.4,9.073036977771004,25.0,65.0,100,50
leadingones,two_point,126,3155,44.0,9.262828941527529,25.0,65.0,100,50
leadingones,two_point,128,3205,44.36,9.339721623260514,25.0,67.0,100,50
leadingones,two_point,130,3255,45.14,9.355233829253013,25.0,67.0,100,50
leadingones,two_point,132,3305,45.48,9.357863003912806,25.0,67.0,100,50
leadingones,two_point,134,3355,46.36,9.626546628983832,25.0,67.0,100,50
leadingones,two_point,136,3405,47.16,9.611160179707756,25.0,67.0,100,50
leadingones,two_point,139,3480,48.02,9.413798383224488,25.0,67.0,100,50
leadingones,two_point,141,3530,48.66,9.418301333043024,25.0,69.0,100,50
leadingones,two_point,143,3580,49.58,9.526993229765623,27.0,71.0,100,50
leadingones,two_point,145,3630,50.08,9.945531659996865,27.0,76.0,100,50
leadingones,two_point,147,3680,50.66,10.572814194905726,27.0,80.0,100,50
leadingones,two_point,149,3730,51.28,10.592525666714241,29.0,80.0,100,50
leadingones,two_point,151,3780,51.78,10.67012652221144,29.0,80.0,100,50
leadingones,two_point,154,3855,52.48,10.885292830236585,29.0,80.0,100,50
leadingones,two_point,156,3905,53.0,11.108555261599053,29.0,84.0,100,50
leadingones,two_point,158,3955,53.4,11.192854863706579,29.0,84.0,100,50
leadingones,two_point,160,4005,54.2,11.173182178770737,30.0,84.0,100,50
leadingones,two_point,162,4055,54.66,11.1312353312649,30.0,84.0,100,50
leadingones,two_point,164,4105,55.18,11.519878471581201,30.0,86.0,100,50
leadingones,two_point,166,4155,55.94,11.41124007284046,30.0,86.0,100,50
leadingones,two_point,169,4230,56.74,11.570324109548531,30.0,86.0,100,50
leadingones,two_point,171,4280,57.04,11.670407019465944,30.0,86.0,100,50
leadingones,two_point,173,4330,57.58,11.740681411229929,30.0,86.0,100,50
leadingones,two_point,175,4380,58.0,11.706408501329518,31.0,86.0,100,50
leadingones,two_point,177,4430,58.56,11.430065616609557,36.0,86.0,100,50
leadingones,two_point,179,4480,59.02,11.026313980655548,37.0,86.0,100,50
leadingones,two_point,181,4530,59.42,10.976502175101137,42.0,89.0,100,50
leadingones,two_point,184,4605,60.28,11.126616736456773,42.0,89.0,100,50
leadingones,two_point,186,4655,60.78,11.148614263665237,43.0,89.0,100,50
leadingones,two_point,188,4705,61.14,10.965418368671576,43.0,89.0,100,50
leadingones,two_point,190,4755,62.0,11.349008767288886,43.0,91.0,100,50
leadingones,two_point,192,4805,62.22,11.303610042813755,43.0,91.0,100,50
leadingones,two_point,194,4855,62.68,11.519444431047878,43.0,95.0,100,50
leadingones,two_point,196,4905,63.24,11.399228044038772,43.0,96.0,100,50
leadingones,two_point,199,4980,64.26,11.304530065420677,44.0,96.0,100,50
leadingones,two_point,201,5030,64.88,11.195784921120984,45.0,96.0,100,50
leadingones,two_point,203,5080,65.3,11.22007130102122,46.0,96.0,100,50
leadingones,two_point,205,5130,65.58,11.157221876435012,46.0,96.0,100,50
leadingones,two_point,207,5180,65.94,11.064194502990265,46.0,96.0,100,50
leadingones,two_point,209,5230,66.44,10.85939224818774,47.0,96.0,100,50
leadingones,two_point,211,5280,66.94,10.700299061241234,47.0,96.0,100,50
leadingones,two_point,214,5355,68.24,10.708053044321362,47.0,96.0,100,50
leadingones,two_point,216,5405,68.56,10.94743805645869,47.0,96.0,100,50
leadingones,two_point,218,5455,69.04,10.823973392428494,47.0,96.0,100,50
leadingones,two_point,220,5505,69.32,10.746980971417042,47.0,96.0,100,50
leadingones,two_point,222,5555,69.8,10.516653460107927,47.0,96.0,100,50
leadingones,two_point,224,5605,70.66,10.273480422914135,49.0,96.0,100,50
leadingones,two_point,226,5655,70.94,10.0566594851372,49.0,96.0,100,50
leadingones,two_point,229,5730,71.44,9.992317048612898,52.0,99.0,100,50
leadingones,two_point,231,5780,71.78,9.976552510762422,52.0,99.0,100,50
leadingones,two_point,233,5830,72.24,10.011113824145642,52.0,99.0,100,50
leadingones,two_point,235,5880,72.56,10.014309761536238,53.0,99.0,100,50
leadingones,two_point,237,5930,72.86,9.933800883851056,53.0,99.0,100,50
leadingones,two_point,239,5980,73.26,9.653621082267524,55.0,99.0,100,50
leadingones,two_point,241,6030,73.88,9.735789644399679,55.0,99.0,100,50
leadingones,two_point,244,6105,74.5,9.871676655968834,55.0,99.0,100,50
leadingones,two_point,246,6155,74.78,9.774026805774579,55.0,100.0,100,50
leadingones,two_point,248,6205,75.42,9.61891885816696,59.0,100.0,100,50
leadingones,two_point,250,6255,75.88,9.698742186489957,59.0,100.0,100,50
leadingones,two_point,252,6305,76.1,9.80866963456309,59.0,100.0,100,50
leadingones,two_point,254,6355,76.4,9.752948272189288,59.0,100.0,100,50
leadingones,two_point,256,6405,76.7,9.775990998359193,59.0,100.0,100,50
leadingones,two_point,259,6480,77.18,9.94925122810757,59.0,100.0,100,50
leadingones,two_point,261,6530,77.46,9.816740803342014,59.0,100.0,100,50
leadingones,two_point,263,6580,77.88,9.811503452580547,59.0,100.0,100,50
leadingones,two_point,265,6630,78.28,9.80212221919315,59.0,100.0,100,50
leadingones,two_point,267,6680,78.7,9.889893831583835,59.0,100.0,100,50
leadingones,two_point,269,6730,79.04,9.680826411004382,59.0,100.0,100,50
leadingones,two_point,271,6780,79.66,9.58876425823474,61.0,100.0,100,50
leadingones,two_point,273,6830,80.08,9.58924397437045,61.0,100.0,100,50
leadingones,two_point,276,6905,80.46,9.425942923654906,61.0,100.0,100,50
leadingones,two_point,278,6955,81.02,9.278987013677733,61.0,100.0,100,50
leadingones,two_point,280,7005,81.38,9.333573806425917,61.0,100.0,100,50
leadingones,two_point,282,7055,81.68,9.2248360419034,65.0,100.0,100,50
leadingones,two_point,284,7105,82.22,9.14175037944047,65.0,100.0,100,50
leadingones,two_point,286,7155,82.54,9.169972737145951,65.0,100.0,100,50
leadingones,two_point,288,7205,82.7,9.130717386930778,65.0,100.0,100,50
leadingones,two_point,291,7280,83.16,9.146277931486667,65.0,100.0,100,50
leadingones,two_point,293,7330,83.44,9.167682367970652,65.0,100.0,100,50
leadingones,two_point,295,7380,83.68,9.02760211794915,66.0,100.0,100,50
leadingones,two_point,297,7430,84.08,8.887834381895289,66.0,100.0,100,50
leadingones,two_point,299,7480,84.46,8.686103844647494,67.0,100.0,100,50
leadingones,two_point,301,7530,84.84,8.65877589500964,67.0,100.0,100,50
leadingones,two_point,303,7580,85.16,8.718623744605567,68.0,100.0,100,50
leadingones,two_point,306,7655,85.44,8.757077137949624,68.0,100.0,100,50
leadingones,two_point,308,7705,85.98,8.721215511613046,68.0,100.0,100,50
leadingones,two_point,310,7755,86.42,8.738626894426837,68.0,100.0,100,50
leadingones,two_point,312,7805,86.72,8.541756259692734,68.0,100.0,100,50
leadingones,two_point,314,7855,87.1,8.455175929571187,68.0,100.0,100,50
leadingones,two_point,316,7905,87.44,8.369372736352467,68.0,100.0,100,50
leadingones,two_point,318,7955,87.56,8.369372736352469,68.0,100.0,100,50
leadingones,two_point,321,8030,88.0,8.304215796810677,68.0,100.0,100,50
leadingones,two_point,323,8080,88.32,8.20351144327842,68.0,100.0,100,50
leadingones,two_point,325,8130,88.62,8.22651809698368,69.0,100.0,100,50
leadingones,two_point,327,8180,88.9,8.12465383877984,72.0,100.0,100,50
leadingones,two_point,329,8230,89.1,8.12465383877984,72.0,100.0,100,50
leadingones,two_point,331,8280,89.5,8.085171612278865,72.0,100.0,100,50
leadingones,two_point,333,8330,89.84,7.96331589226498,72.0,100.0,100,50
leadingones,two_point,336,8405,90.34,8.006522341191586,72.0,100.0,100,50
leadingones,two_point,338,8455,90.6,7.994998436522675,72.0,100.0,100,50
leadingones,two_point,340,8505,90.98,7.94352566559711,72.0,100.0,100,50
leadingones,two_point,342,8555,91.2,7.879086241436883,72.0,100.0,100,50
leadingones,two_point,344,8605,91.44,7.8845672043556085,72.0,100.0,100,50
leadingones,two_point,346,8655,91.64,7.588833902517566,74.0,100.0,100,50
leadingones,two_point,348,8705,92.04,7.501893094412903,74.0,100.0,100,50
leadingones,two_point,351,8780,92.42,7.568593000023188,74.0,100.0,100,50
leadingones,two_point,353,8830,92.54,7.4892189178845605,74.0,100.0,100,50
leadingones,two_point,355,8880,92.88,7.530312078526361,74.0,100.0,100,50
leadingones,two_point,357,8930,93.08,7.348033750602946,74.0,100.0,100,50
leadingones,two_point,359,8980,93.18,7.323086780859557,74.0,100.0,100,50
leadingones,two_point,361,9030,93.3,7.310950690573695,74.0,100.0,100,50
leadingones,two_point,363,9080,93.48,7.362716889844401,74.0,100.0,100,50
leadingones,two_point,366,9155,93.74,7.296053727872349,74.0,100.0,100,50
leadingones,two_point,368,9205,94.06,7.261983200200892,74.0,100.0,100,50
leadingones,two_point,370,9255,94.24,7.165361121395069,74.0,100.0,100,50
leadingones,two_point,372,9305,94.42,7.045821456721707,74.0,100.0,100,50
leadingones,two_point,374,9355,94.66,6.834061749794189,76.0,100.0,100,50
leadingones,two_point,376,9405,94.78,6.821407479398954,76.0,100.0,100,50
leadingones,two_point,378,9455,94.98,6.760147927375555,76.0,100.0,100,50
leadingones,two_point,381,9530,95.32,6.643613474608527,77.0,100.0,100,50
leadingones,two_point,383,9580,95.58,6.729309028421863,77.0,100.0,100,50
leadingones,two_point,385,9630,95.78,6.582674228609525,78.0,100.0,100,50
leadingones,two_point,387,9680,95.94,6.589112231552897,78.0,100.0,100,50
leadingones,two_point,389,9730,96.08,6.4337858217382395,78.0,100.0,100,50
leadingones,two_point,391,9780,96.16,6.319367056913215,78.0,100.0,100,50
leadingones,two_point,393,9830,96.24,6.3421132124868285,78.0,100.0,100,50
leadingones,two_point,396,9905,96.42,6.089630530664401,79.0,100.0,100,50
leadingones,two_point,398,9955,96.56,5.913239382944005,80.0,100.0,100,50
leadingones,two_point,400,10005,96.62,5.891994568904489,80.0,100.0,100,50
leadingones,two_point,402,10055,96.62,5.891994568904489,80.0,100.0,100,50
leadingones,two_point,404,10105,96.68,5.763471176296451,81.0,100.0,100,50
leadingones,two_point,406,10155,96.84,5.6581268985416004,81.0,100.0,100,50
leadingones,two_point,408,10205,96.94,5.533208833940754,81.0,100.0,100,50
leadingones,two_point,410,10255,97.0,5.491812087098392,81.0,100.0,100,50
leadingones,two_point,413,10330,97.02,5.482663586250756,81.0,100.0,100,50
leadingones,two_point,415,10380,97.18,5.34673732289141,82.0,100.0,100,50
leadingones,two_point,417,10430,97.34,5.2558919319179305,82.0,100.0,100,50
leadingones,two_point,419,10480,97.42,5.234844792350581,82.0,100.0,100,50
leadingones,two_point,421,10530,97.52,5.15844937941626,82.0,100.0,100,50
leadingones,two_point,423,10580,97.56,5.056322774507182,82.0,100.0,100,50
leadingones,two_point,425,10630,97.72,4.907300683675293,83.0,100.0,100,50
leadingones,two_point,428,10705,97.88,4.658926915073899,83.0,100.0,100,50
leadingones,two_point,430,10755,97.94,4.627785647585679,83.0,100.0,100,50
leadingones,two_point,432,10805,97.96,4.5649096376598735,83.0,100.0,100,50
leadingones,two_point,434,10855,98.06,4.286770346076403,83.0,100.0,100,50
leadingones,two_point,436,10905,98.18,4.1698441217868085,83.0,100.0,100,50
leadingones,two_point,438,10955,98.24,4.02770406062809,85.0,100.0,100,50
leadingones,two_point,440,11005,98.48,3.8012629480213542,85.0,100.0,100,50
leadingones,two_point,443,11080,98.56,3.683259426106176,85.0,100.0,100,50
leadingones,two_point,445,11130,98.64,3.4971988791031032,85.0,100.0,100,50
leadingones,two_point,447,11180,98.72,3.388450973527579,85.0,100.0,100,50
leadingones,two_point,449,11230,98.72,3.388450973527579,85.0,100.0,100,50
leadingones,two_point,451,11280,98.76,3.391518833797035,85.0,100.0,100,50
leadingones,two_point,453,11330,98.92,3.064898040718484,85.0,100.0,100,50
leadingones,two_point,455,11380,98.92,3.064898040718484,85.0,100.0,100,50
leadingones,two_point,458,11455,98.98,3.0363794229311987,85.0,100.0,100,50
leadingones,two_point,460,11505,99.06,3.0093853192969493,85.0,100.0,100,50
leadingones,two_point,462,11555,99.14,2.7568822970885063,85.0,100.0,100,50
leadingones,two_point,464,11605,99.14,2.7568822970885063,85.0,100.0,100,50
leadingones,two_point,466,11655,99.2,2.6758176320519302,85.0,100.0,100,50
leadingones,two_point,468,11705,99.2,2.6758176320519302,85.0,100.0,100,50
leadingones,two_point,470,11755,99.42,2.298608274587038,85.0,100.0,100,50
leadingones,two_point,473,11830,99.44,2.281753711512266,85.0,100.0,100,50
leadingones,two_point,475,11880,99.44,2.281753711512266,85.0,100.0,100,50
leadingones,two_point,477,11930,99.46,2.2379454863780754,85.0,100.0,100,50
leadingones,two_point,479,11980,99.48,2.238213573366045,85.0,100.0,100,50
leadingones,two_point,481,12030,99.52,2.2292599668948436,85.0,100.0,100,50
leadingones,two_point,483,12080,99.52,2.2292599668948436,85.0,100.0,100,50
leadingones,two_point,485,12130,99.52,2.2292599668948436,85.0,100.0,100,50
leadingones,two_point,488,12205,99.56,1.9713954448562572,87.0,100.0,100,50
leadingones,two_point,490,12255,99.56,1.9713954448562572,87.0,100.0,100,50
leadingones,two_point,492,12305,99.62,1.937937047481161,87.0,100.0,100,50
leadingones,two_point,494,12355,99.68,1.725572368809839,88.0,100.0,100,50
leadingones,two_point,496,12405,99.7,1.7233687939614089,88.0,100.0,100,50
leadingones,two_point,498,12455,99.76,1.6800000000000004,88.0,100.0,100,50
leadingones,two_point,500,12505,99.76,1.6800000000000004,88.0,100.0,100,50
leadingones,two_point,503,12580,99.78,1.54,89.0,100.0,100,50
leadingones,two_point,505,12630,99.78,1.54,89.0,100.0,100,50
leadingones,two_point,507,12680,99.8,1.4000000000000001,90.0,100.0,100,50
leadingones,two_point,509,12730,99.8,1.4000000000000001,90.0,100.0,100,50
leadingones,two_point,511,12780,99.84,1.1199999999999999,92.0,100.0,100,50
leadingones,two_point,513,12830,99.84,1.1199999999999999,92.0,100.0,100,50
leadingones,two_point,515,12880,99.88,0.8400000000000001,94.0,100.0,100,50
leadingones,two_point,518,12955,99.88,0.8400000000000001,94.0,100.0,100,50
leadingones,two_point,520,13005,99.88,0.8400000000000001,94.0,100.0,100,50
leadingones,two_point,522,13055,99.88,0.8400000000000001,94.0,100.0,100,50
leadingones,two_point,524,13105,99.94,0.42000000000000004,97.0,100.0,100,50
leadingones,two_point,526,13155,99.98,0.14,99.0,100.0,100,50
leadingones,two_point,528,13205,99.98,0.14,99.0,100.0,100,50
leadingones,two_point,530,13255,99.98,0.14,99.0,100.0,100,50
leadingones,two_point,533,13330,100.0,0.0,100.0,100.0,100,50
leadingones,three_point,0,5,2.82,1.6815469068687914,0.0,7.0,100,50
leadingones,three_point,2,55,3.9,2.5942243542145698,0.0,10.0,100,50
leadingones,three_point,4,105,4.72,2.5848791074245616,0.0,10.0,100,50
leadingones,three_point,6,155,5.76,2.8394365638274084,0.0,13.0,100,50
leadingones,three_point,9,230,6.94,3.035852433831394,0.0,13.0,100,50
leadingones,three_point,11,280,7.72,3.2437015892341265,1.0,15.0,100,50
leadingones,three_point,13,330,8.48,3.182703253525217,1.0,17.0,100,50
leadingones,three_point,16,405,9.62,3.577093792452191,1.0,17.0,100,50
leadingones,three_point,18,455,10.28,3.677172827050695,1.0,20.0,100,50
leadingones,three_point,20,505,11.08,3.825388869121674,1.0,22.0,100,50
leadingones,three_point,22,555,11.82,4.023381662233897,2.0,22.0,100,50
leadingones,three_point,25,630,13.14,4.204806773206112,2.0,23.0,100,50
leadingones,three_point,27,680,13.68,4.43368920877411,2.0,25.0,100,50
leadingones,three_point,29,730,14.84,4.351367601111172,5.0,25.0,100,50
leadingones,three_point,32,805,15.98,4.868223495280389,5.0,33.0,100,50
leadingones,three_point,34,855,16.86,5.499127203475112,5.0,36.0,100,50
leadingones,three_point,36,905,17.28,5.688725692103636,5.0,38.0,100,50
leadingones,three_point,39,980,18.62,5.638758728656512,7.0,39.0,100,50
leadingones,three_point,41,1030,19.18,5.788574954166181,7.0,39.0,100,50
leadingones,three_point,43,1080,19.64,6.108223964459719,8.0,39.0,100,50
leadingones,three_point,45,1130,20.44,6.325061264525427,8.0,39.0,100,50
leadingones,three_point,48,1205,22.06,5.890365014156592,13.0,39.0,100,50
leadingones,three_point,50,1255,22.76,5.822576749172139,13.0,39.0,100,50
leadingones,three_point,52,1305,23.28,5.90267735862295,13.0,39.0,100,50
leadingones,three_point,55,1380,24.04,6.072758845862397,14.0,39.0,100,50
leadingones,three_point,57,1430,24.82,6.143907551387797,14.0,40.0,100,50
leadingones,three_point,59,1480,25.32,5.981437954204657,14.0,40.0,100,50
leadingones,three_point,62,1555,26.5,6.350590523722971,14.0,43.0,100,50
leadingones,three_point,64,1605,27.1,6.315853069855251,15.0,44.0,100,50
leadingones,three_point,66,1655,27.58,6.203515132567986,16.0,44.0,100,50
leadingones,three_point,68,1705,28.24,6.39862485226318,16.0,44.0,100,50
leadingones,three_point,71,1780,29.18,6.605119226781603,16.0,45.0,100,50
leadingones,three_point,73,1830,29.8,6.737952211169206,16.0,45.0,100,50
leadingones,three_point,75,1880,30.5,6.850547423381579,16.0,45.0,100,50
leadingones,three_point,78,1955,31.62,6.808494694130267,18.0,46.0,100,50
leadingones,three_point,80,2005,32.3,6.759437846448476,18.0,46.0,100,50
leadingones,three_point,82,2055,32.86,6.6753576683201015,18.0,46.0,100,50
leadingones,three_point,84,2105,33.36,6.644576735955421,20.0,46.0,100,50
leadingones,three_point,87,2180,34.38,6.7642885804791035,20.0,47.0,100,50
leadingones,three_point,89,2230,34.98,6.8131930840098756,20.0,47.0,100,50
leadingones,three_point,91,2280,35.74,6.701671433306768,20.0,48.0,100,50
leadingones,three_point,94,2355,36.88,6.656245187791688,21.0,49.0,100,50
leadingones,three_point,96,2405,37.46,6.657957644803698,21.0,51.0,100,50
leadingones,three_point,98,2455,37.8,6.8905732707808856,21.0,52.0,100,50
leadingones,three_point,101,2530,39.02,7.306134408837548,21.0,59.0,100,50
leadingones,three_point,103,2580,39.38,7.491034641489785,21.0,60.0,100,50
leadingones,three_point,105,2630,39.94,7.577361018190964,23.0,63.0,100,50
leadingones,three_point,107,2680,40.28,7.491435109510061,23.0,63.0,100,50
leadingones,three_point,110,2755,40.94,7.3086524065657965,25.0,63.0,100,50
leadingones,three_point,112,2805,41.62,7.2467647954104315,26.0,63.0,100,50
leadingones,three_point,114,2855,42.2,7.247068372797377,26.0,63.0,100,50
leadingones,three_point,117,2930,42.82,7.1517550293616745,26.0,63.0,100,50
leadingones,three_point,119,2980,43.12,7.215649658901131,26.0,63.0,100,50
leadingones,three_point,121,3030,43.56,7.113817540533352,29.0,63.0,100,50
leadingones,three_point,124,3105,44.6,7.389181280764467,29.0,63.0,100,50
leadingones,three_point,126,3155,45.04,7.279999999999999,31.0,63.0,100,50
leadingones,three_point,128,3205,45.5,7.526619427073485,31.0,68.0,100,50
leadingones,three_point,130,3255,45.98,7.548483291363902,31.0,68.0,100,50
leadingones,three_point,133,3330,46.72,7.68905715936616,31.0,68.0,100,50
leadingones,three_point,135,3380,47.7,7.454528824815154,31.0,68.0,100,50
leadingones,three_point,137,3430,48.64,7.60725969058504,35.0,68.0,100,50
leadingones,three_point,140,3505,49.32,7.401189093652452,35.0,68.0,100,50
leadingones,three_point,142,3555,49.7,7.550496672405068,35.0,68.0,100,50
leadingones,three_point,144,3605,50.32,7.460402133933532,35.0,69.0,100,50
leadingones,three_point,147,3680,50.9,7.465252842335616,35.0,69.0,100,50
leadingones,three_point,149,3730,51.52,7.62427701490443,35.0,69.0,100,50
leadingones,three_point,151,3780,52.28,7.647326330162718,36.0,69.0,100,50
leadingones,three_point,153,3830,52.64,7.722072260734162,36.0,69.0,100,50
leadingones,three_point,156,3905,53.66,7.59634122456331,38.0,72.0,100,50
leadingones,three_point,158,3955,54.02,7.847267040186666,38.0,77.0,100,50
leadingones,three_point,160,4005,54.68,7.734183861274569,39.0,77.0,100,50
leadingones,three_point,163,4080,55.42,7.717745784877861,39.0,77.0,100,50
leadingones,three_point,165,4130,56.14,8.423799617749701,39.0,77.0,100,50
leadingones,three_point,167,4180,56.78,8.374461176696682,41.0,78.0,100,50
leadingones,three_point,169,4230,57.44,8.362200667288485,41.0,79.0,100,50
leadingones,three_point,172,4305,58.1,8.488227141164403,42.0,80.0,100,50
leadingones,three_point,174,4355,58.44,8.50214090685399,42.0,80.0,100,50
leadingones,three_point,176,4405,59.32,8.22299215614365,44.0,80.0,100,50
leadingones,three_point,179,4480,60.12,8.147735881826312,46.0,82.0,100,50
leadingones,three_point,181,4530,60.66,8.344123680770798,46.0,83.0,100,50
leadingones,three_point,183,4580,61.14,8.480589602144416,47.0,83.0,100,50
leadingones,three_point,186,4655,61.98,9.10711809520443,47.0,87.0,100,50
leadingones,three_point,188,4705,62.46,8.962611226645949,47.0,87.0,100,50
leadingones,three_point,190,4755,63.1,9.347192091746056,47.0,87.0,100,50
leadingones,three_point,192,4805,63.68,9.131133555041236,48.0,87.0,100,50
leadingones,three_point,195,4880,64.48,9.148202009138188,48.0,89.0,100,50
leadingones,three_point,197,4930,64.8,9.147677300823418,50.0,90.0,100,50
leadingones,three_point,199,4980,65.28,9.092942318083844,50.0,90.0,100,50
leadingones,three_point,202,5055,65.96,8.99991111067215,50.0,90.0,100,50
leadingones,three_point,204,5105,66.48,8.951513838452131,51.0,90.0,100,50
leadingones,three_point,206,5155,66.92,8.763195764103413,51.0,90.0,100,50
leadingones,three_point,209,5230,67.54,8.591181525261819,51.0,90.0,100,50
leadingones,three_point,211,5280,67.72,8.546437854451408,51.0,90.0,100,50
leadingones,three_point,213,5330,68.26,8.73340712437019,51.0,90.0,100,50
leadingones,three_point,215,5380,68.8,8.534635317340747,51.0,90.0,100,50
leadingones,three_point,218,5455,69.5,8.41961994391671,54.0,90.0,100,50
leadingones,three_point,220,5505,70.04,8.323364704252722,57.0,90.0,100,50
leadingones,three_point,222,5555,70.28,8.421496304101783,57.0,90.0,100,50
leadingones,three_point,225,5630,70.92,8.428143330532532,57.0,90.0,100,50
leadingones,three_point,227,5680,71.4,8.883692925805123,57.0,93.0,100,50
leadingones,three_point,229,5730,71.84,8.800818143786406,57.0,94.0,100,50
leadingones,three_point,232,5805,72.4,8.55336191213724,57.0,94.0,100,50
leadingones,three_point,234,5855,73.3,8.391066678319271,59.0,94.0,100,50
leadingones,three_point,236,5905,73.74,8.437558888683386,59.0,94.0,100,50
leadingones,three_point,238,5955,74.44,8.499788232656153,60.0,94.0,100,50
leadingones,three_point,241,6030,75.12,8.60613734494169,60.0,95.0,100,50
leadingones,three_point,243,6080,75.58,8.933286069526712,60.0,97.0,100,50
leadingones,three_point,245,6130,75.84,8.88,61.0,97.0,100,50
leadingones,three_point,248,6205,76.26,9.07261814472537,61.0,99.0,100,50
leadingones,three_point,250,6255,76.5,9.084602357836033,61.0,99.0,100,50
leadingones,three_point,252,6305,76.72,9.282327294380435,61.0,99.0,100,50
leadingones,three_point,254,6355,77.06,9.479261574616453,61.0,99.0,100,50
leadingones,three_point,257,6430,77.36,9.591162598976206,61.0,99.0,100,50
leadingones,three_point,259,6480,77.82,9.735892357662959,61.0,100.0,100,50
leadingones,three_point,261,6530,78.44,9.962248742126448,61.0,100.0,100,50
leadingones,three_point,264,6605,79.12,10.027242891243834,62.0,100.0,100,50
leadingones,three_point,266,6655,79.74,10.19570497807778,62.0,100.0,100,50
leadingones,three_point,268,6705,80.08,10.242734010019005,62.0,100.0,100,50
leadingones,three_point,271,6780,80.68,10.420057581414797,62.0,100.0,100,50
leadingones,three_point,273,6830,80.76,10.323875241400392,62.0,100.0,100,50
leadingones,three_point,275,6880,81.22,10.362026828762797,62.0,100.0,100,50
leadingones,three_point,277,6930,81.74,10.565623502661829,62.0,100.0,100,50
leadingones,three_point,280,7005,82.36,10.700953228568006,62.0,100.0,100,50
leadingones,three_point,282,7055,82.48,10.69437235184936,62.0,100.0,100,50
leadingones,three_point,284,7105,82.8,10.798147989354472,62.0,100.0,100,50
leadingones,three_point,287,7180,83.58,10.859263326763928,62.0,100.0,100,50
leadingones,three_point,289,7230,83.78,10.850419346734945,62.0,100.0,100,50
leadingones,three_point,291,7280,83.96,10.80548009113894,62.0,100.0,100,50
leadingones,three_point,294,7355,84.48,10.549388607876763,64.0,100.0,100,50
leadingones,three_point,296,7405,84.84,10.435247960638023,65.0,100.0,100,50
leadingones,three_point,298,7455,85.52,10.255223059495098,65.0,100.0,100,50
leadingones,three_point,300,7505,85.82,10.197431049043676,65.0,100.0,100,50
leadingones,three_point,303,7580,86.28,10.156849905359437,65.0,100.0,100,50
leadingones,three_point,305,7630,86.66,10.130370180797936,65.0,100.0,100,50
leadingones,three_point,307,7680,87.0,9.969954864491614,66.0,100.0,100,50
leadingones,three_point,310,7755,87.38,9.76297085932351,66.0,100.0,100,50
leadingones,three_point,312,7805,87.68,9.458202789113797,67.0,100.0,100,50
leadingones,three_point,314,7855,87.96,9.284309344264656,68.0,100.0,100,50
leadingones,three_point,317,7930,88.52,9.027159021530528,68.0,100.0,100,50
leadingones,three_point,319,7980,88.76,8.999022169102597,69.0,100.0,100,50
leadingones,three_point,321,8030,89.0,9.042123644365853,69.0,100.0,100,50
leadingones,three_point,323,8080,89.42,8.84327993450394,69.0,100.0,100,50
leadingones,three_point,326,8155,89.9,8.64465152565446,69.0,100.0,100,50
leadingones,three_point,328,8205,90.12,8.575873133389976,69.0,100.0,100,50
leadingones,three_point,330,8255,90.52,8.386274500634952,69.0,100.0,100,50
leadingones,three_point,333,8330,90.74,8.38286347258501,69.0,100.0,100,50
leadingones,three_point,335,8380,90.9,8.407734534343957,69.0,100.0,100,50
leadingones,three_point,337,8430,91.22,8.367293469216913,69.0,100.0,100,50
leadingones,three_point,339,8480,91.5,8.336066218546971,69.0,100.0,100,50
leadingones,three_point,342,8555,92.08,8.064341262620276,69.0,100.0,100,50
leadingones,three_point,344,8605,92.16,7.900278476104497,71.0,100.0,100,50
leadingones,three_point,346,8655,92.64,7.5730046877048744,71.0,100.0,100,50
leadingones,three_point,349,8730,92.88,7.442150226916949,71.0,100.0,100,50
leadingones,three_point,351,8780,93.26,7.331602826121994,71.0,100.0,100,50
leadingones,three_point,353,8830,93.52,7.236684323638831,71.0,100.0,100,50
leadingones,three_point,356,8905,93.94,6.789432966014172,72.0,100.0,100,50
leadingones,three_point,358,8955,94.22,6.549167886075299,72.0,100.0,100,50
leadingones,three_point,360,9005,94.56,6.328222499248901,72.0,100.0,100,50
leadingones,three_point,362,9055,94.8,6.1773780845922,73.0,100.0,100,50
leadingones,three_point,365,9130,95.2,6.193545026880809,73.0,100.0,100,50
leadingones,three_point,367,9180,95.48,6.047280380468562,75.0,100.0,100,50
leadingones,three_point,369,9230,95.58,6.04016556064484,75.0,100.0,100,50
leadingones,three_point,372,9305,95.98,6.031550381120927,75.0,100.0,100,50
leadingones,three_point,374,9355,96.1,5.947268280479703,75.0,100.0,100,50
leadingones,three_point,376,9405,96.2,5.9329587896765315,75.0,100.0,100,50
leadingones,three_point,379,9480,96.4,5.768882040742383,75.0,100.0,100,50
leadingones,three_point,381,9530,96.52,5.738431841539986,76.0,100.0,100,50
leadingones,three_point,383,9580,96.6,5.6956123463592565,76.0,100.0,100,50
leadingones,three_point,385,9630,96.62,5.663532466579493,76.0,100.0,100,50
leadingones,three_point,388,9705,96.84,5.489480849770768,77.0,100.0,100,50
leadingones,three_point,390,9755,97.0,5.280151512977634,77.0,100.0,100,50
leadingones,three_point,392,9805,97.1,5.119570294468081,79.0,100.0,100,50
leadingones,three_point,395,9880,97.22,5.013142726873034,79.0,100.0,100,50
leadingones,three_point,397,9930,97.4,4.886716689148247,79.0,100.0,100,50
leadingones,three_point,399,9980,97.58,4.762730309391873,79.0,100.0,100,50
leadingones,three_point,402,10055,97.8,4.458699361921591,82.0,100.0,100,50
leadingones,three_point,404,10105,97.9,4.446346815083142,82.0,100.0,100,50
leadingones,three_point,406,10155,98.02,4.282475919371877,82.0,100.0,100,50
leadingones,three_point,408,10205,98.14,4.118300620401576,82.0,100.0,100,50
leadingones,three_point,411,10280,98.2,4.113392760240627,82.0,100.0,100,50
leadingones,three_point,413,10330,98.3,4.095119045888653,82.0,100.0,100,50
leadingones,three_point,415,10380,98.38,3.8046813269970454,83.0,100.0,100,50
leadingones,three_point,418,10455,98.42,3.7367900663537417,83.0,100.0,100,50
leadingones,three_point,420,10505,98.58,3.650150681821231,83.0,100.0,100,50
leadingones,three_point,422,10555,98.68,3.495368363992556,83.0,100.0,100,50
leadingones,three_point,424,10605,98.8,3.4928498393145966,83.0,100.0,100,50
leadingones,three_point,427,10680,98.8,3.4928498393145966,83.0,100.0,100,50
leadingones,three_point,429,10730,98.82,3.496798535803858,83.0,100.0,100,50
leadingones,three_point,431,10780,98.84,3.4661794529423893,83.0,100.0,100,50
leadingones,three_point,434,10855,98.92,3.3035738223929547,83.0,100.0,100,50
leadingones,three_point,436,10905,98.94,3.2705351244100713,83.0,100.0,100,50
leadingones,three_point,438,10955,99.0,3.1304951684997055,83.0,100.0,100,50
leadingones,three_point,441,11030,99.04,3.136622387218455,83.0,100.0,100,50
leadingones,three_point,443,11080,99.06,3.133113467463316,83.0,100.0,100,50
leadingones,three_point,445,11130,99.08,3.0973537092169505,83.0,100.0,100,50
leadingones,three_point,447,11180,99.08,3.0973537092169505,83.0,100.0,100,50
leadingones,three_point,450,11255,99.1,3.1,83.0,100.0,100,50
leadingones,three_point,452,11305,99.18,2.991253917673991,83.0,100.0,100,50
leadingones,three_point,454,11355,99.22,2.7805754800040945,85.0,100.0,100,50
leadingones,three_point,457,11430,99.28,2.646053665366596,86.0,100.0,100,50
leadingones,three_point,459,11480,99.34,2.62,86.0,100.0,100,50
leadingones,three_point,461,11530,99.38,2.497118339206214,87.0,100.0,100,50
leadingones,three_point,464,11605,99.38,2.497118339206214,87.0,100.0,100,50
leadingones,three_point,466,11655,99.38,2.497118339206214,87.0,100.0,100,50
leadingones,three_point,468,11705,99.4,2.4,88.0,100.0,100,50
leadingones,three_point,470,11755,99.4,2.4,88.0,100.0,100,50
leadingones,three_point,473,11830,99.42,2.307292785928999,88.0,100.0,100,50
leadingones,three_point,475,11880,99.42,2.307292785928999,88.0,100.0,100,50
leadingones,three_point,477,11930,99.48,2.2824548188299367,88.0,100.0,100,50
leadingones,three_point,480,12005,99.56,2.1648094604375694,88.0,100.0,100,50
leadingones,three_point,482,12055,99.56,2.1648094604375694,88.0,100.0,100,50
leadingones,three_point,484,12105,99.56,2.1648094604375694,88.0,100.0,100,50
leadingones,three_point,487,12180,99.58,2.06,89.0,100.0,100,50
leadingones,three_point,489,12230,99.6,1.9697715603592212,89.0,100.0,100,50
leadingones,three_point,491,12280,99.6,1.9697715603592212,89.0,100.0,100,50
leadingones,three_point,493,12330,99.64,1.7636326148038883,91.0,100.0,100,50
leadingones,three_point,496,12405,99.64,1.7636326148038883,91.0,100.0,100,50
leadingones,three_point,498,12455,99.64,1.7636326148038883,91.0,100.0,100,50
leadingones,three_point,500,12505,99.64,1.7636326148038883,91.0,100.0,100,50
leadingones,three_point,503,12580,99.64,1.7636326148038883,91.0,100.0,100,50
leadingones,three_point,505,12630,99.64,1.7636326148038883,91.0,100.0,100,50
leadingones,three_point,507,12680,99.64,1.7636326148038883,91.0,100.0,100,50
leadingones,three_point,509,12730,99.64,1.7636326148038883,91.0,100.0,100,50
leadingones,three_point,512,12805,99.72,1.4288456879593403,91.0,100.0,100,50
leadingones,three_point,514,12855,99.72,1.4288456879593403,91.0,100.0,100,50
leadingones,three_point,516,12905,99.72,1.4288456879593403,91.0,100.0,100,50
leadingones,three_point,519,12980,99.8,1.264911064067352,91.0,100.0,100,50
leadingones,three_point,521,13030,99.8,1.264911064067352,91.0,100.0,100,50
leadingones,three_point,523,13080,99.8,1.264911064067352,91.0,100.0,100,50
leadingones,three_point,526,13155,99.8,1.264911064067352,91.0,100.0,100,50
leadingones,three_point,528,13205,99.8,1.264911064067352,91.0,100.0,100,50
leadingones,three_point,530,13255,99.82,1.1258774356030057,92.0,100.0,100,50
leadingones,three_point,532,13305,99.82,1.1258774356030057,92.0,100.0,100,50
leadingones,three_point,535,13380,99.82,1.1258774356030057,92.0,100.0,100,50
leadingones,three_point,537,13430,99.82,1.1258774356030057,92.0,100.0,100,50
leadingones,three_point,539,13480,99.82,1.1258774356030057,92.0,100.0,100,50
leadingones,three_point,542,13555,99.84,0.9871170143402451,93.0,100.0,100,50
leadingones,three_point,544,13605,99.84,0.9871170143402451,93.0,100.0,100,50
leadingones,three_point,546,13655,99.86,0.9799999999999998,93.0,100.0,100,50
leadingones,three_point,549,13730,99.86,0.9799999999999998,93.0,100.0,100,50
leadingones,three_point,551,13780,99.86,0.9799999999999998,93.0,100.0,100,50
leadingones,three_point,553,13830,99.88,0.8400000000000001,94.0,100.0,100,50
leadingones,three_point,555,13880,99.88,0.8400000000000001,94.0,100.0,100,50
leadingones,three_point,558,13955,99.88,0.8400000000000001,94.0,100.0,100,50
leadingones,three_point,560,14005,99.88,0.8400000000000001,94.0,100.0,100,50
leadingones,three_point,562,14055,99.88,0.8400000000000001,94.0,100.0,100,50
leadingones,three_point,565,14130,99.88,0.8400000000000001,94.0,100.0,100,50
leadingones,three_point,567,14180,99.88,0.8400000000000001,94.0,100.0,100,50
leadingones,three_point,569,14230,99.98,0.14,99.0,100.0,100,50
leadingones,three_point,572,14305,100.0,0.0,100.0,100.0,100,50
leadingones,four_point,0,5,2.82,1.6815469068687914,0.0,7.0,100,50
leadingones,four_point,2,55,3.86,2.289191997190275,0.0,10.0,100,50
leadingones,four_point,4,105,4.68,2.395328787452779,0.0,10.0,100,50
leadingones,four_point,6,155,5.12,2.5348767228407776,1.0,10.0,100,50
leadingones,four_point,8,205,5.76,2.6499811320083015,1.0,11.0,100,50
leadingones,four_point,11,280,7.08,3.1738935079803796,2.0,15.0,100,50
leadingones,four_point,13,330,8.02,3.30145422503478,2.0,15.0,100,50
leadingones,four_point,15,380,8.94,3.673744683561992,2.0,16.0,100,50
leadingones,four_point,17,430,9.48,3.780158726826163,2.0,17.0,100,50
leadingones,four_point,19,480,10.22,4.220379129888688,2.0,18.0,100,50
leadingones,four_point,22,555,11.76,4.839669410197353,2.0,22.0,100,50
leadingones,four_point,24,605,12.34,5.006435857973215,2.0,24.0,100,50
leadingones,four_point,26,655,13.16,5.496762683616603,3.0,25.0,100,50
leadingones,four_point,28,705,13.68,5.453219232710161,3.0,25.0,100,50
leadingones,four_point,30,755,14.24,5.248085365159374,4.0,26.0,100,50
leadingones,four_point,33,830,15.26,5.5814335076214965,4.0,30.0,100,50
leadingones,four_point,35,880,15.88,5.5592805289893406,4.0,31.0,100,50
leadingones,four_point,37,930,16.44,5.852042378520511,4.0,33.0,100,50
leadingones,four_point,39,980,16.88,5.918242982507562,4.0,36.0,100,50
leadingones,four_point,41,1030,17.48,5.957314831364883,4.0,36.0,100,50
leadingones,four_point,44,1105,18.44,5.906471027610311,6.0,36.0,100,50
leadingones,four_point,46,1155,19.22,6.090287349542713,6.0,36.0,100,50
leadingones,four_point,48,1205,19.78,6.4165099547962985,6.0,38.0,100,50
leadingones,four_point,50,1255,20.26,6.4677971520448905,6.0,38.0,100,50
leadingones,four_point,52,1305,21.0,6.5360538553472765,7.0,38.0,100,50
leadingones,four_point,55,1380,21.6,6.802940540677979,7.0,38.0,100,50
leadingones,four_point,57,1430,22.32,6.98982117081689,7.0,38.0,100,50
leadingones,four_point,59,1480,23.58,7.17520731407811,7.0,38.0,100,50
leadingones,four_point,61,1530,24.04,7.219307446008931,7.0,38.0,100,50
leadingones,four_point,63,1580,25.12,7.76051544679862,8.0,41.0,100,50
leadingones,four_point,66,1655,25.94,7.772798723754527,8.0,43.0,100,50
leadingones,four_point,68,1705,26.66,7.734623455605321,9.0,43.0,100,50
leadingones,four_point,70,1755,27.48,7.838979525422936,11.0,43.0,100,50
leadingones,four_point,72,1805,27.82,7.814576124141347,11.0,43.0,100,50
leadingones,four_point,74,1855,28.32,7.598526172883791,13.0,43.0,100,50
leadingones,four_point,77,1930,29.36,7.522659104332723,13.0,44.0,100,50
leadingones,four_point,79,1980,30.22,7.349258465995057,13.0,44.0,100,50
leadingones,four_point,81,2030,30.76,7.506157472368935,13.0,48.0,100,50
leadingones,four_point,83,2080,31.34,7.325598951621635,13.0,48.0,100,50
leadingones,four_point,85,2130,31.84,7.300301363642463,13.0,48.0,100,50
leadingones,four_point,88,2205,32.54,7.555686600170761,13.0,48.0,100,50
leadingones,four_point,90,2255,33.26,7.742893515992584,14.0,48.0,100,50
leadingones,four_point,92,2305,33.88,7.788812489718828,14.0,48.0,100,50
leadingones,four_point,94,2355,34.68,7.653600459914275,14.0,49.0,100,50
leadingones,four_point,96,2405,35.22,7.762190412505995,14.0,49.0,100,50
leadingones,four_point,99,2480,36.56,7.8845672043556085,16.0,49.0,100,50
leadingones,four_point,101,2530,37.44,7.864248215818217,18.0,50.0,100,50
leadingones,four_point,103,2580,38.26,8.103850936437565,18.0,53.0,100,50
leadingones,four_point,105,2630,38.94,7.986012772341402,19.0,54.0,100,50
leadingones,four_point,107,2680,39.6,7.989993742175272,19.0,54.0,100,50
leadingones,four_point,110,2755,40.72,7.704647947829932,19.0,54.0,100,50
leadingones,four_point,112,2805,41.24,7.976365086930262,19.0,61.0,100,50
leadingones,four_point,114,2855,41.86,7.758891673428622,21.0,61.0,100,50
leadingones,four_point,116,2905,42.9,8.205485969764375,21.0,61.0,100,50
leadingones,four_point,118,2955,43.44,7.992896846575714,24.0,61.0,100,50
leadingones,four_point,121,3030,44.16,7.67687436395829,25.0,62.0,100,50
leadingones,four_point,123,3080,44.72,7.636857992656403,25.0,62.0,100,50
leadingones,four_point,125,3130,45.36,7.729838290675944,25.0,64.0,100,50
leadingones,four_point,127,3180,46.1,7.558438992278763,26.0,64.0,100,50
leadingones,four_point,129,3230,46.8,7.896834808959853,26.0,64.0,100,50
leadingones,four_point,132,3305,47.76,7.837244413695417,27.0,65.0,100,50
leadingones,four_point,134,3355,48.68,8.075741452027795,27.0,65.0,100,50
leadingones,four_point,136,3405,49.32,8.10540560366969,27.0,65.0,100,50
leadingones,four_point,138,3455,49.78,8.114899876153741,27.0,65.0,100,50
leadingones,four_point,140,3505,50.14,8.1731511670836,29.0,66.0,100,50
leadingones,four_point,143,3580,50.58,8.188015632618198,29.0,67.0,100,50
leadingones,four_point,145,3630,51.12,8.206436498261594,30.0,69.0,100,50
leadingones,four_point,147,3680,52.04,8.555606349055571,30.0,71.0,100,50
leadingones,four_point,149,3730,52.6,8.843076387773658,30.0,71.0,100,50
leadingones,four_point,151,3780,53.04,9.070744181157353,30.0,72.0,100,50
leadingones,four_point,154,3855,53.62,9.079405266866326,30.0,72.0,100,50
leadingones,four_point,156,3905,54.0,8.924124606929242,31.0,72.0,100,50
leadingones,four_point,158,3955,54.38,9.013079384982694,31.0,73.0,100,50
leadingones,four_point,160,4005,55.18,8.92791128988186,34.0,73.0,100,50
leadingones,four_point,162,4055,55.7,8.902246907382429,34.0,74.0,100,50
leadingones,four_point,165,4130,56.44,8.614313669701144,37.0,74.0,100,50
leadingones,four_point,167,4180,56.7,8.770974860299168,37.0,74.0,100,50
leadingones,four_point,169,4230,57.04,8.797636046120571,37.0,74.0,100,50
leadingones,four_point,171,4280,57.5,8.697700845625814,38.0,74.0,100,50
leadingones,four_point,173,4330,57.86,8.892716120511214,38.0,74.0,100,50
leadingones,four_point,176,4405,58.7,9.276313923105448,38.0,77.0,100,50
leadingones,four_point,178,4455,59.18,9.26215957539061,38.0,77.0,100,50
leadingones,four_point,180,4505,59.82,9.437563244821197,38.0,83.0,100,50
leadingones,four_point,182,4555,60.1,9.355746896961247,38.0,83.0,100,50
leadingones,four_point,184,4605,60.5,9.325770745627409,38.0,83.0,100,50
leadingones,four_point,187,4680,61.58,9.457462661834834,42.0,88.0,100,50
leadingones,four_point,189,4730,62.14,9.16953652045729,42.0,88.0,100,50
leadingones,four_point,191,4780,62.66,9.365062733372373,42.0,88.0,100,50
leadingones,four_point,193,4830,63.54,9.619168363221428,44.0,88.0,100,50
leadingones,four_point,195,4880,63.86,9.572899247354481,44.0,88.0,100,50
leadingones,four_point,198,4955,64.44,9.43644000669744,44.0,88.0,100,50
leadingones,four_point,200,5005,64.8,9.455157322858252,44.0,88.0,100,50
leadingones,four_point,202,5055,65.4,9.23688259100439,44.0,88.0,100,50
leadingones,four_point,204,5105,66.18,9.019290437722914,44.0,88.0,100,50
leadingones,four_point,206,5155,66.48,8.917936981163301,44.0,88.0,100,50
leadingones,four_point,209,5230,67.14,8.811379006716258,44.0,88.0,100,50
leadingones,four_point,211,5280,67.68,8.853112447043694,44.0,88.0,100,50
leadingones,four_point,213,5330,68.22,8.82108836822305,44.0,88.0,100,50
leadingones,four_point,215,5380,68.58,8.899640442175178,46.0,89.0,100,50
leadingones,four_point,217,5430,69.06,9.148573659319796,46.0,89.0,100,50
leadingones,four_point,220,5505,69.68,9.48565232337766,46.0,94.0,100,50
leadingones,four_point,222,5555,70.36,9.471557422092737,46.0,94.0,100,50
leadingones,four_point,224,5605,70.96,9.39352968803527,46.0,95.0,100,50
leadingones,four_point,226,5655,71.18,9.333145236199853,46.0,95.0,100,50
leadingones,four_point,228,5705,71.34,9.270620259723728,46.0,95.0,100,50
leadingones,four_point,231,5780,71.68,9.257299822302397,47.0,95.0,100,50
leadingones,four_point,233,5830,72.2,9.348796714016194,47.0,95.0,100,50
leadingones,four_point,235,5880,72.62,9.077202212135631,52.0,95.0,100,50
leadingones,four_point,237,5930,72.88,8.783256799160549,52.0,95.0,100,50
leadingones,four_point,239,5980,73.44,9.099802195652387,53.0,95.0,100,50
leadingones,four_point,242,6055,73.98,9.29621428324455,53.0,96.0,100,50
leadingones,four_point,244,6105,74.5,9.35147047260483,53.0,96.0,100,50
leadingones,four_point,246,6155,74.92,9.467502310535762,53.0,97.0,100,50
leadingones,four_point,248,6205,75.62,9.501347272887145,53.0,97.0,100,50
leadingones,four_point,250,6255,75.86,9.484745647617547,53.0,97.0,100,50
leadingones,four_point,253,6330,76.4,9.666436778875658,53.0,98.0,100,50
leadingones,four_point,255,6380,77.02,9.82138483107143,53.0,100.0,100,50
leadingones,four_point,257,6430,77.34,9.852126673972478,53.0,100.0,100,50
leadingones,four_point,259,6480,77.88,9.886637446574037,53.0,100.0,100,50
leadingones,four_point,261,6530,78.24,9.864197889336973,53.0,100.0,100,50
leadingones,four_point,264,6605,78.78,9.835222417413853,53.0,100.0,100,50
leadingones,four_point,266,6655,79.12,9.680165287845039,53.0,100.0,100,50
leadingones,four_point,268,6705,79.6,9.793875637356235,53.0,100.0,100,50
leadingones,four_point,270,6755,80.14,9.699505142016267,53.0,100.0,100,50
leadingones,four_point,272,6805,80.4,9.612491872558333,53.0,100.0,100,50
leadingones,four_point,275,6880,80.96,9.676693650209248,53.0,100.0,100,50
leadingones,four_point,277,6930,81.14,9.510015772857582,53.0,100.0,100,50
leadingones,four_point,279,6980,81.58,9.535386725246124,53.0,100.0,100,50
leadingones,four_point,281,7030,82.0,9.535197952848174,53.0,100.0,100,50
leadingones,four_point,283,7080,82.38,9.553826458545288,53.0,100.0,100,50
leadingones,four_point,286,7155,83.0,9.558242516278817,54.0,100.0,100,50
leadingones,four_point,288,7205,83.32,9.41581648079443,55.0,100.0,100,50
leadingones,four_point,290,7255,83.72,9.436185670068177,55.0,100.0,100,50
leadingones,four_point,292,7305,83.96,9.331580787840826,55.0,100.0,100,50
leadingones,four_point,294,7355,84.14,9.258531201005912,55.0,100.0,100,50
leadingones,four_point,297,7430,84.86,8.99335310104079,55.0,100.0,100,50
leadingones,four_point,299,7480,85.2,9.008884503644166,55.0,100.0,100,50
leadingones,four_point,301,7530,85.52,9.191822452593392,55.0,100.0,100,50
leadingones,four_point,303,7580,85.76,9.16637332863985,55.0,100.0,100,50
leadingones,four_point,305,7630,86.12,9.131571606246101,56.0,100.0,100,50
leadingones,four_point,308,7705,86.68,9.104811914586703,56.0,100.0,100,50
leadingones,four_point,310,7755,87.0,9.095053600721657,56.0,100.0,100,50
leadingones,four_point,312,7805,87.26,9.0461262427627,56.0,100.0,100,50
leadingones,four_point,314,7855,87.5,9.06697303403953,56.0,100.0,100,50
leadingones,four_point,316,7905,87.8,9.024411338142782,56.0,100.0,100,50
leadingones,four_point,319,7980,88.38,8.919394598289728,56.0,100.0,100,50
leadingones,four_point,321,8030,88.62,8.824715292857894,56.0,100.0,100,50
leadingones,four_point,323,8080,88.86,8.7109356558294,56.0,100.0,100,50
leadingones,four_point,325,8130,89.12,8.837737266970544,56.0,100.0,100,50
leadingones,four_point,327,8180,89.52,8.558598016030428,58.0,100.0,100,50
leadingones,four_point,330,8255,90.34,8.529032770484587,58.0,100.0,100,50
leadingones,four_point,332,8305,90.72,8.537072097622229,58.0,100.0,100,50
leadingones,four_point,334,8355,91.08,8.583332686084118,58.0,100.0,100,50
leadingones,four_point,336,8405,91.5,8.530533394811838,58.0,100.0,100,50
leadingones,four_point,338,8455,91.84,8.374628349962762,58.0,100.0,100,50
leadingones,four_point,341,8530,92.18,8.361076485716417,58.0,100.0,100,50
leadingones,four_point,343,8580,92.56,8.270816162870505,58.0,100.0,100,50
leadingones,four_point,345,8630,92.88,8.142825062593449,58.0,100.0,100,50
leadingones,four_point,347,8680,93.2,8.087026647662293,58.0,100.0,100,50
leadingones,four_point,349,8730,93.56,7.856615047207035,58.0,100.0,100,50
leadingones,four_point,352,8805,93.76,7.7551531255030675,58.0,100.0,100,50
leadingones,four_point,354,8855,93.88,7.62532622252976,58.0,100.0,100,50
leadingones,four_point,356,8905,94.2,7.696752561957544,58.0,100.0,100,50
leadingones,four_point,358,8955,94.36,7.509354166637768,59.0,100.0,100,50
leadingones,four_point,360,9005,94.74,7.399486468667944,59.0,100.0,100,50
leadingones,four_point,363,9080,95.16,7.31398660102683,59.0,100.0,100,50
leadingones,four_point,365,9130,95.22,7.300109588218522,59.0,100.0,100,50
leadingones,four_point,367,9180,95.44,7.219861494516359,59.0,100.0,100,50
leadingones,four_point,369,9230,95.8,7.147027354082255,59.0,100.0,100,50
leadingones,four_point,371,9280,95.86,7.107770395841442,59.0,100.0,100,50
leadingones,four_point,374,9355,96.0,7.014271166700073,59.0,100.0,100,50
leadingones,four_point,376,9405,96.32,7.015525639608197,59.0,100.0,100,50
leadingones,four_point,378,9455,96.42,6.974496397590295,59.0,100.0,100,50
leadingones,four_point,380,9505,96.42,6.974496397590295,59.0,100.0,100,50
leadingones,four_point,382,9555,96.56,6.9402017261748234,59.0,100.0,100,50
leadingones,four_point,385,9630,96.7,6.882586723027905,59.0,100.0,100,50
leadingones,four_point,387,9680,96.84,6.821612712548257,59.0,100.0,100,50
leadingones,four_point,389,9730,96.86,6.808847185831094,59.0,100.0,100,50
leadingones,four_point,391,9780,97.04,6.642168320661559,60.0,100.0,100,50
leadingones,four_point,393,9830,97.16,6.527970588169037,60.0,100.0,100,50
leadingones,four_point,396,9905,97.26,6.532411499591861,60.0,100.0,100,50
leadingones,four_point,398,9955,97.4,6.20644825967316,62.0,100.0,100,50
leadingones,four_point,400,10005,97.54,5.8556297697173445,65.0,100.0,100,50
leadingones,four_point,402,10055,97.64,5.792270711905651,65.0,100.0,100,50
leadingones,four_point,404,10105,97.7,5.738466694161429,65.0,100.0,100,50
leadingones,four_point,407,10180,97.86,5.340449419290478,68.0,100.0,100,50
leadingones,four_point,409,10230,97.86,5.340449419290478,68.0,100.0,100,50
leadingones,four_point,411,10280,98.0,5.2573757712379665,68.0,100.0,100,50
leadingones,four_point,413,10330,98.1,5.262128846769148,68.0,100.0,100,50
leadingones,four_point,415,10380,98.14,5.230716968064703,68.0,100.0,100,50
leadingones,four_point,418,10455,98.18,5.1212889002671975,69.0,100.0,100,50
leadingones,four_point,420,10505,98.2,5.110772935672255,69.0,100.0,100,50
leadingones,four_point,422,10555,98.26,5.121757510855038,69.0,100.0,100,50
leadingones,four_point,424,10605,98.26,5.121757510855038,69.0,100.0,100,50
leadingones,four_point,426,10655,98.32,5.124217013359211,69.0,100.0,100,50
leadingones,four_point,429,10730,98.36,4.995037537396491,70.0,100.0,100,50
leadingones,four_point,431,10780,98.36,4.995037537396491,70.0,100.0,100,50
leadingones,four_point,433,10830,98.36,4.995037537396491,70.0,100.0,100,50
leadingones,four_point,435,10880,98.46,4.912066774790424,70.0,100.0,100,50
leadingones,four_point,437,10930,98.48,4.904039151556603,70.0,100.0,100,50
leadingones,four_point,440,11005,98.56,4.750410508577127,71.0,100.0,100,50
leadingones,four_point,442,11055,98.64,4.407992740465891,73.0,100.0,100,50
leadingones,four_point,444,11105,98.64,4.407992740465891,73.0,100.0,100,50
leadingones,four_point,446,11155,98.7,4.1677331968349405,75.0,100.0,100,50
leadingones,four_point,448,11205,98.7,4.1677331968349405,75.0,100.0,100,50
leadingones,four_point,451,11280,99.08,3.375440711966365,78.0,100.0,100,50
leadingones,four_point,453,11330,99.08,3.375440711966365,78.0,100.0,100,50
leadingones,four_point,455,11380,99.14,3.181257612957492,79.0,100.0,100,50
leadingones,four_point,457,11430,99.16,3.183457240171446,79.0,100.0,100,50
leadingones,four_point,459,11480,99.16,3.183457240171446,79.0,100.0,100,50
leadingones,four_point,462,11555,99.16,3.183457240171446,79.0,100.0,100,50
leadingones,four_point,464,11605,99.22,3.113133469673281,79.0,100.0,100,50
leadingones,four_point,466,11655,99.24,2.983688991835443,80.0,100.0,100,50
leadingones,four_point,468,11705,99.36,2.951338679311475,80.0,100.0,100,50
leadingones,four_point,470,11755,99.4,2.8142494558940583,81.0,100.0,100,50
leadingones,four_point,473,11830,99.48,2.426849809938802,84.0,100.0,100,50
leadingones,four_point,475,11880,99.58,1.898315042346765,88.0,100.0,100,50
leadingones,four_point,477,11930,99.58,1.898315042346765,88.0,100.0,100,50
leadingones,four_point,479,11980,99.58,1.898315042346765,88.0,100.0,100,50
leadingones,four_point,481,12030,99.6,1.8761663039293717,88.0,100.0,100,50
leadingones,four_point,484,12105,99.62,1.7537388631150306,89.0,100.0,100,50
leadingones,four_point,486,12155,99.62,1.7537388631150306,89.0,100.0,100,50
leadingones,four_point,488,12205,99.62,1.7537388631150306,89.0,100.0,100,50
leadingones,four_point,490,12255,99.62,1.7537388631150306,89.0,100.0,100,50
leadingones,four_point,492,12305,99.66,1.518025032731674,91.0,100.0,100,50
leadingones,four_point,495,12380,99.68,1.5025311976794355,91.0,100.0,100,50
leadingones,four_point,497,12430,99.68,1.5025311976794355,91.0,100.0,100,50
leadingones,four_point,499,12480,99.68,1.5025311976794355,91.0,100.0,100,50
leadingones,four_point,501,12530,99.7,1.4317821063276355,91.0,100.0,100,50
leadingones,four_point,503,12580,99.7,1.4317821063276355,91.0,100.0,100,50
leadingones,four_point,506,12655,99.7,1.4317821063276355,91.0,100.0,100,50
leadingones,four_point,508,12705,99.76,1.087382177525455,94.0,100.0,100,50
leadingones,four_point,510,12755,99.78,1.082404730218785,94.0,100.0,100,50
leadingones,four_point,512,12805,99.78,1.082404730218785,94.0,100.0,100,50
leadingones,four_point,514,12855,99.78,1.082404730218785,94.0,100.0,100,50
leadingones,four_point,517,12930,99.84,0.7838367176906169,96.0,100.0,100,50
leadingones,four_point,519,12980,99.84,0.7838367176906169,96.0,100.0,100,50
leadingones,four_point,521,13030,99.84,0.7838367176906169,96.0,100.0,100,50
leadingones,four_point,523,13080,99.86,0.6931089380465384,96.0,100.0,100,50
leadingones,four_point,525,13130,99.86,0.6931089380465384,96.0,100.0,100,50
leadingones,four_point,528,13205,99.9,0.4999999999999999,97.0,100.0,100,50
leadingones,four_point,530,13255,99.9,0.4999999999999999,97.0,100.0,100,50
leadingones,four_point,532,13305,99.9,0.4999999999999999,97.0,100.0,100,50
leadingones,four_point,534,13355,99.9,0.4999999999999999,97.0,100.0,100,50
leadingones,four_point,536,13405,99.9,0.4999999999999999,97.0,100.0,100,50
leadingones,four_point,539,13480,99.9,0.4999999999999999,97.0,100.0,100,50
leadingones,four_point,541,13530,99.9,0.4999999999999999,97.0,100.0,100,50
leadingones,four_point,543,13580,99.9,0.4999999999999999,97.0,100.0,100,50
leadingones,four_point,545,13630,99.9,0.4999999999999999,97.0,100.0,100,50
leadingones,four_point,548,13705,100.0,0.0,100.0,100.0,100,50
leadingones,uniform,0,5,2.82,1.6815469068687914,0.0,7.0,100,50
leadingones,uniform,2,55,4.42,2.3417087777945405,0.0,9.0,100,50
leadingones,uniform,4,105,5.46,2.7583328298086145,0.0,12.0,100,50
leadingones,uniform,6,155,6.42,3.1374511948395307,1.0,16.0,100,50
leadingones,uniform,8,205,7.3,3.4307433596816885,1.0,17.0,100,50
leadingones,uniform,10,255,8.22,3.5059378203271088,1.0,17.0,100,50
leadingones,uniform,13,330,9.2,3.4292856398964493,1.0,18.0,100,50
leadingones,uniform,15,380,9.78,3.5456452163181806,2.0,18.0,100,50
leadingones,uniform,17,430,10.64,3.7829089336118042,3.0,20.0,100,50
leadingones,uniform,19,480,11.62,3.7517462600767657,4.0,20.0,100,50
leadingones,uniform,21,530,12.28,3.852479720907042,4.0,20.0,100,50
leadingones,uniform,23,580,13.08,4.316665379665188,4.0,23.0,100,50
leadingones,uniform,26,655,13.86,4.266192682005818,6.0,24.0,100,50
leadingones,uniform,28,705,14.46,4.526411382099511,6.0,24.0,100,50
leadingones,uniform,30,755,15.02,4.701021165661776,6.0,27.0,100,50
leadingones,uniform,32,805,15.48,4.809324276860524,6.0,27.0,100,50
leadingones,uniform,34,855,16.18,5.214172992910764,6.0,30.0,100,50
leadingones,uniform,36,905,16.86,5.578566124014307,6.0,36.0,100,50
leadingones,uniform,39,980,18.06,5.601464094323911,8.0,36.0,100,50
leadingones,uniform,41,1030,18.64,5.548909802835148,10.0,36.0,100,50
leadingones,uniform,43,1080,19.48,5.994130462377341,10.0,37.0,100,50
leadingones,uniform,45,1130,20.16,6.18177967902448,10.0,37.0,100,50
leadingones,uniform,47,1180,20.74,6.173524115122578,10.0,37.0,100,50
leadingones,uniform,49,1230,21.54,6.116240675447624,11.0,37.0,100,50
leadingones,uniform,52,1305,22.24,6.201806188522824,11.0,37.0,100,50
leadingones,uniform,54,1355,22.9,6.366317616958802,12.0,39.0,100,50
leadingones,uniform,56,1405,23.46,6.353613145289851,13.0,39.0,100,50
leadingones,uniform,58,1455,24.3,6.567343450741708,14.0,39.0,100,50
leadingones,uniform,60,1505,25.06,6.780589944835183,14.0,39.0,100,50
leadingones,uniform,62,1555,25.5,6.726812023536855,15.0,41.0,100,50
leadingones,uniform,65,1630,26.76,6.592601914267234,15.0,41.0,100,50
leadingones,uniform,67,1680,27.44,6.8648670781013665,15.0,48.0,100,50
leadingones,uniform,69,1730,28.28,7.025781095365837,15.0,49.0,100,50
leadingones,uniform,71,1780,29.06,7.349585022298878,16.0,49.0,100,50
leadingones,uniform,73,1830,29.76,7.447308238551698,17.0,50.0,100,50
leadingones,uniform,75,1880,30.16,7.658616062971168,17.0,53.0,100,50
leadingones,uniform,78,1955,31.14,7.510019973342282,18.0,53.0,100,50
leadingones,uniform,80,2005,31.76,7.317267249458638,19.0,53.0,100,50
leadingones,uniform,82,2055,32.16,7.3467271624853465,19.0,53.0,100,50
leadingones,uniform,84,2105,32.6,7.4565407529229,19.0,53.0,100,50
leadingones,uniform,86,2155,33.28,7.480748625639014,20.0,53.0,100,50
leadingones,uniform,88,2205,33.96,7.753605612874568,20.0,54.0,100,50
leadingones,uniform,91,2280,34.94,7.907995953463811,20.0,54.0,100,50
leadingones,uniform,93,2330,35.48,8.030541700283985,20.0,54.0,100,50
leadingones,uniform,95,2380,36.06,8.068234007513665,20.0,55.0,100,50
leadingones,uniform,97,2430,36.64,8.26984884988837,20.0,55.0,100,50
leadingones,uniform,99,2480,37.28,8.35712869351669,20.0,55.0,100,50
leadingones,uniform,101,2530,38.04,8.233978382288843,20.0,59.0,100,50
leadingones,uniform,104,2605,38.98,8.415438194176225,20.0,59.0,100,50
leadingones,uniform,106,2655,39.6,8.364209466530593,20.0,59.0,100,50
leadingones,uniform,108,2705,40.32,8.56607261234692,20.0,61.0,100,50
leadingones,uniform,110,2755,40.72,8.681105920330658,20.0,62.0,100,50
leadingones,uniform,112,2805,41.22,8.656304061203025,21.0,62.0,100,50
leadingones,uniform,114,2855,42.08,8.601953266555219,21.0,62.0,100,50
leadingones,uniform,117,2930,42.76,8.918654607058174,21.0,63.0,100,50
leadingones,uniform,119,2980,43.18,8.965913227329382,21.0,63.0,100,50
leadingones,uniform,121,3030,43.94,9.02753565487282,22.0,63.0,100,50
leadingones,uniform,123,3080,44.26,9.160371171519197,22.0,63.0,100,50
leadingones,uniform,125,3130,44.72,9.476370613267507,22.0,63.0,100,50
leadingones,uniform,127,3180,45.36,9.50948999684,24.0,65.0,100,50
leadingones,uniform,130,3255,46.22,9.226678709048018,25.0,65.0,100,50
leadingones,uniform,132,3305,46.42,9.260863890588178,25.0,65.0,100,50
leadingones,uniform,134,3355,46.78,9.428234193103181,26.0,67.0,100,50
leadingones,uniform,136,3405,47.48,9.411142332363273,26.0,70.0,100,50
leadingones,uniform,138,3455,48.18,9.62847859217644,26.0,70.0,100,50
leadingones,uniform,140,3505,48.9,9.583840566286565,26.0,70.0,100,50
leadingones,uniform,143,3580,49.64,9.701051489400516,26.0,70.0,100,50
leadingones,uniform,145,3630,50.2,9.797958971132712,27.0,70.0,100,50
leadingones,uniform,147,3680,51.16,9.9082995513862,28.0,70.0,100,50
leadingones,uniform,149,3730,51.62,10.047666395735876,28.0,73.0,100,50
leadingones,uniform,151,3780,52.34,10.065008693488545,29.0,74.0,100,50
leadingones,uniform,153,3830,52.9,9.621330469326994,33.0,74.0,100,50
leadingones,uniform,156,3905,53.7,9.82496819333274,34.0,76.0,100,50
leadingones,uniform,158,3955,53.92,9.684709598124252,34.0,76.0,100,50
leadingones,uniform,160,4005,54.44,9.90587704345254,34.0,83.0,100,50
leadingones,uniform,162,4055,55.0,9.897474425326898,34.0,83.0,100,50
leadingones,uniform,164,4105,55.66,9.78081796170443,34.0,83.0,100,50
leadingones,uniform,166,4155,56.1,9.904039579888602,34.0,83.0,100,50
leadingones,uniform,169,4230,56.82,9.995378932286659,34.0,83.0,100,50
leadingones,uniform,171,4280,57.28,9.857058384731218,34.0,83.0,100,50
leadingones,uniform,173,4330,57.5,9.800510190801292,34.0,83.0,100,50
leadingones,uniform,175,4380,57.98,9.766248000127787,34.0,83.0,100,50
leadingones,uniform,177,4430,58.34,9.471240679024053,38.0,83.0,100,50
leadingones,uniform,180,4505,59.08,9.53695968325336,38.0,83.0,100,50
leadingones,uniform,182,4555,59.64,9.526300436160932,40.0,83.0,100,50
leadingones,uniform,184,4605,60.14,9.73244059832887,40.0,83.0,100,50
leadingones,uniform,186,4655,60.58,9.74492688530807,40.0,83.0,100,50
leadingones,uniform,188,4705,61.04,9.777443428626933,40.0,83.0,100,50
leadingones,uniform,190,4755,61.68,10.050751215705223,41.0,84.0,100,50
leadingones,uniform,193,4830,62.58,10.079861110154246,41.0,84.0,100,50
leadingones,uniform,195,4880,63.12,10.055128044933092,42.0,84.0,100,50
leadingones,uniform,197,4930,63.42,9.915825734652662,42.0,84.0,100,50
leadingones,uniform,199,4980,64.02,9.962911221124076,42.0,84.0,100,50
leadingones,uniform,201,5030,64.22,9.970536595389436,42.0,84.0,100,50
leadingones,uniform,203,5080,64.78,9.794467826278261,42.0,84.0,100,50
leadingones,uniform,206,5155,65.14,9.836686433957324,42.0,86.0,100,50
leadingones,uniform,208,5205,65.64,9.580730661071732,45.0,86.0,100,50
leadingones,uniform,210,5255,66.0,9.651942809610922,45.0,86.0,100,50
leadingones,uniform,212,5305,66.16,9.629870196425287,45.0,86.0,100,50
leadingones,uniform,214,5355,66.56,9.639834023467417,45.0,88.0,100,50
leadingones,uniform,216,5405,67.0,9.781615408509987,45.0,88.0,100,50
leadingones,uniform,219,5480,67.78,9.863650439872652,46.0,88.0,100,50
leadingones,uniform,221,5530,68.28,10.051945085405114,46.0,88.0,100,50
leadingones,uniform,223,5580,68.7,9.893937537704591,48.0,88.0,100,50
leadingones,uniform,225,5630,69.22,9.74944100961691,48.0,88.0,100,50
leadingones,uniform,227,5680,69.66,9.997219613472538,48.0,91.0,100,50
leadingones,uniform,229,5730,70.36,9.876760602545756,50.0,91.0,100,50
leadingones,uniform,232,5805,70.96,9.981903626062516,51.0,92.0,100,50
leadingones,uniform,234,5855,71.46,10.168992083780967,51.0,92.0,100,50
leadingones,uniform,236,5905,71.82,10.267794310366758,51.0,92.0,100,50
leadingones,uniform,238,5955,72.2,10.229369482035537,52.0,93.0,100,50
leadingones,uniform,240,6005,72.66,9.967166096739836,52.0,93.0,100,50
leadingones,uniform,242,6055,73.36,9.826006309788326,52.0,93.0,100,50
leadingones,uniform,245,6130,73.94,10.090411289932636,52.0,93.0,100,50
leadingones,uniform,247,6180,74.54,10.145363473035356,52.0,96.0,100,50
leadingones,uniform,249,6230,74.98,9.914615474137161,53.0,96.0,100,50
leadingones,uniform,251,6280,75.32,9.85178156477294,53.0,96.0,100,50
leadingones,uniform,253,6330,75.88,9.789055112726663,53.0,96.0,100,50
leadingones,uniform,255,6380,76.4,9.746794344808963,54.0,96.0,100,50
leadingones,uniform,258,6455,76.7,9.728823155962905,55.0,96.0,100,50
leadingones,uniform,260,6505,77.08,9.874897467822136,55.0,96.0,100,50
leadingones,uniform,262,6555,77.6,9.82445927265211,57.0,96.0,100,50
leadingones,uniform,264,6605,78.04,9.769257904262739,57.0,96.0,100,50
leadingones,uniform,266,6655,78.3,9.546203433826454,58.0,96.0,100,50
leadingones,uniform,268,6705,78.9,9.387757985802574,58.0,96.0,100,50
leadingones,uniform,271,6780,79.48,9.514704409491657,58.0,96.0,100,50
leadingones,uniform,273,6830,79.98,9.371211234413618,58.0,96.0,100,50
leadingones,uniform,275,6880,80.66,9.298623554053577,58.0,97.0,100,50
leadingones,uniform,277,6930,81.06,9.276658881299882,58.0,97.0,100,50
leadingones,uniform,279,6980,81.46,9.230839615116276,60.0,97.0,100,50
leadingones,uniform,281,7030,81.98,9.085130709021197,61.0,97.0,100,50
leadingones,uniform,284,7105,82.62,9.217136214681869,61.0,99.0,100,50
leadingones,uniform,286,7155,82.98,9.248762079327157,62.0,99.0,100,50
leadingones,uniform,288,7205,83.54,9.141575356578318,63.0,100.0,100,50
leadingones,uniform,290,7255,83.78,9.310832401026236,63.0,100.0,100,50
leadingones,uniform,292,7305,84.14,8.964396242915639,65.0,100.0,100,50
leadingones,uniform,294,7355,84.66,8.873804144784806,65.0,100.0,100,50
leadingones,uniform,297,7430,85.22,9.06926678403497,65.0,100.0,100,50
leadingones,uniform,299,7480,85.44,9.026981776873154,65.0,100.0,100,50
leadingones,uniform,301,7530,85.68,9.005420589844762,65.0,100.0,100,50
leadingones,uniform,303,7580,86.04,8.984341934721764,65.0,100.0,100,50
leadingones,uniform,305,7630,86.52,8.839094976297064,65.0,100.0,100,50
leadingones,uniform,307,7680,86.72,8.711004534495434,67.0,100.0,100,50
leadingones,uniform,310,7755,87.14,8.506491638742732,71.0,100.0,100,50
leadingones,uniform,312,7805,87.64,8.67815648625905,71.0,100.0,100,50
leadingones,uniform,314,7855,87.84,8.727794681361381,71.0,100.0,100,50
leadingones,uniform,316,7905,88.16,8.649531779235222,71.0,100.0,100,50
leadingones,uniform,318,7955,88.42,8.586244813653988,71.0,100.0,100,50
leadingones,uniform,320,8005,88.78,8.61925750862567,71.0,100.0,100,50
leadingones,uniform,323,8080,89.42,8.0326583395536,74.0,100.0,100,50
leadingones,uniform,325,8130,89.86,8.114209758195804,74.0,100.0,100,50
leadingones,uniform,327,8180,89.98,8.048577514070422,74.0,100.0,100,50
leadingones,uniform,329,8230,90.42,7.864070192972594,74.0,100.0,100,50
leadingones,uniform,331,8280,90.84,7.955777774674202,74.0,100.0,100,50
leadingones,uniform,333,8330,91.12,7.9212120284714,74.0,100.0,100,50
leadingones,uniform,336,8405,91.6,7.647221717722064,74.0,100.0,100,50
leadingones,uniform,338,8455,91.84,7.648163178175528,74.0,100.0,100,50
leadingones,uniform,340,8505,92.0,7.54983443527075,74.0,100.0,100,50
leadingones,uniform,342,8555,92.4,7.421590126111789,74.0,100.0,100,50
leadingones,uniform,344,8605,92.66,7.455494618065256,75.0,100.0,100,50
leadingones,uniform,346,8655,92.8,7.370210309075311,75.0,100.0,100,50
leadingones,uniform,349,8730,93.08,7.243866370937554,77.0,100.0,100,50
leadingones,uniform,351,8780,93.26,7.216120841560235,77.0,100.0,100,50
leadingones,uniform,353,8830,93.64,7.1435565371879015,77.0,100.0,100,50
leadingones,uniform,355,8880,93.74,7.1324890466091855,77.0,100.0,100,50
leadingones,uniform,357,8930,93.96,7.062464159201093,77.0,100.0,100,50
leadingones,uniform,360,9005,94.16,6.9465387064350255,77.0,100.0,100,50
leadingones,uniform,362,9055,94.4,6.959885056522127,77.0,100.0,100,50
leadingones,uniform,364,9105,94.68,6.894751627143648,77.0,100.0,100,50
leadingones,uniform,366,9155,94.88,6.801882092479992,77.0,100.0,100,50
leadingones,uniform,368,9205,95.04,6.817506875684102,77.0,100.0,100,50
leadingones,uniform,370,9255,95.16,6.759763309465798,77.0,100.0,100,50
leadingones,uniform,373,9330,95.48,6.741631849930698,78.0,100.0,100,50
leadingones,uniform,375,9380,95.68,6.522085556016571,78.0,100.0,100,50
leadingones,uniform,377,9430,95.78,6.521625564228599,78.0,100.0,100,50
leadingones,uniform,379,9480,96.12,6.348669151877424,78.0,100.0,100,50
leadingones,uniform,381,9530,96.24,6.307329070216647,78.0,100.0,100,50
leadingones,uniform,383,9580,96.34,6.205191374969833,79.0,100.0,100,50
leadingones,uniform,386,9655,96.56,6.138924987324736,79.0,100.0,100,50
leadingones,uniform,388,9705,96.66,6.015347039032744,79.0,100.0,100,50
leadingones,uniform,390,9755,96.86,5.82755523354348,79.0,100.0,100,50
leadingones,uniform,392,9805,96.92,5.81666571155675,79.0,100.0,100,50
leadingones,uniform,394,9855,97.0,5.81033561853358,79.0,100.0,100,50
leadingones,uniform,396,9905,97.06,5.686510353459317,79.0,100.0,100,50
leadingones,uniform,399,9980,97.22,5.474632407751227,79.0,100.0,100,50
leadingones,uniform,401,10030,97.34,5.320187966604188,80.0,100.0,100,50
leadingones,uniform,403,10080,97.38,5.211103529963688,81.0,100.0,100,50
leadingones,uniform,405,10130,97.46,5.212331532049741,81.0,100.0,100,50
leadingones,uniform,407,10180,97.48,5.197076101039891,81.0,100.0,100,50
leadingones,uniform,409,10230,97.6,5.126402247190518,81.0,100.0,100,50
leadingones,uniform,412,10305,97.64,5.046820781442511,81.0,100.0,100,50
leadingones,uniform,414,10355,97.66,5.050188115308181,81.0,100.0,100,50
leadingones,uniform,416,10405,97.68,4.985739664282522,81.0,100.0,100,50
leadingones,uniform,418,10455,97.7,4.992995093127971,81.0,100.0,100,50
leadingones,uniform,420,10505,97.76,4.970150903141675,81.0,100.0,100,50
leadingones,uniform,422,10555,97.96,4.6431024111040236,81.0,100.0,100,50
leadingones,uniform,425,10630,98.18,4.37579707024903,81.0,100.0,100,50
leadingones,uniform,427,10680,98.26,4.339631320746038,81.0,100.0,100,50
leadingones,uniform,429,10730,98.3,4.350861983561418,81.0,100.0,100,50
leadingones,uniform,431,10780,98.36,4.2367912386616355,81.0,100.0,100,50
leadingones,uniform,433,10830,98.38,4.21373943190606,81.0,100.0,100,50
leadingones,uniform,435,10880,98.52,3.961009972216682,81.0,100.0,100,50
leadingones,uniform,438,10955,98.6,3.9344631145812006,81.0,100.0,100,50
leadingones,uniform,440,11005,98.6,3.9344631145812006,81.0,100.0,100,50
leadingones,uniform,442,11055,98.7,3.8535697735995385,81.0,100.0,100,50
leadingones,uniform,444,11105,98.76,3.723224409030431,81.0,100.0,100,50
leadingones,uniform,446,11155,98.76,3.723224409030431,81.0,100.0,100,50
leadingones,uniform,448,11205,98.76,3.723224409030431,81.0,100.0,100,50
leadingones,uniform,451,11280,98.82,3.7131657652197534,81.0,100.0,100,50
leadingones,uniform,453,11330,98.88,3.6476841968569595,81.0,100.0,100,50
leadingones,uniform,455,11380,98.94,3.5575834494780305,81.0,100.0,100,50
leadingones,uniform,457,11430,99.1,3.3181320046074116,82.0,100.0,100,50
leadingones,uniform,459,11480,99.14,3.212537937519182,82.0,100.0,100,50
leadingones,uniform,461,11530,99.18,3.18552978325427,82.0,100.0,100,50
leadingones,uniform,464,11605,99.22,3.0284649576972162,82.0,100.0,100,50
leadingones,uniform,466,11655,99.22,3.0284649576972162,82.0,100.0,100,50
leadingones,uniform,468,11705,99.34,2.753978939643512,82.0,100.0,100,50
leadingones,uniform,470,11755,99.4,2.6229754097208007,83.0,100.0,100,50
leadingones,uniform,472,11805,99.42,2.4987196721521205,84.0,100.0,100,50
leadingones,uniform,474,11855,99.44,2.4426215425235243,84.0,100.0,100,50
leadingones,uniform,477,11930,99.46,2.393407612589214,84.0,100.0,100,50
leadingones,uniform,479,11980,99.5,2.3853720883753127,84.0,100.0,100,50
leadingones,uniform,481,12030,99.54,2.2557482128996584,85.0,100.0,100,50
leadingones,uniform,483,12080,99.56,2.210520300743696,85.0,100.0,100,50
leadingones,uniform,485,12130,99.58,2.079326814139615,86.0,100.0,100,50
leadingones,uniform,487,12180,99.58,2.079326814139615,86.0,100.0,100,50
leadingones,uniform,490,12255,99.58,2.079326814139615,86.0,100.0,100,50
leadingones,uniform,492,12305,99.58,2.079326814139615,86.0,100.0,100,50
leadingones,uniform,494,12355,99.6,2.06881608655772,86.0,100.0,100,50
leadingones,uniform,496,12405,99.64,1.936594949905633,87.0,100.0,100,50
leadingones,uniform,498,12455,99.64,1.936594949905633,87.0,100.0,100,50
leadingones,uniform,500,12505,99.74,1.8199999999999998,87.0,100.0,100,50
leadingones,uniform,503,12580,99.86,0.9799999999999998,93.0,100.0,100,50
leadingones,uniform,505,12630,99.86,0.9799999999999998,93.0,100.0,100,50
leadingones,uniform,507,12680,99.86,0.9799999999999998,93.0,100.0,100,50
leadingones,uniform,509,12730,99.86,0.9799999999999998,93.0,100.0,100,50
leadingones,uniform,511,12780,99.86,0.9799999999999998,93.0,100.0,100,50
leadingones,uniform,513,12830,99.86,0.9799999999999998,93.0,100.0,100,50
leadingones,uniform,516,12905,99.86,0.9799999999999998,93.0,100.0,100,50
leadingones,uniform,518,12955,99.86,0.9799999999999998,93.0,100.0,100,50
leadingones,uniform,520,13005,99.86,0.9799999999999998,93.0,100.0,100,50
leadingones,uniform,522,13055,99.86,0.9799999999999998,93.0,100.0,100,50
leadingones,uniform,524,13105,99.86,0.9799999999999998,93.0,100.0,100,50
leadingones,uniform,526,13155,99.86,0.9799999999999998,93.0,100.0,100,50
leadingones,uniform,529,13230,99.86,0.9799999999999998,93.0,100.0,100,50
leadingones,uniform,531,13280,99.9,0.7,95.0,100.0,100,50
leadingones,uniform,533,13330,99.9,0.7,95.0,100.0,100,50
leadingones,uniform,535,13380,99.9,0.7,95.0,100.0,100,50
leadingones,uniform,537,13430,99.9,0.7,95.0,100.0,100,50
leadingones,uniform,540,13505,100.0,0.0,100.0,100.0,100,50
